timestamp,bytes_sent_per_sec,bytes_recv_per_sec,packets_sent_per_sec,packets_recv_per_sec,total_bytes_per_sec,errors,drops
2026-01-04 10:26:33.790495,701889.5748744957,698513.5456387046,467.92638324966384,465.6756970924697,1400403.1205132003,0,0
2026-01-04 10:26:34.790495,533305.045682621,955497.1942504975,355.5366971217473,636.9981295003316,1488802.2399331185,0,0
2026-01-04 10:26:35.790495,515214.34541797376,757670.3477642402,343.47623027864915,505.11356517616014,1272884.693182214,0,0
2026-01-04 10:26:36.790495,1003010.0843739591,833785.4474878127,668.6733895826394,555.8569649918752,1836795.5318617718,0,0
2026-01-04 10:26:37.790495,453911.0296666728,872142.1888662836,302.60735311111523,581.4281259108558,1326053.2185329564,0,0
2026-01-04 10:26:38.790495,581837.8584014734,1194045.4707810532,387.8919056009822,796.0303138540355,1775883.3291825266,0,0
2026-01-04 10:26:39.790495,538735.9511993362,991821.0799934331,359.15730079955745,661.2140533289554,1530557.0311927693,0,0
2026-01-04 10:26:40.790495,928144.024522708,879274.5052505219,618.7626830151387,586.1830035003479,1807418.52977323,0,0
2026-01-04 10:26:41.790495,2230286.6549479845,4450501.802896539,392.06668661215997,782.3628822564,6680788.457844523,0,0
2026-01-04 10:26:42.790495,763503.4669537687,929669.7405122649,509.0023113025125,619.7798270081765,1693173.2074660335,0,0
2026-01-04 10:26:43.790495,745870.7568681254,854217.0942267267,497.24717124541695,569.4780628178178,1600087.851094852,0,0
2026-01-04 10:26:44.790495,763006.1147185935,622592.3396937634,508.67074314572903,415.0615597958423,1385598.454412357,0,0
2026-01-04 10:26:45.790495,410832.804044827,915191.4604348566,273.8885360298847,610.1276402899044,1326024.2644796835,0,0
2026-01-04 10:26:46.790495,1182147.7157241767,602634.9446262158,788.0984771494511,401.7566297508106,1784782.6603503926,0,0
2026-01-04 10:26:47.790495,983284.775252852,689212.3601630497,655.5231835019014,459.47490677536643,1672497.1354159017,0,0
2026-01-04 10:26:48.790495,1175478.7818871855,727504.0451727195,783.6525212581237,485.00269678181303,1902982.827059905,0,0
2026-01-04 10:26:49.790495,1309520.0645015074,873043.6892355506,873.0133763343383,582.0291261570337,2182563.753737058,0,0
2026-01-04 10:26:50.790495,761160.2120074828,1716937.5388256467,507.44014133832184,1144.6250258837645,2478097.7508331295,0,0
2026-01-04 10:26:51.790495,488071.1551516164,772616.2414224308,325.3807701010776,515.0774942816206,1260687.3965740472,0,0
2026-01-04 10:26:52.790495,614547.7101367005,911344.561650886,409.698473424467,607.5630411005907,1525892.2717875866,0,0
2026-01-04 10:26:53.790495,5918028.040920545,3024335.63275838,802.6448515121378,410.18180517114047,8942363.673678925,0,0
2026-01-04 10:26:54.790495,585766.121356245,1140011.5740942,390.51074757083,760.0077160628,1725777.6954504452,0,0
2026-01-04 10:26:55.790495,1246497.4869858844,575684.2365399114,830.9983246572563,383.78949102660755,1822181.7235257956,0,0
2026-01-04 10:26:56.790495,630265.2615342863,1021917.8380921378,420.17684102285756,681.2785587280919,1652183.0996264243,0,0
2026-01-04 10:26:57.790495,940100.6224199971,1217455.2020150572,626.733748279998,811.6368013433714,2157555.8244350543,0,0
2026-01-04 10:26:58.790495,1531397.2751604912,2179244.4908284256,226.86682303438832,322.8412915894897,3710641.7659889166,0,0
2026-01-04 10:26:59.790495,529515.6070176051,974923.5860928108,353.0104046784034,649.9490573952072,1504439.193110416,0,0
2026-01-04 10:27:00.790495,677206.6711770272,724304.9399397774,451.47111411801814,482.8699599598516,1401511.6111168044,0,0
2026-01-04 10:27:01.790495,813730.8470701028,394435.60438775015,542.4872313800686,262.95706959183343,1208166.451457853,0,0
2026-01-04 10:27:02.790495,1055214.1173643342,459117.09710872255,703.4760782428895,306.0780647391484,1514331.2144730568,0,0
2026-01-04 10:27:03.790495,556600.1094441583,1213795.110085576,371.06673962943887,809.1967400570508,1770395.2195297342,0,0
2026-01-04 10:27:04.790495,762196.1102307991,815718.0957733279,508.13074015386604,543.8120638488853,1577914.206004127,0,0
2026-01-04 10:27:05.790495,990000.1593812553,737160.5994034647,660.0001062541702,491.4403996023098,1727160.75878472,0,0
2026-01-04 10:27:06.790495,661685.6428912523,433216.1342712493,441.1237619275015,288.81075618083287,1094901.7771625016,0,0
2026-01-04 10:27:07.790495,612483.8540383098,656384.8031000979,408.3225693588732,437.5898687333986,1268868.6571384077,0,0
2026-01-04 10:27:08.790495,719725.1100844276,827211.1250249549,479.8167400562851,551.47408334997,1546936.2351093825,0,0
2026-01-04 10:27:09.790495,848479.5961791383,530636.8891407588,565.6530641194255,353.75792609383916,1379116.485319897,0,0
2026-01-04 10:27:10.790495,851366.2454283739,417662.32287787815,567.5774969522492,278.4415485852521,1269028.5683062521,0,0
2026-01-04 10:27:11.790495,756238.5021855115,513390.86078182317,504.15900145700766,342.2605738545488,1269629.3629673347,0,0
2026-01-04 10:27:12.790495,482106.458342999,1056848.460580643,321.4043055619993,704.5656403870953,1538954.918923642,0,0
2026-01-04 10:27:13.790495,775070.2943576786,391560.8325268065,516.7135295717858,261.040555017871,1166631.1268844851,0,0
2026-01-04 10:27:14.790495,780682.310055246,464357.2656813251,520.454873370164,309.57151045421676,1245039.575736571,0,0
2026-01-04 10:27:15.790495,478179.7138195883,788266.3890583094,318.7864758797255,525.5109260388729,1266446.1028778977,0,0
2026-01-04 10:27:16.790495,953472.6571745023,492182.05882218824,635.6484381163349,328.12137254812546,1445654.7159966906,0,0
2026-01-04 10:27:17.790495,3570451.1548745707,2506953.7628108636,478.2607342349081,335.8056153934443,6077404.917685434,0,0
2026-01-04 10:27:18.790495,636745.6121954679,402494.35130705626,424.4970747969786,268.3295675380375,1039239.9635025242,0,0
2026-01-04 10:27:19.790495,315850.8718501375,719458.4008667336,210.56724790009164,479.63893391115573,1035309.2727168711,0,0
2026-01-04 10:27:20.790495,384083.88780111854,627024.2840135547,256.0559252007457,418.0161893423698,1011108.1718146732,0,0
2026-01-04 10:27:21.790495,391602.5584158108,671972.7157461904,261.06837227720723,447.9818104974603,1063575.2741620012,0,0
2026-01-04 10:27:22.790495,450272.5995738765,453574.36220057984,300.18173304925097,302.38290813371987,903846.9617744563,0,0
2026-01-04 10:27:23.790495,1499157.2706556376,1818001.7597142423,307.58701040880453,373.0053791780587,3317159.03036988,0,0
2026-01-04 10:27:24.790495,303183.02710035426,506346.2563086931,202.12201806690283,337.56417087246206,809529.2834090474,0,0
2026-01-04 10:27:25.790495,675968.1592347889,471880.4535261657,450.64543948985926,314.5869690174438,1147848.6127609545,0,0
2026-01-04 10:27:26.790495,564265.0067290263,610309.5788478837,376.1766711526842,406.8730525652558,1174574.58557691,0,0
2026-01-04 10:27:27.790495,504343.011498358,411313.1558391553,336.22867433223865,274.20877055943686,915656.1673375133,0,0
2026-01-04 10:27:28.790495,987176.9936192791,862802.5771057921,658.1179957461861,575.201718070528,1849979.5707250712,0,0
2026-01-04 10:27:29.790495,864961.3297683824,685758.7396038951,576.640886512255,457.1724930692634,1550720.0693722775,0,0
2026-01-04 10:27:30.790495,1147808.1167968835,855126.7140330464,765.2054111979223,570.0844760220309,2002934.83082993,0,0
2026-01-04 10:27:31.790495,607512.1770535819,852452.0514532747,405.0081180357213,568.3013676355165,1459964.2285068566,0,0
2026-01-04 10:27:32.790495,1096437.1865334972,705821.8046935996,730.9581243556648,470.54786979573305,1802258.9912270969,0,0
2026-01-04 10:27:33.790495,977379.8293797905,658426.3167147429,651.5865529198603,438.9508778098286,1635806.1460945334,0,0
2026-01-04 10:27:34.790495,920906.2480301684,672748.1661669087,613.9374986867789,448.4987774446058,1593654.414197077,0,0
2026-01-04 10:27:35.790495,804641.4706580972,1391629.3208947072,536.4276471053981,927.7528805964715,2196270.7915528044,0,0
2026-01-04 10:27:36.790495,555216.6818950494,890605.4987112967,370.14445459669963,593.7369991408644,1445822.180606346,0,0
2026-01-04 10:27:37.790495,1280101.320100412,723740.1634652573,853.4008800669413,482.49344231017153,2003841.4835656693,0,0
2026-01-04 10:27:38.790495,718480.3744260604,1114786.5083535002,478.98691628404026,743.1910055690001,1833266.8827795605,0,0
2026-01-04 10:27:39.790495,583946.9134851228,1177027.780388621,389.2979423234152,784.6851869257473,1760974.6938737438,0,0
2026-01-04 10:27:40.790495,863998.1399426318,612864.9249166027,575.9987599617546,408.57661661106846,1476863.0648592345,0,0
2026-01-04 10:27:41.790495,891513.2180892463,928721.3288911845,594.3421453928308,619.147552594123,1820234.5469804308,0,0
2026-01-04 10:27:42.790495,819447.3713144145,998847.6088906231,546.298247542943,665.8984059270821,1818294.9802050376,0,0
2026-01-04 10:27:43.790495,1391315.535316836,640836.2051707746,927.5436902112241,427.2241367805164,2032151.7404876107,0,0
2026-01-04 10:27:44.790495,652524.3746657339,1104119.3928544559,435.0162497771559,736.0795952363039,1756643.7675201898,0,0
2026-01-04 10:27:45.790495,895123.7191677364,745357.22602605,596.7491461118242,496.90481735070006,1640480.9451937864,0,0
2026-01-04 10:27:46.790495,881745.3253777872,995366.9914381662,587.8302169185248,663.5779942921108,1877112.3168159535,0,0
2026-01-04 10:27:47.790495,1015952.7094382709,625607.367857964,677.3018062921806,417.07157857197603,1641560.077296235,0,0
2026-01-04 10:27:48.790495,2835049.4931460987,3052182.3846626137,576.3651734063066,620.5082604930333,5887231.877808712,0,0
2026-01-04 10:27:49.790495,888069.2526174096,1318419.4385696712,592.0461684116063,878.9462923797809,2206488.691187081,0,0
2026-01-04 10:27:50.790495,456840.4487922478,906198.2306930728,304.5602991948319,604.1321537953819,1363038.6794853206,0,0
2026-01-04 10:27:51.790495,1198002.9429306518,631232.531727045,798.6686286204346,420.82168781803,1829235.4746576967,0,0
2026-01-04 10:27:52.790495,1150821.0414839315,1101973.1608973013,767.2140276559543,734.6487739315342,2252794.2023812328,0,0
2026-01-04 10:27:53.790495,613126.1716288419,1187485.2529008368,408.7507810858946,791.6568352672246,1800611.4245296787,0,0
2026-01-04 10:27:54.790495,1319433.0340286912,599876.962984814,879.6220226857941,399.9179753232093,1919309.9970135053,0,0
2026-01-04 10:27:55.790495,638488.0335963196,948276.2964429229,425.6586890642131,632.1841976286153,1586764.3300392425,0,0
2026-01-04 10:27:56.790495,876098.6017556099,1151687.0605661392,584.0657345037399,767.7913737107594,2027785.6623217491,0,0
2026-01-04 10:27:57.790495,701249.7914934368,1420615.4287947707,467.49986099562454,947.0769525298472,2121865.2202882073,0,0
2026-01-04 10:27:58.790495,891042.3304443685,790944.9560111044,594.0282202962456,527.2966373407363,1681987.286455473,0,0
2026-01-04 10:27:59.790495,967283.9230198386,673373.1677120446,644.8559486798924,448.915445141363,1640657.0907318832,0,0
2026-01-04 10:28:00.790495,613682.6542601214,591882.3085743684,409.1217695067476,394.58820571624557,1205564.9628344898,0,0
2026-01-04 10:28:01.790495,918391.5662120271,583711.4249511186,612.2610441413514,389.14094996741244,1502102.9911631458,0,0
2026-01-04 10:28:02.790495,515227.8211830401,782156.0340850911,343.4852141220267,521.4373560567274,1297383.8552681312,0,0
2026-01-04 10:28:03.790495,1261698.394771717,844631.9766245425,841.1322631811447,563.0879844163617,2106330.3713962594,0,0
2026-01-04 10:28:04.790495,970302.3398961398,646007.0308674524,646.8682265974265,430.6713539116349,1616309.3707635922,0,0
2026-01-04 10:28:05.790495,3423386.2078245757,3870151.220114225,462.43786303171726,522.7877753753353,7293537.4279388,0,0
2026-01-04 10:28:06.790495,561830.2126047758,764903.4607983725,374.55347506985055,509.9356405322483,1326733.6734031483,0,0
2026-01-04 10:28:07.790495,981947.1052630234,471866.68284729955,654.6314035086823,314.57778856486635,1453813.788110323,0,0
2026-01-04 10:28:08.790495,657445.5310873782,360486.96284409135,438.29702072491875,240.3246418960609,1017932.4939314695,0,0
2026-01-04 10:28:09.790495,619049.3702165752,788019.8528488432,412.6995801443835,525.3465685658955,1407069.2230654184,0,0
2026-01-04 10:28:10.790495,479385.41518419416,1096278.6516228975,319.5902767894628,730.852434415265,1575664.0668070917,0,0
2026-01-04 10:28:11.790495,713183.7316916905,488491.55341314024,475.4558211277937,325.6610356087602,1201675.2851048307,0,0
2026-01-04 10:28:12.790495,278268.9465471269,200685.38333616266,185.51263103141795,133.79025555744178,478954.3298832896,0,0
2026-01-04 10:28:13.790495,911897.7929246933,410751.9636834168,607.9318619497956,273.8346424556112,1322649.7566081102,0,0
2026-01-04 10:28:14.790495,879741.855993459,507525.7532006221,586.494570662306,338.3505021337481,1387267.609194081,0,0
2026-01-04 10:28:15.790495,628815.2398200874,570341.1333498928,419.2101598800583,380.22742223326185,1199156.3731699802,0,0
2026-01-04 10:28:16.790495,633302.1564372152,1061609.3820655467,422.2014376248101,707.7395880436978,1694911.5385027619,0,0
2026-01-04 10:28:17.790495,483844.10593189124,649441.1582230657,322.5627372879275,432.9607721487104,1133285.264154957,0,0
2026-01-04 10:28:18.790495,521426.6770091315,357156.47345304664,347.61778467275434,238.10431563536443,878583.1504621782,0,0
2026-01-04 10:28:19.790495,515059.66258322494,778622.5925556844,343.3731083888166,519.0817283704563,1293682.2551389094,0,0
2026-01-04 10:28:20.790495,1056436.8489845027,537701.6777483849,704.2912326563352,358.46778516558993,1594138.5267328876,0,0
2026-01-04 10:28:21.790495,4516260.455291899,2249565.9541440643,612.2575775850695,304.9677527097074,6765826.409435963,0,0
2026-01-04 10:28:22.790495,651279.8436090503,1107273.7069842515,434.1865624060335,738.1824713228343,1758553.550593302,0,0
2026-01-04 10:28:23.790495,682305.0750649903,840663.6617598673,454.8700500433269,560.4424411732449,1522968.7368248578,0,0
2026-01-04 10:28:24.790495,822564.6167715928,357540.6411078549,548.3764111810618,238.3604274052366,1180105.2578794477,0,0
2026-01-04 10:28:25.790495,794703.6654154984,498864.0382593146,529.8024436103323,332.57602550620976,1293567.703674813,0,0
2026-01-04 10:28:26.790495,604651.8795339882,1040543.2512879502,403.1012530226588,693.6955008586335,1645195.1308219384,0,0
2026-01-04 10:28:27.790495,565703.8054974942,900236.1565355188,377.1358703316628,600.1574376903459,1465939.962033013,0,0
2026-01-04 10:28:28.790495,743287.7369647811,548092.7974743606,495.5251579765207,365.3951983162404,1291380.5344391416,0,0
2026-01-04 10:28:29.790495,1078935.8277476388,502175.8668827967,719.2905518317592,334.7839112551978,1581111.6946304354,0,0
2026-01-04 10:28:30.790495,272590.24803732213,585651.7413620636,181.72683202488142,390.4344942413757,858241.9893993856,0,0
2026-01-04 10:28:31.790495,2465573.875398435,2737464.673184755,348.69474508595783,387.1470070000316,5203038.54858319,0,0
2026-01-04 10:28:32.790495,286495.7931451674,641054.2677632379,190.99719543011162,427.3695118421586,927550.0609084053,0,0
2026-01-04 10:28:33.790495,758928.9334885984,855473.3303273999,505.9526223257323,570.3155535515999,1614402.2638159983,0,0
2026-01-04 10:28:34.790495,923483.8927028315,548030.5253672503,615.6559284685544,365.35368357816685,1471514.4180700819,0,0
2026-01-04 10:28:35.790495,462457.8548095328,843783.4490164726,308.30523653968856,562.522299344315,1306241.3038260054,0,0
2026-01-04 10:28:36.790495,792243.4423976012,711292.609257092,528.1622949317341,474.1950728380613,1503536.0516546932,0,0
2026-01-04 10:28:37.790495,718064.5581345871,1222280.193639224,478.7097054230581,814.8534624261492,1940344.751773811,0,0
2026-01-04 10:28:38.790495,741463.3159012423,789035.7273380993,494.3088772674949,526.0238182253995,1530499.0432393416,0,0
2026-01-04 10:28:39.790495,943637.901247543,894263.664070193,629.0919341650286,596.1757760467952,1837901.565317736,0,0
2026-01-04 10:28:40.790495,1729543.191964452,3400356.358672862,331.8673026338628,652.4654012629366,5129899.550637314,0,0
2026-01-04 10:28:41.790495,913798.0277018277,691185.2987344167,609.1986851345519,460.7901991562778,1604983.3264362444,0,0
2026-01-04 10:28:42.790495,861249.9574323845,555411.9670245269,574.1666382882563,370.2746446830179,1416661.9244569114,0,0
2026-01-04 10:28:43.790495,578706.2837912185,907404.0016207414,385.8041891941457,604.9360010804943,1486110.28541196,0,0
2026-01-04 10:28:44.790495,588671.345853437,1367588.8722420475,392.44756390229134,911.7259148280316,1956260.2180954844,0,0
2026-01-04 10:28:45.790495,1306524.9112036454,883444.4962363297,871.0166074690969,588.9629974908864,2189969.407439975,0,0
2026-01-04 10:28:46.790495,1006712.0027379461,963435.1652495225,671.1413351586308,642.2901101663483,1970147.1679874687,0,0
2026-01-04 10:28:47.790495,542982.2917566762,1177794.370237995,361.98819450445075,785.1962468253299,1720776.6619946712,0,0
2026-01-04 10:28:48.790495,890922.3068751653,807594.5330814214,593.9482045834435,538.3963553876142,1698516.8399565867,0,0
2026-01-04 10:28:49.790495,656480.5007880587,1486875.0135414074,437.65366719203917,991.250009027605,2143355.514329466,0,0
2026-01-04 10:28:50.790495,1066876.3579135982,544652.2136105149,711.2509052757322,363.10147574034323,1611528.5715241132,0,0
2026-01-04 10:28:51.790495,813819.7163905876,440284.52439827775,542.5464775937251,293.5230162655185,1254104.2407888654,0,0
2026-01-04 10:28:52.790495,1250719.9858385741,971555.9907714041,833.8133238923828,647.7039938476028,2222275.9766099784,0,0
2026-01-04 10:28:53.790495,3566694.0923498743,7050444.484318501,479.2884845246204,947.43108453342,10617138.576668376,0,0
2026-01-04 10:28:54.790495,598464.4579737467,879813.6282535134,398.97630531583115,586.5424188356756,1478278.08622726,0,0
2026-01-04 10:28:55.790495,990623.6040565452,632894.847958709,660.4157360376968,421.9298986391393,1623518.4520152542,0,0
2026-01-04 10:28:56.790495,1355553.1782714345,808765.4303956985,903.702118847623,539.1769535971323,2164318.608667133,0,0
2026-01-04 10:28:57.790495,1052304.378573182,1065301.0118168625,701.5362523821213,710.200674544575,2117605.3903900445,0,0
2026-01-04 10:28:58.790495,1482789.2624769846,801972.0220486434,988.5261749846564,534.6480146990956,2284761.284525628,0,0
2026-01-04 10:28:59.790495,794472.6407781102,979371.1286927849,529.6484271854068,652.91408579519,1773843.7694708952,0,0
2026-01-04 10:29:00.790495,769049.6927931007,1084264.9928817302,512.6997951954005,722.8433285878201,1853314.6856748308,0,0
2026-01-04 10:29:01.790495,591038.2738194095,947837.8395136872,394.02551587960636,631.8918930091248,1538876.1133330967,0,0
2026-01-04 10:29:02.790495,854761.26823245,378884.4990049104,569.8408454883,252.5896660032736,1233645.7672373604,0,0
2026-01-04 10:29:03.790495,539615.6845898512,973896.6280740646,359.74378972656746,649.2644187160431,1513512.3126639158,0,0
2026-01-04 10:29:04.790495,698873.3116919453,594895.2560580979,465.91554112796354,396.5968373720653,1293768.5677500432,0,0
2026-01-04 10:29:05.790495,964471.8096017953,507196.58777305455,642.9812064011968,338.1310585153697,1471668.3973748498,0,0
2026-01-04 10:29:06.790495,593328.852494757,1146358.021600027,395.55256832983804,764.2386810666848,1739686.874094784,0,0
2026-01-04 10:29:07.790495,633209.603521932,721015.853332085,422.139735681288,480.6772355547233,1354225.456854017,0,0
2026-01-04 10:29:08.790495,555125.623456185,641913.373244802,370.08374897079,427.942248829868,1197038.996700987,0,0
2026-01-04 10:29:09.790495,407110.103780378,572325.3528837492,271.40673585358536,381.5502352558328,979435.4566641272,0,0
2026-01-04 10:29:10.790495,754416.3893524697,1130883.2845533476,502.94425956831316,753.9221897022318,1885299.6739058173,0,0
2026-01-04 10:29:11.790495,340511.085263201,456892.52186389925,227.00739017546732,304.59501457593285,797403.6071271002,0,0
2026-01-04 10:29:12.790495,552773.3477829418,906652.701635943,368.5155651886278,604.435134423962,1459426.0494188848,0,0
2026-01-04 10:29:13.790495,358868.83854360145,587620.6780267825,239.24589236240098,391.74711868452164,946489.5165703839,0,0
2026-01-04 10:29:14.790495,369107.49788428185,512863.6649710427,246.0716652561879,341.9091099806951,881971.1628553246,0,0
2026-01-04 10:29:15.790495,531409.9419215355,936059.8526742822,354.27329461435704,624.0399017828548,1467469.7945958176,0,0
2026-01-04 10:29:16.790495,656341.1390991281,448524.4253049644,437.5607593994187,299.01628353664296,1104865.5644040925,0,0
2026-01-04 10:29:17.790495,846524.1184839489,810220.4930591158,564.3494123226326,540.1469953727438,1656744.6115430647,0,0
2026-01-04 10:29:18.790495,428282.88772155135,425217.99773748533,285.5219251477009,283.47866515832357,853500.8854590367,0,0
2026-01-04 10:29:19.790495,762831.4737076346,550077.7686126815,508.55431580508974,366.7185124084544,1312909.2423203161,0,0
2026-01-04 10:29:20.790495,1963073.060927686,4064679.1325512878,279.78298082485105,579.310096214326,6027752.193478974,0,0
2026-01-04 10:29:21.790495,336676.3446314285,574787.9370927684,224.45089642095232,383.1919580618456,911464.2817241969,0,0
2026-01-04 10:29:22.790495,527735.220772595,1225747.204840267,351.82348051506335,817.1648032268447,1753482.4256128622,0,0
2026-01-04 10:29:23.790495,2907866.794116592,1986779.1145032195,540.1162784250641,369.03057029616366,4894645.908619812,0,0
2026-01-04 10:29:24.790495,538949.5456552772,627521.9935206157,359.29969710351816,418.3479956804105,1166471.539175893,0,0
2026-01-04 10:29:25.790495,503839.56849825656,297533.5499200202,335.89304566550436,198.35569994668015,801373.1184182768,0,0
2026-01-04 10:29:26.790495,413341.27168357046,740846.4491231574,275.560847789047,493.8976327487716,1154187.720806728,0,0
2026-01-04 10:29:27.790495,703950.5668706488,825038.4928021228,469.30037791376583,550.0256618680819,1528989.0596727717,0,0
2026-01-04 10:29:28.790495,604417.4341642889,445234.6600011144,402.94495610952595,296.8231066674096,1049652.0941654034,0,0
2026-01-04 10:29:29.790495,613233.3116753291,851308.3379705435,408.82220778355276,567.5388919803623,1464541.6496458726,0,0
2026-01-04 10:29:30.790495,560768.3325942814,620199.7144700662,373.84555506285426,413.4664763133775,1180968.0470643477,0,0
2026-01-04 10:29:31.790495,686198.1441596688,404317.1698639857,457.4654294397792,269.5447799093238,1090515.3140236544,0,0
2026-01-04 10:29:32.790495,395332.54701008537,568859.3121604513,263.5550313400569,379.23954144030085,964191.8591705366,0,0
2026-01-04 10:29:33.790495,687811.5721825975,640262.4198445893,458.54104812173165,426.8416132297262,1328073.9920271868,0,0
2026-01-04 10:29:34.790495,1009276.6494277094,574039.9525972446,672.851099618473,382.69330173149643,1583316.602024954,0,0
2026-01-04 10:29:35.790495,606589.2247076158,714935.0571149625,404.39281647174386,476.623371409975,1321524.2818225783,0,0
2026-01-04 10:29:36.790495,613565.6659925045,792153.8991283588,409.0437773283363,528.1025994189059,1405719.5651208633,0,0
2026-01-04 10:29:37.790495,906924.5884976544,539432.4575699255,604.6163923317696,359.6216383799503,1446357.0460675799,0,0
2026-01-04 10:29:38.790495,641183.5001951082,846753.7350963217,427.45566679673885,564.5024900642145,1487937.23529143,0,0
2026-01-04 10:29:39.790495,726807.6816039368,1077549.3611477257,484.53845440262455,718.3662407651505,1804357.0427516624,0,0
2026-01-04 10:29:40.790495,1519620.6730495808,685083.4292196505,1013.0804486997205,456.72228614643365,2204704.1022692313,0,0
2026-01-04 10:29:41.790495,824928.9089336685,549485.940794787,549.9526059557791,366.323960529858,1374414.8497284555,0,0
2026-01-04 10:29:42.790495,687855.7179362411,760797.9301289289,458.5704786241607,507.1986200859526,1448653.6480651698,0,0
2026-01-04 10:29:43.790495,3032311.8960970957,2274637.6055197576,600.2790322055113,450.28918767132666,5306949.501616853,0,0
2026-01-04 10:29:44.790495,1072569.6724742549,870070.209449795,715.0464483161699,580.0468062998633,1942639.88192405,0,0
2026-01-04 10:29:45.790495,689518.9351050108,909072.6148486144,459.67929007000714,606.0484098990763,1598591.549953625,0,0
2026-01-04 10:29:46.790495,519106.1099205475,844296.1783431941,346.07073994703165,562.8641188954628,1363402.2882637416,0,0
2026-01-04 10:29:47.790495,809603.9039808736,1471191.5997963282,539.7359359872491,980.7943998642188,2280795.5037772018,0,0
2026-01-04 10:29:48.790495,834322.168965032,669938.4594327084,556.2147793100213,446.62563962180565,1504260.6283977404,0,0
2026-01-04 10:29:49.790495,595046.9391950247,1321197.9376596129,396.6979594633498,880.7986251064086,1916244.8768546376,0,0
2026-01-04 10:29:50.790495,1248556.6786423163,1047622.9311823458,832.3711190948775,698.4152874548972,2296179.609824662,0,0
2026-01-04 10:29:51.790495,516954.77095328283,1061502.767089591,344.63651396885524,707.6685113930606,1578457.5380428738,0,0
2026-01-04 10:29:52.790495,1269020.2818565522,719605.5000401945,846.0135212377015,479.73700002679635,1988625.7818967467,0,0
2026-01-04 10:29:53.790495,553313.2334167879,1243373.493881516,368.8754889445253,828.9156625876773,1796686.7272983037,0,0
2026-01-04 10:29:54.790495,668780.7700374722,1179033.7473513433,445.8538466916482,786.0224982342288,1847814.5173888155,0,0
2026-01-04 10:29:55.790495,1620992.6499017691,779915.0398961343,1080.6617666011794,519.9433599307562,2400907.6897979034,0,0
2026-01-04 10:29:56.790495,1561059.1613703845,709708.1047885037,1040.7061075802562,473.1387365256692,2270767.266158888,0,0
2026-01-04 10:29:57.790495,342081.09991122625,596994.0932184567,228.05406660748417,397.99606214563784,939075.193129683,0,0
2026-01-04 10:29:58.790495,700739.4605043712,517086.54353350215,467.1596403362475,344.7243623556681,1217826.0040378734,0,0
2026-01-04 10:29:59.790495,947314.2646090366,954215.6021029731,631.5428430726911,636.1437347353154,1901529.8667120098,0,0
2026-01-04 10:30:00.790495,515911.98594630335,1037518.6818736464,343.94132396420224,691.6791212490976,1553430.6678199498,0,1
2026-01-04 10:30:01.790495,536263.1818024699,616728.5797844928,357.5087878683133,411.15238652299524,1152991.7615869627,0,0
2026-01-04 10:30:02.790495,1066617.9673778864,512534.83348206466,711.078644918591,341.6898889880431,1579152.800859951,0,0
2026-01-04 10:30:03.790495,782640.9172012674,626980.8583223823,521.7606114675116,417.9872388815882,1409621.7755236498,0,0
2026-01-04 10:30:04.790495,443249.2395322242,947611.0812904395,295.4994930214828,631.740720860293,1390860.3208226636,0,0
2026-01-04 10:30:05.790495,694196.5092216037,605662.6885075426,462.7976728144025,403.77512567169504,1299859.1977291463,0,0
2026-01-04 10:30:06.790495,554022.3440926378,992561.6138189591,369.34822939509183,661.7077425459727,1546583.9579115969,0,0
2026-01-04 10:30:07.790495,2486973.7882563323,3653137.1238505812,500.42727858505765,735.0819207742152,6140110.9121069135,0,0
2026-01-04 10:30:08.790495,650097.7544385234,631577.6116758988,433.3985029590156,421.05174111726586,1281675.3661144222,0,0
2026-01-04 10:30:09.790495,904372.1511982962,497276.67593293096,602.9147674655309,331.5177839552873,1401648.8271312271,0,0
2026-01-04 10:30:10.790495,459651.09111421683,626352.138726184,306.4340607428112,417.5680924841227,1086003.2298404009,0,0
2026-01-04 10:30:11.790495,1021937.2750831072,484296.1812795168,681.2915167220715,322.8641208530112,1506233.456362624,0,0
2026-01-04 10:30:12.790495,573689.9851393328,355959.74234119826,382.4599900928886,237.3064948941322,929649.7274805311,0,0
2026-01-04 10:30:13.790495,340789.8673912465,379784.2385232919,227.19324492749766,253.18949234886125,720574.1059145384,0,0
2026-01-04 10:30:14.790495,764742.859842837,930132.8287709318,509.82857322855796,620.0885525139546,1694875.688613769,0,0
2026-01-04 10:30:15.790495,797787.8318668375,1115103.7190751699,531.8585545778916,743.4024793834466,1912891.5509420072,0,0
2026-01-04 10:30:16.790495,926391.0640568808,420523.7025494938,617.5940427045872,280.3491350329959,1346914.7666063746,0,0
2026-01-04 10:30:17.790495,343395.55617783725,509858.67352959263,228.93037078522482,339.90578235306174,853254.2297074299,0,0
2026-01-04 10:30:18.790495,774936.2164313858,520781.92210018175,516.6241442875905,347.18794806678784,1295718.1385315675,0,0
2026-01-04 10:30:19.790495,734614.9952641183,747657.668805266,489.74333017607887,498.43844587017736,1482272.6640693843,0,0
2026-01-04 10:30:20.790495,866757.9884703028,786711.9981144738,577.8386589802019,524.4746654096492,1653469.9865847765,0,0
2026-01-04 10:30:21.790495,619520.2237577582,321001.07525800826,413.0134825051721,214.00071683867216,940521.2990157665,0,0
2026-01-04 10:30:22.790495,819470.5883858816,599238.5831950952,546.3137255905878,399.4923887967301,1418709.1715809768,0,0
2026-01-04 10:30:23.790495,845973.6512718722,876799.1255055855,563.9824341812481,584.532750337057,1722772.7767774577,0,0
2026-01-04 10:30:24.790495,693482.7348342276,425584.56655004446,462.3218232228184,283.7230443666963,1119067.301384272,0,0
2026-01-04 10:30:25.790495,1223259.021722774,747286.1117699895,815.5060144818493,498.190741179993,1970545.1334927634,0,0
2026-01-04 10:30:26.790495,888782.3063290202,606203.1588038626,592.5215375526801,404.13543920257507,1494985.4651328828,0,0
2026-01-04 10:30:27.790495,462053.7962336593,528386.6085061146,308.03586415577286,352.25773900407637,990440.404739774,0,1
2026-01-04 10:30:28.790495,318697.28850927856,597560.0061402526,212.46485900618572,398.37333742683506,916257.2946495311,0,0
2026-01-04 10:30:29.790495,865770.3239621274,617230.4919767581,577.1802159747516,411.4869946511721,1483000.8159388856,0,0
2026-01-04 10:30:30.790495,363259.4905277847,844730.8546976186,242.1729936851898,563.1539031317458,1207990.3452254033,0,0
2026-01-04 10:30:31.790495,1021478.3863493335,833884.5337469466,680.9855908995556,555.9230224979644,1855362.92009628,0,0
2026-01-04 10:30:32.790495,950966.272975642,470405.87604811596,633.9775153170947,313.6039173654106,1421372.149023758,0,1
2026-01-04 10:30:33.790495,752792.1262181791,845502.4839810894,501.8614174787861,563.6683226540596,1598294.6101992684,0,0
2026-01-04 10:30:34.790495,888594.4855277969,449028.2967377943,592.3963236851979,299.3521978251962,1337622.7822655912,0,0
2026-01-04 10:30:35.790495,751223.7956924038,803777.571263009,500.81586379493586,535.8517141753393,1555001.3669554128,0,0
2026-01-04 10:30:36.790495,408951.9410864848,948763.9160452156,272.63462739098986,632.509277363477,1357715.8571317003,0,0
2026-01-04 10:30:37.790495,1020316.1609366904,497115.7902776457,680.2107739577935,331.4105268517638,1517431.951214336,0,0
2026-01-04 10:30:38.790495,513009.0376658084,837370.1326151736,342.0060251105389,558.2467550767824,1350379.170280982,0,0
2026-01-04 10:30:39.790495,781056.544827211,1330579.5044773829,520.7043632181407,887.0530029849219,2111636.049304594,0,0
2026-01-04 10:30:40.790495,969914.830255858,464330.23359498556,646.6098868372387,309.5534890633237,1434245.0638508436,0,0
2026-01-04 10:30:41.790495,546943.575320538,874142.0394367428,364.62905021369204,582.7613596244952,1421085.6147572808,0,0
2026-01-04 10:30:42.790495,751687.4762232017,935505.2173561373,501.12498414880116,623.6701449040916,1687192.693579339,0,0
2026-01-04 10:30:43.790495,998300.1144206444,1013088.5552264509,665.533409613763,675.3923701509673,2011388.6696470953,0,0
2026-01-04 10:30:44.790495,558872.9692938003,1008026.0437656642,372.5819795292002,672.0173625104428,1566899.0130594645,0,0
2026-01-04 10:30:45.790495,1359180.5796145515,616247.1555156455,906.120386409701,410.83143701043036,1975427.735130197,0,0
2026-01-04 10:30:46.790495,546324.4413180068,1155599.1933740026,364.2162942120046,770.3994622493351,1701923.6346920093,0,0
2026-01-04 10:30:47.790495,736902.9721901896,1200956.258234151,491.2686481267931,800.6375054894339,1937859.2304243403,0,0
2026-01-04 10:30:48.790495,916102.770113884,818409.4704848833,610.7351800759227,545.6063136565889,1734512.2405987673,0,0
2026-01-04 10:30:49.790495,717132.8865519536,452872.0187578885,478.0885910346357,301.9146791719257,1170004.9053098422,0,0
2026-01-04 10:30:50.790495,668272.4848903553,1129770.859728733,445.5149899269035,753.1805731524887,1798043.3446190883,0,0
2026-01-04 10:30:51.790495,740168.0271590864,1043096.7888631637,493.44535143939095,695.3978592421091,1783264.81602225,0,0
2026-01-04 10:30:52.790495,1039652.0181834963,820196.523098863,693.1013454556642,546.7976820659086,1859848.5412823593,0,0
2026-01-04 10:30:53.790495,833965.4981658239,706220.607578471,555.976998777216,470.8137383856473,1540186.1057442948,0,0
2026-01-04 10:30:54.790495,796030.9084371137,1135680.557375222,530.6872722914092,757.1203715834813,1931711.4658123357,0,0
2026-01-04 10:30:55.790495,1122661.4682398168,743603.6879541929,748.4409788265446,495.7357919694619,1866265.1561940096,0,0
2026-01-04 10:30:56.790495,717054.8752622141,1231828.1931066015,478.0365835081427,821.218795404401,1948883.0683688156,0,0
2026-01-04 10:30:57.790495,1017482.2017593097,1375278.4706955133,678.3214678395399,916.8523137970088,2392760.672454823,0,0
2026-01-04 10:30:58.790495,766539.0558633097,527299.7344729204,511.0260372422064,351.5331563152803,1293838.79033623,0,0
2026-01-04 10:30:59.790495,772973.9695779091,1025023.2733435062,515.3159797186061,683.3488488956708,1797997.2429214153,0,0
2026-01-04 10:31:00.790495,499500.45880040136,1144020.8608688363,333.00030586693424,762.6805739125575,1643521.3196692376,0,0
2026-01-04 10:31:01.790495,376318.0290308201,711735.4142079832,250.87868602054675,474.4902761386555,1088053.4432388032,0,0
2026-01-04 10:31:02.790495,514198.6094039145,1190850.237838434,342.799072935943,793.900158558956,1705048.8472423484,0,0
2026-01-04 10:31:03.790495,1006759.0835974979,738400.0488969147,671.172722398332,492.2666992646098,1745159.1324944126,0,0
2026-01-04 10:31:04.790495,446369.45278386556,817982.887883095,297.57963518924373,545.3219252553966,1264352.3406669605,0,0
2026-01-04 10:31:05.790495,701087.2524906509,351228.648226595,467.3915016604339,234.15243215106335,1052315.9007172459,0,0
2026-01-04 10:31:06.790495,884128.9783350861,603863.1851631048,589.4193188900574,402.5754567754032,1487992.163498191,0,0
2026-01-04 10:31:07.790495,738671.0690379142,434827.81897383806,492.44737935860945,289.88521264922537,1173498.8880117522,0,0
2026-01-04 10:31:08.790495,630505.9741965225,1005242.4826795865,420.337316131015,670.1616551197243,1635748.4568761091,0,0
2026-01-04 10:31:09.790495,723834.1063529308,596861.948715652,482.55607090195383,397.90796581043463,1320696.0550685828,0,0
2026-01-04 10:31:10.790495,1130225.3751846915,647413.6509730113,753.483583456461,431.6091006486742,1777639.0261577028,0,0
2026-01-04 10:31:11.790495,806368.2307517027,503232.19557166623,537.5788205011352,335.4881303811108,1309600.426323369,0,0
2026-01-04 10:31:12.790495,587986.2119483486,1161630.268400932,391.9908079655657,774.4201789339546,1749616.4803492806,0,0
2026-01-04 10:31:13.790495,649113.8854124567,645993.401164382,432.7425902749711,430.66226744292135,1295107.2865768387,0,0
2026-01-04 10:31:14.790495,1120110.7095913747,481440.4810859201,746.7404730609165,320.9603207239467,1601551.1906772947,0,0
2026-01-04 10:31:15.790495,567776.4358816649,1013181.6712048992,378.51762392110993,675.4544474699328,1580958.107086564,0,0
2026-01-04 10:31:16.790495,847118.8486240276,798283.6734881985,564.745899082685,532.189115658799,1645402.522112226,0,0
2026-01-04 10:31:17.790495,871183.1109473284,516455.7425605411,580.7887406315523,344.30382837369405,1387638.8535078694,0,0
2026-01-04 10:31:18.790495,477733.3070335795,705194.2613195736,318.48887135571965,470.1295075463824,1182927.568353153,0,0
2026-01-04 10:31:19.790495,507202.40970624436,1015947.4159760183,338.1349398041629,677.2982773173455,1523149.8256822627,0,0
2026-01-04 10:31:20.790495,494799.4922656459,745837.5782546271,329.8663281770973,497.2250521697514,1240637.070520273,0,0
2026-01-04 10:31:21.790495,1089052.9074099013,874095.8611538227,726.0352716066009,582.7305741025485,1963148.768563724,0,0
2026-01-04 10:31:22.790495,887375.66839203,605591.570105995,591.58377892802,403.7277134039967,1492967.238498025,0,0
2026-01-04 10:31:23.790495,502725.4439690515,696073.3669377179,335.1502959793677,464.0489112918119,1198798.8109067695,0,0
2026-01-04 10:31:24.790495,487868.4274764836,816211.6058729696,325.2456183176557,544.1410705819798,1304080.0333494532,0,0
2026-01-04 10:31:25.790495,370061.87935312587,524859.0273579948,246.70791956875058,349.9060182386632,894920.9067111206,0,0
2026-01-04 10:31:26.790495,709535.5367683541,400699.47606229834,473.02369117890277,267.1329840415322,1110235.0128306525,0,0
2026-01-04 10:31:27.790495,633702.8140598831,745021.7931242445,422.4685427065887,496.681195416163,1378724.6071841277,0,0
2026-01-04 10:31:28.790495,713946.8742103467,1027211.8161670787,475.9645828068978,684.8078774447191,1741158.6903774254,0,0
2026-01-04 10:31:29.790495,664885.4650702758,571294.8916641446,443.2569767135172,380.86326110942974,1236180.3567344204,0,0
2026-01-04 10:31:30.790495,510410.22663475346,1021859.7760214693,340.27348442316895,681.2398506809795,1532270.0026562228,0,0
2026-01-04 10:31:31.790495,701868.7217703251,307231.69784711645,467.91248118021673,204.82113189807762,1009100.4196174416,0,0
2026-01-04 10:31:32.790495,1072418.621974534,637731.4646850202,714.9457479830226,425.15430979001343,1710150.086659554,0,0
2026-01-04 10:31:33.790495,1146676.7334026434,820436.0970361374,764.4511556017623,546.9573980240916,1967112.8304387806,0,0
2026-01-04 10:31:34.790495,652000.2109478543,1341321.762160543,434.66680729856955,894.2145081070286,1993321.973108397,0,0
2026-01-04 10:31:35.790495,589451.2199550502,1268252.2567845276,392.9674799700334,845.5015045230184,1857703.4767395775,0,0
2026-01-04 10:31:36.790495,1057317.3197696933,873814.5160310225,704.8782131797956,582.5430106873483,1931131.835800716,0,0
2026-01-04 10:31:37.790495,1162389.7864956604,652984.8520031016,774.9265243304403,435.3232346687344,1815374.638498762,0,0
2026-01-04 10:31:38.790495,642509.1062913162,603740.1432049214,428.33940419421083,402.49342880328095,1246249.2494962376,0,0
2026-01-04 10:31:39.790495,580383.049364127,1273071.5561051953,386.92203290941796,848.7143707367969,1853454.6054693223,0,0
2026-01-04 10:31:40.790495,669984.282925174,1061325.7414859724,446.6561886167827,707.5504943239816,1731310.0244111463,0,0
2026-01-04 10:31:41.790495,1955259.4712742954,3893453.4162097867,387.99503886715803,772.6036527342635,5848712.887484082,0,0
2026-01-04 10:31:42.790495,1107234.8956137819,482630.739670716,738.1565970758546,321.753826447144,1589865.6352844979,0,0
2026-01-04 10:31:43.790495,1065836.2548790704,1274785.076376718,710.5575032527137,849.8567175844787,2340621.3312557884,0,0
2026-01-04 10:31:44.790495,911619.5461790453,711312.3662213079,607.7463641193635,474.2082441475386,1622931.9124003532,0,0
2026-01-04 10:31:45.790495,991010.8652001757,993121.6574123397,660.6739101334505,662.0811049415598,1984132.5226125154,0,0
2026-01-04 10:31:46.790495,1040076.8838285509,1122988.6933283284,693.384589219034,748.6591288855523,2163065.5771568795,0,0
2026-01-04 10:31:47.790495,4415074.415317822,2124917.853571942,649.0593087412985,312.38379774220994,6539992.268889764,0,0
2026-01-04 10:31:48.790495,3480969.221725584,3222165.92069746,575.857265580421,533.0433962927854,6703135.142423044,0,0
2026-01-04 10:31:49.790495,1035272.9344611631,523787.9560149445,690.1819563074421,349.19197067662964,1559060.8904761076,0,0
2026-01-04 10:31:50.790495,793075.8876806281,538895.3504783381,528.717258453752,359.2635669855587,1331971.2381589662,0,0
2026-01-04 10:31:51.790495,1000337.1155772776,628160.0074541051,666.8914103848517,418.7733383027367,1628497.1230313827,0,0
2026-01-04 10:31:52.790495,978898.2371499538,450301.6145936569,652.5988247666359,300.2010763957713,1429199.8517436108,0,0
2026-01-04 10:31:53.790495,759217.6838051121,806423.8182174594,506.14512253674144,537.6158788116396,1565641.5020225714,0,0
2026-01-04 10:31:54.790495,1115890.1704989285,791585.2356538825,743.926780332619,527.7234904359217,1907475.4061528111,0,0
2026-01-04 10:31:55.790495,683968.044473306,452642.8677074521,455.9786963155374,301.76191180496807,1136610.912180758,0,0
2026-01-04 10:31:56.790495,500119.03156126925,834711.9104242801,333.4126877075128,556.4746069495201,1334830.9419855494,0,0
2026-01-04 10:31:57.790495,510226.0539798624,841594.6992672863,340.15070265324164,561.0631328448576,1351820.7532471488,0,0
2026-01-04 10:31:58.790495,804685.2598000452,916907.8837450064,536.4568398666968,611.271922496671,1721593.1435450516,0,0
2026-01-04 10:31:59.790495,6191923.715062597,2910108.543715255,898.6146477265756,422.335009957458,9102032.258777851,0,0
2026-01-04 10:32:00.790495,935188.9025442277,514731.9196821176,623.4592683628184,343.1546131214117,1449920.8222263453,0,0
2026-01-04 10:32:01.790495,794987.9327021345,1052989.5394738752,529.9919551347563,701.9930263159168,1847977.4721760096,0,0
2026-01-04 10:32:02.790495,738143.0452485132,1138536.7021164733,492.09536349900884,759.0244680776489,1876679.7473649867,0,0
2026-01-04 10:32:03.790495,812889.2248319236,1254154.8801174208,541.9261498879491,836.1032534116139,2067044.1049493444,0,0
2026-01-04 10:32:04.790495,555705.2522662986,937587.4142731002,370.4701681775324,625.0582761820668,1493292.6665393987,0,0
2026-01-04 10:32:05.790495,1338397.2748724562,744155.6389888336,892.2648499149708,496.1037593258891,2082552.9138612899,0,0
2026-01-04 10:32:06.790495,800551.7502242118,625280.0971451794,533.7011668161413,416.8533980967863,1425831.8473693912,0,0
2026-01-04 10:32:07.790495,889118.5580917255,424846.6309583028,592.7457053944836,283.2310873055352,1313965.1890500283,0,0
2026-01-04 10:32:08.790495,837155.5904215545,867860.3243118083,558.103726947703,578.5735495412056,1705015.9147333628,0,0
2026-01-04 10:32:09.790495,676219.8864202864,573369.7025756676,450.81325761352423,382.24646838377845,1249589.588995954,0,0
2026-01-04 10:32:10.790495,496281.0967199699,503955.9274064455,330.8540644799799,335.97061827096366,1000237.0241264154,0,0
2026-01-04 10:32:11.790495,696017.3397517623,580998.5535694261,464.0115598345082,387.33236904628404,1277015.8933211884,0,0
2026-01-04 10:32:12.790495,425983.1428331536,688297.66701846,283.9887618887691,458.86511134564,1114280.8098516136,0,0
2026-01-04 10:32:13.790495,654013.5602635153,334527.37114816654,436.0090401756769,223.01824743211102,988540.9314116819,0,0
2026-01-04 10:32:14.790495,587629.7435434394,442220.04048604483,391.7531623622929,294.8133603240299,1029849.7840294843,0,0
2026-01-04 10:32:15.790495,419711.2947080378,692350.5798043731,279.8075298053585,461.5670532029154,1112061.874512411,0,0
2026-01-04 10:32:16.790495,668510.4402429026,706325.9294007052,445.67362682860175,470.8839529338034,1374836.3696436076,0,0
2026-01-04 10:32:17.790495,450009.8696039382,1012770.1569254028,300.0065797359588,675.1801046169352,1462780.026529341,0,0
2026-01-04 10:32:18.790495,336451.37280911603,537614.5601574456,224.30091520607735,358.4097067716304,874065.9329665615,0,0
2026-01-04 10:32:19.790495,980222.6735473427,892499.6608580353,653.4817823648951,594.9997739053568,1872722.334405378,0,0
2026-01-04 10:32:20.790495,454858.52598092414,937300.3562462088,303.2390173206161,624.8669041641392,1392158.8822271328,0,0
2026-01-04 10:32:21.790495,754689.6467926755,670917.1191017845,503.126431195117,447.2780794011897,1425606.76589446,0,0
2026-01-04 10:32:22.790495,397538.52321386855,901594.1492580462,265.02568214257906,601.0627661720308,1299132.6724719147,0,0
2026-01-04 10:32:23.790495,524307.2890711295,734839.9789069406,349.53819271408634,489.8933192712937,1259147.26797807,0,0
2026-01-04 10:32:24.790495,601557.6404699545,604007.4056495087,401.03842697996964,402.67160376633916,1205565.0461194632,0,0
2026-01-04 10:32:25.790495,685720.1202958318,544651.491265427,457.14674686388787,363.1009941769513,1230371.6115612588,0,0
2026-01-04 10:32:26.790495,361064.22801564255,725654.4402205074,240.7094853437617,483.7696268136716,1086718.66823615,0,0
2026-01-04 10:32:27.790495,439961.95385613496,874820.739891218,293.3079692374233,583.2138265941453,1314782.693747353,0,0
2026-01-04 10:32:28.790495,643229.7672686281,817159.2847054092,428.8198448457521,544.7728564702728,1460389.0519740374,0,0
2026-01-04 10:32:29.790495,754102.7577433432,478321.1689035231,502.7351718288955,318.8807792690154,1232423.9266468664,0,0
2026-01-04 10:32:30.790495,766587.9087997739,1092919.4320844412,511.0586058665159,728.6129547229608,1859507.340884215,0,0
2026-01-04 10:32:31.790495,1160225.4210404672,876923.4846157796,773.4836140269781,584.6156564105197,2037148.9056562467,0,0
2026-01-04 10:32:32.790495,1009343.4195877737,876617.1441332079,672.8956130585158,584.4114294221386,1885960.5637209816,0,0
2026-01-04 10:32:33.790495,600265.5742379926,1314436.297171581,400.1770494919951,876.2908647810541,1914701.8714095736,0,0
2026-01-04 10:32:34.790495,788986.0884410024,1563163.4293921997,525.990725627335,1042.1089529281332,2352149.517833202,0,0
2026-01-04 10:32:35.790495,783462.2751833736,943465.5397973538,522.3081834555824,628.9770265315692,1726927.8149807274,0,0
2026-01-04 10:32:36.790495,442846.9258893344,838861.1145269105,295.23128392622294,559.2407430179403,1281708.0404162449,0,0
2026-01-04 10:32:37.790495,979866.8630330723,626168.0567222957,653.2445753553816,417.4453711481971,1606034.919755368,0,0
2026-01-04 10:32:38.790495,1133861.8134909684,919222.2332388046,755.9078756606456,612.8148221592031,2053084.046729773,0,0
2026-01-04 10:32:39.790495,685604.789858261,725306.4300951719,457.0698599055073,483.53762006344795,1410911.219953433,0,0
2026-01-04 10:32:40.790495,1109702.655889023,512561.2509495571,739.801770592682,341.7075006330381,1622263.9068385803,0,0
2026-01-04 10:32:41.790495,743693.5734873095,1248799.1490636768,495.79571565820635,832.5327660424513,1992492.7225509863,0,0
2026-01-04 10:32:42.790495,766355.84226975,617262.5720939246,510.90389484649995,411.50838139594975,1383618.4143636746,0,0
2026-01-04 10:32:43.790495,999144.9773651795,1167623.9467350584,666.0966515767863,778.415964490039,2166768.924100238,0,0
2026-01-04 10:32:44.790495,1180220.0038720104,884085.9274811147,786.8133359146736,589.3906183207432,2064305.9313531253,0,0
2026-01-04 10:32:45.790495,4220339.835935867,2309400.136910751,775.661018973995,424.4472561574299,6529739.972846618,0,0
2026-01-04 10:32:46.790495,458636.1961833541,1038225.4128406693,305.75746412223606,692.1502752271128,1496861.6090240234,0,0
2026-01-04 10:32:47.790495,794512.6046606665,886367.1097514802,529.6750697737778,590.9114065009868,1680879.7144121467,0,0
2026-01-04 10:32:48.790495,3636283.6373383137,2110691.53208058,774.8225229682129,449.74801231165947,5746975.169418894,0,0
2026-01-04 10:32:49.790495,692850.9933724322,1353612.3836294287,461.90066224828814,902.4082557529524,2046463.3770018606,0,0
2026-01-04 10:32:50.790495,985490.5325949722,862057.803030349,656.9936883966482,574.7052020202326,1847548.3356253211,0,0
2026-01-04 10:32:51.790495,937110.9751066739,656214.7203639847,624.740650071116,437.47648024265646,1593325.6954706586,0,0
2026-01-04 10:32:52.790495,823857.8160278904,921594.4322821884,549.2385440185936,614.3962881881256,1745452.2483100789,0,0
2026-01-04 10:32:53.790495,596976.4971930328,1186783.1190315865,397.9843314620218,791.1887460210577,1783759.616224619,0,0
2026-01-04 10:32:54.790495,1029177.4258064571,722013.0970952796,686.1182838709714,481.3420647301864,1751190.5229017367,0,0
2026-01-04 10:32:55.790495,705627.448192093,1151436.4770249946,470.4182987947287,767.624318016663,1857063.9252170876,0,0
2026-01-04 10:32:56.790495,766370.0269404501,650734.4329753364,510.91335129363335,433.82295531689095,1417104.4599157865,0,0
2026-01-04 10:32:57.790495,705345.1756111527,687954.0180747454,470.23011707410177,458.6360120498303,1393299.193685898,0,0
2026-01-04 10:32:58.790495,627142.1181097805,768753.8578186478,418.0947454065203,512.5025718790985,1395895.9759284281,0,0
2026-01-04 10:32:59.790495,457169.1778378581,949474.7175485323,304.7794518919054,632.9831450323549,1406643.8953863904,0,0
2026-01-04 10:33:00.790495,926666.1330164605,720896.1117698668,617.7774220109736,480.5974078465779,1647562.2447863272,0,0
2026-01-04 10:33:01.790495,896448.3378081518,460647.12292141665,597.6322252054346,307.0980819476111,1357095.4607295685,0,0
2026-01-04 10:33:02.790495,1002239.6922837724,797610.9164618913,668.1597948558483,531.7406109745941,1799850.6087456637,0,0
2026-01-04 10:33:03.790495,882414.6055798688,1022861.346650867,588.2764037199125,681.9075644339114,1905275.9522307357,0,0
2026-01-04 10:33:04.790495,609267.4744666163,827798.7273861973,406.17831631107754,551.8658182574649,1437066.2018528136,0,0
2026-01-04 10:33:05.790495,462035.7516326209,639328.9242957146,308.02383442174727,426.2192828638097,1101364.6759283354,0,0
2026-01-04 10:33:06.790495,571055.8137405885,1018727.5036440014,380.703875827059,679.151669096001,1589783.31738459,0,1
2026-01-04 10:33:07.790495,900011.4294307784,730624.6689581808,600.0076196205189,487.0831126387872,1630636.0983889592,0,0
2026-01-04 10:33:08.790495,866449.7656198166,474572.76839026174,577.6331770798778,316.3818455935078,1341022.5340100783,0,0
2026-01-04 10:33:09.790495,946673.6863373885,738967.9641722675,631.1157908915923,492.6453094481783,1685641.650509656,0,0
2026-01-04 10:33:10.790495,843155.9697199314,506951.15856815065,562.1039798132875,337.96743904543376,1350107.128288082,0,0
2026-01-04 10:33:11.790495,680822.0423213253,586653.291076716,453.88136154755017,391.102194051144,1267475.3333980413,0,0
2026-01-04 10:33:12.790495,1160678.371795727,858966.7514509951,773.7855811971513,572.64450096733,2019645.123246722,0,0
2026-01-04 10:33:13.790495,903392.0729269068,680376.602290064,602.2613819512711,453.5844015267093,1583768.6752169707,0,0
2026-01-04 10:33:14.790495,677796.1808248083,608126.2123763019,451.8641205498722,405.4174749175346,1285922.3932011102,0,0
2026-01-04 10:33:15.790495,444921.5038843767,748569.3500066778,296.6143359229178,499.04623333778517,1193490.8538910546,0,0
2026-01-04 10:33:16.790495,783134.081265145,354093.53895089816,522.0893875100967,236.06235930059879,1137227.6202160432,0,0
2026-01-04 10:33:17.790495,653474.9480396782,918764.1107585903,435.6499653597854,612.5094071723935,1572239.0587982684,0,0
2026-01-04 10:33:18.790495,611408.2679624802,1316443.3885680079,407.6055119749868,877.6289257120052,1927851.6565304883,0,0
2026-01-04 10:33:19.790495,640580.9642548995,365461.45291543996,427.05397616993304,243.6409686102933,1006042.4171703395,0,0
2026-01-04 10:33:20.790495,591351.6106131823,598949.5769045847,394.2344070754549,399.29971793638975,1190301.1875177668,0,0
2026-01-04 10:33:21.790495,904423.0185352815,895562.1717881192,602.948679023521,597.0414478587462,1799985.1903234008,0,0
2026-01-04 10:33:22.790495,626005.9080626672,832950.714454966,417.33727204177814,555.3004763033107,1458956.6225176333,0,0
2026-01-04 10:33:23.790495,469704.8448434485,657842.9060201071,313.13656322896566,438.5619373467381,1127547.7508635556,0,0
2026-01-04 10:33:24.790495,877598.4925852265,658778.139045341,585.0656617234844,439.18542603022735,1536376.6316305676,0,0
2026-01-04 10:33:25.790495,618389.6471826473,535269.6046057382,412.2597647884315,356.8464030704921,1153659.2517883854,0,0
2026-01-04 10:33:26.790495,537422.2460824549,520887.70667733887,358.2814973883033,347.2584711182259,1058309.9527597937,0,0
2026-01-04 10:33:27.790495,513979.07373482134,495529.5917505833,342.65271582321424,330.35306116705556,1009508.6654854047,0,0
2026-01-04 10:33:28.790495,440330.3082325668,643410.2813149717,293.5535388217112,428.9401875433145,1083740.5895475384,0,0
2026-01-04 10:33:29.790495,486677.4197255601,858700.5083245457,324.4516131503734,572.4670055496971,1345377.9280501057,0,0
2026-01-04 10:33:30.790495,496924.4422800709,1123393.4708989598,331.28296152004725,748.9289805993066,1620317.9131790306,0,0
2026-01-04 10:33:31.790495,433392.67676730664,385088.183463858,288.9284511782044,256.725455642572,818480.8602311646,0,0
2026-01-04 10:33:32.790495,434512.7702113779,828459.6044393361,289.6751801409186,552.3064029595574,1262972.374650714,0,0
2026-01-04 10:33:33.790495,563686.196802778,1061734.2873979483,375.7907978685187,707.8228582652989,1625420.4842007263,0,0
2026-01-04 10:33:34.790495,690753.9084449029,1199417.7693623465,460.50260562993526,799.6118462415643,1890171.6778072494,0,0
2026-01-04 10:33:35.790495,746715.3758681142,789360.223870195,497.8102505787428,526.2401492467967,1536075.5997383092,0,0
2026-01-04 10:33:36.790495,4840785.210459442,3116105.024004008,661.5393821642513,425.8454161288597,7956890.23446345,0,0
2026-01-04 10:33:37.790495,568825.5096202228,781523.9807896458,379.2170064134819,521.0159871930972,1350349.4904098685,0,0
2026-01-04 10:33:38.790495,517183.6342444561,735768.4329769249,344.78908949630403,490.5122886512833,1252952.067221381,0,0
2026-01-04 10:33:39.790495,763198.7865755064,819913.2342061112,508.79919105033764,546.6088228040741,1583112.0207816176,0,0
2026-01-04 10:33:40.790495,700931.7724804049,897390.7303235243,467.28784832027,598.2604868823496,1598322.5028039292,0,0
2026-01-04 10:33:41.790495,1047601.5977678909,948785.5013108656,698.401065178594,632.5236675405771,1996387.0990787565,0,0
2026-01-04 10:33:42.790495,865555.133766849,600670.6623913381,577.036755844566,400.4471082608921,1466225.796158187,0,0
2026-01-04 10:33:43.790495,827075.5754411914,890101.9245454837,551.3837169607943,593.4012830303225,1717177.499986675,0,0
2026-01-04 10:33:44.790495,651762.7638362955,494342.85750540433,434.508509224197,329.5619050036029,1146105.6213416997,0,0
2026-01-04 10:33:45.790495,855236.2880922774,609200.3301554766,570.1575253948515,406.1335534369844,1464436.618247754,0,0
2026-01-04 10:33:46.790495,504842.47449803754,1156595.4651749628,336.56164966535835,771.0636434499752,1661437.9396730002,0,0
2026-01-04 10:33:47.790495,955316.6341349735,810023.5583695358,636.8777560899823,540.0157055796906,1765340.1925045094,0,0
2026-01-04 10:33:48.790495,2816568.752200728,4673471.732729357,395.28817136478517,655.8931301471548,7490040.484930085,0,0
2026-01-04 10:33:49.790495,813514.015719085,497848.06099173636,542.3426771460566,331.89870732782424,1311362.0767108214,0,0
2026-01-04 10:33:50.790495,592633.6632328168,1132236.3455098746,395.0891088218779,754.8242303399164,1724870.0087426913,0,0
2026-01-04 10:33:51.790495,679871.2844991125,937491.4833989493,453.2475229994083,624.9943222659662,1617362.7678980618,0,0
2026-01-04 10:33:52.790495,564425.1919539678,984211.4156674362,376.2834613026452,656.1409437782908,1548636.6076214039,0,0
2026-01-04 10:33:53.790495,897409.0642851836,1215955.2850855233,598.2727095234557,810.6368567236822,2113364.349370707,0,0
2026-01-04 10:33:54.790495,897504.4718914516,464325.2252847333,598.336314594301,309.5501501898222,1361829.697176185,0,0
2026-01-04 10:33:55.790495,1077522.8697885114,695104.5542249221,718.3485798590076,463.40303614994804,1772627.4240134335,0,0
2026-01-04 10:33:56.790495,585226.5193158925,565202.0083103172,390.1510128772617,376.8013388735448,1150428.5276262097,0,0
2026-01-04 10:33:57.790495,658518.6742979455,848189.4429622733,439.0124495319636,565.4596286415155,1506708.1172602188,0,0
2026-01-04 10:33:58.790495,924472.9678025374,576419.1065580696,616.3153118683582,384.2794043720464,1500892.074360607,0,0
2026-01-04 10:33:59.790495,708809.6203786382,1161528.4665642576,472.5397469190921,774.3523110428384,1870338.0869428958,0,0
2026-01-04 10:34:00.790495,846350.8639785332,576987.9346553189,564.2339093190221,384.6586231035459,1423338.798633852,0,0
2026-01-04 10:34:01.790495,609954.7769314728,981678.0025992702,406.6365179543152,654.4520017328468,1591632.779530743,0,0
2026-01-04 10:34:02.790495,720419.1631581285,662198.8001690989,480.279442105419,441.4658667793993,1382617.9633272274,0,0
2026-01-04 10:34:03.790495,670226.8582175192,701188.1689016917,446.8179054783462,467.45877926779445,1371415.027119211,0,0
2026-01-04 10:34:04.790495,393596.8470401362,782731.1054773516,262.3978980267575,521.820736984901,1176327.9525174878,0,0
2026-01-04 10:34:05.790495,548621.6964509739,386825.9718909044,365.7477976339826,257.8839812606029,935447.6683418782,0,0
2026-01-04 10:34:06.790495,1280310.0457584574,776893.411559856,853.5400305056382,517.928941039904,2057203.4573183134,0,0
2026-01-04 10:34:07.790495,800547.3967566827,564959.7325253171,533.6982645044551,376.63982168354477,1365507.1292819998,0,0
2026-01-04 10:34:08.790495,511736.5963902977,1129169.9694146733,341.15773092686516,752.7799796097822,1640906.565804971,0,0
2026-01-04 10:34:09.790495,1069144.9535512151,477290.77758618444,712.7633023674767,318.19385172412296,1546435.7311373996,0,0
2026-01-04 10:34:10.790495,607974.5854454376,726995.6765802868,405.3163902969584,484.66378438685786,1334970.2620257244,0,0
2026-01-04 10:34:11.790495,884256.8736563124,844450.6671838601,589.5045824375416,562.9671114559068,1728707.5408401724,0,0
2026-01-04 10:34:12.790495,390945.3351862462,786207.429887584,260.6302234574975,524.1382865917226,1177152.7650738303,0,0
2026-01-04 10:34:13.790495,2272895.4840103765,3286184.8099369593,374.97734566297396,542.1476112988396,5559080.293947335,0,0
2026-01-04 10:34:14.790495,708915.9256785398,462324.46750601707,472.61061711902653,308.21631167067807,1171240.3931845569,0,0
2026-01-04 10:34:15.790495,700369.7560984829,536780.5002829694,466.91317073232193,357.85366685531295,1237150.2563814523,0,0
2026-01-04 10:34:16.790495,849072.3694509196,704134.2514670405,566.0482463006131,469.42283431136036,1553206.62091796,1,0
2026-01-04 10:34:17.790495,516718.87816353387,598130.4180391975,344.4792521090226,398.75361202613163,1114849.2962027313,0,0
2026-01-04 10:34:18.790495,809238.0906806911,369529.5553355388,539.492060453794,246.35303689035922,1178767.6460162299,0,0
2026-01-04 10:34:19.790495,796795.6946753535,1025627.4804911885,531.1971297835689,683.7516536607923,1822423.175166542,0,0
2026-01-04 10:34:20.790495,857122.03311182,432873.36000836943,571.4146887412134,288.58224000557965,1289995.3931201894,0,0
2026-01-04 10:34:21.790495,364151.0088641565,838631.7302334486,242.767339242771,559.0878201556324,1202782.739097605,0,0
2026-01-04 10:34:22.790495,751288.8090872177,746956.1569734152,500.8592060581451,497.97077131561014,1498244.9660606328,0,0
2026-01-04 10:34:23.790495,316969.1652044366,570860.474472989,211.31277680295773,380.57364964865934,887829.6396774255,0,0
2026-01-04 10:34:24.790495,502494.5734957812,963837.8556788036,334.9963823305208,642.5585704525357,1466332.4291745848,0,0
2026-01-04 10:34:25.790495,615271.3681697958,497681.4734387364,410.1809121131972,331.7876489591576,1112952.8416085322,0,0
2026-01-04 10:34:26.790495,529895.5361062412,1188638.3682837118,353.26369073749413,792.4255788558079,1718533.904389953,0,0
2026-01-04 10:34:27.790495,1596541.1927564982,3237900.678398592,267.36551095474226,542.2365381040197,4834441.87115509,0,0
2026-01-04 10:34:28.790495,487780.1059504492,974988.3345140013,325.18673730029946,649.9922230093342,1462768.4404644505,0,0
2026-01-04 10:34:29.790495,1251813.4568280366,832909.9857614879,834.5423045520243,555.2733238409919,2084723.4425895244,1,0
2026-01-04 10:34:30.790495,453045.33921176364,955845.0882743371,302.0302261411758,637.2300588495581,1408890.4274861007,0,0
2026-01-04 10:34:31.790495,669335.002845947,591062.8406849321,446.2233352306314,394.0418937899547,1260397.8435308791,0,0
2026-01-04 10:34:32.790495,791174.2342352092,869185.3103167478,527.4494894901394,579.4568735444985,1660359.544551957,0,0
2026-01-04 10:34:33.790495,702856.6507801213,1238434.3621719908,468.5711005200809,825.6229081146605,1941291.0129521121,0,0
2026-01-04 10:34:34.790495,467624.0087025048,966398.7505246012,311.7493391350032,644.2658336830675,1434022.7592271059,0,0
2026-01-04 10:34:35.790495,908853.4917652048,628749.107188955,605.9023278434698,419.1660714593033,1537602.5989541598,0,0
2026-01-04 10:34:36.790495,849352.2566851856,808131.2216694524,566.2348377901237,538.7541477796349,1657483.478354638,0,0
2026-01-04 10:34:37.790495,985262.7022679064,582015.6617793192,656.8418015119375,388.0104411862128,1567278.3640472256,0,0
2026-01-04 10:34:38.790495,615072.793116904,1123088.9732888497,410.04852874460266,748.7259821925664,1738161.7664057536,1,0
2026-01-04 10:34:39.790495,1296189.1285934942,651991.6785769048,864.1260857289961,434.66111905126985,1948180.807170399,0,0
2026-01-04 10:34:40.790495,467041.0954889647,808544.3943967401,311.3607303259765,539.0295962644934,1275585.4898857048,0,0
2026-01-04 10:34:41.790495,875731.5097036513,833805.8068629482,583.8210064691009,555.8705379086322,1709537.3165665995,0,0
2026-01-04 10:34:42.790495,664751.0999214681,827163.3230916994,443.1673999476454,551.4422153944663,1491914.4230131675,0,0
2026-01-04 10:34:43.790495,874287.1863640043,478952.33114174084,582.8581242426695,319.3015540944939,1353239.5175057452,0,0
2026-01-04 10:34:44.790495,2980199.9220035705,1686123.7033423237,545.5514907307249,308.6595946544398,4666323.625345894,0,0
2026-01-04 10:34:45.790495,943276.7740954643,923593.8975556949,628.8511827303095,615.72926503713,1866870.6716511592,0,0
2026-01-04 10:34:46.790495,785498.4025941343,1257090.2191003845,523.6656017294229,838.060146066923,2042588.6216945187,0,0
2026-01-04 10:34:47.790495,505233.21519668365,617752.6161906308,336.8221434644558,411.83507746042056,1122985.8313873145,0,0
2026-01-04 10:34:48.790495,1038955.1422081088,535618.2338686812,692.6367614720725,357.0788225791208,1574573.37607679,0,0
2026-01-04 10:34:49.790495,1118206.9243896226,495985.2224733969,745.4712829264151,330.6568149822646,1614192.1468630196,0,0
2026-01-04 10:34:50.790495,991509.5944725778,866048.410056923,661.0063963150519,577.3656067046154,1857558.0045295008,0,0
2026-01-04 10:34:51.790495,755851.979508255,799861.5278917846,503.90131967217,533.241018594523,1555713.5074000396,0,0
2026-01-04 10:34:52.790495,578917.049734664,1005861.088672744,385.9446998231094,670.5740591151626,1584778.138407408,0,0
2026-01-04 10:34:53.790495,1142343.8840932548,606315.6456952043,761.5625893955032,404.2104304634695,1748659.529788459,0,0
2026-01-04 10:34:54.790495,824236.8473733657,850080.4822682291,549.4912315822438,566.7203215121527,1674317.3296415948,0,0
2026-01-04 10:34:55.790495,1080277.0077285625,833738.159693044,720.1846718190417,555.8254397953627,1914015.1674216064,0,0
2026-01-04 10:34:56.790495,863990.3971745635,1249048.5176077348,575.9935981163757,832.6990117384898,2113038.9147822983,0,0
2026-01-04 10:34:57.790495,878451.8490647385,898486.8994905369,585.634566043159,598.9912663270246,1776938.7485552754,1,0
2026-01-04 10:34:58.790495,2742122.3868245003,6007803.027347004,386.3962089970815,846.567726269996,8749925.414171504,0,0
2026-01-04 10:34:59.790495,950083.9452613078,675075.6418195383,633.3892968408718,450.0504278796922,1625159.587080846,0,0
2026-01-04 10:35:00.790495,732358.5037862041,661621.2701218589,488.2390025241361,441.0808467479059,1393979.773908063,0,0
2026-01-04 10:35:01.790495,515577.6195095358,1035117.6245290824,343.7184130063572,690.0784163527217,1550695.2440386182,0,0
2026-01-04 10:35:02.790495,651975.7982948781,996762.1058303849,434.6505321965854,664.50807055359,1648737.904125263,0,0
2026-01-04 10:35:03.790495,469071.237819007,648942.9695542487,312.7141585460047,432.62864636949917,1118014.2073732556,0,0
2026-01-04 10:35:04.790495,833136.6550511569,489999.48851976125,555.4244367007713,326.66632567984084,1323136.1435709181,0,0
2026-01-04 10:35:05.790495,444298.8387391608,956065.0726228389,296.1992258261072,637.3767150818926,1400363.9113619996,0,0
2026-01-04 10:35:06.790495,942257.8598571642,1137209.8781348397,628.1719065714428,758.1399187565598,2079467.737992004,0,0
2026-01-04 10:35:07.790495,515788.729287385,1193155.1548938027,343.85915285825666,795.4367699292018,1708943.8841811877,0,0
2026-01-04 10:35:08.790495,758805.3702180306,330233.9212102697,505.8702468120204,220.15594747351312,1089039.2914283003,0,0
2026-01-04 10:35:09.790495,1387918.1825153925,689427.2615421682,925.278788343595,459.6181743614455,2077345.4440575608,0,0
2026-01-04 10:35:10.790495,495514.9806177443,722667.3355329621,330.34332041182955,481.7782236886414,1218182.3161507065,0,0
2026-01-04 10:35:11.790495,500196.21207092784,459009.53743976075,333.46414138061857,306.00635829317383,959205.7495106886,0,0
2026-01-04 10:35:12.790495,571465.6039879828,662480.8562861983,380.9770693253219,441.6539041907988,1233946.460274181,0,0
2026-01-04 10:35:13.790495,890335.7426369499,609259.6966633998,593.5571617579666,406.1731311089332,1499595.4393003497,0,0
2026-01-04 10:35:14.790495,604719.0364280016,954965.0201738222,403.1460242853344,636.6433467825481,1559684.0566018238,0,0
2026-01-04 10:35:15.790495,1190136.7563011434,638279.7884625421,793.4245042007623,425.51985897502806,1828416.5447636854,0,0
2026-01-04 10:35:16.790495,675909.626887592,894250.3286045697,450.60641792506135,596.1668857363798,1570159.9554921617,0,0
2026-01-04 10:35:17.790495,991898.9344889788,436294.5656250281,661.2659563259858,290.86304375001873,1428193.500114007,0,0
2026-01-04 10:35:18.790495,559806.7946382501,939685.3314773265,373.2045297588334,626.456887651551,1499492.1261155766,0,0
2026-01-04 10:35:19.790495,587555.6348795756,683238.8665646755,391.7037565863837,455.49257770978363,1270794.501444251,0,0
2026-01-04 10:35:20.790495,532959.717999231,357326.85741300724,355.30647866615396,238.21790494200482,890286.5754122382,0,0
2026-01-04 10:35:21.790495,461003.4565609405,611506.5844410015,307.33563770729364,407.671056294001,1072510.041001942,0,0
2026-01-04 10:35:22.790495,745542.1727362614,411312.26513450907,497.0281151575076,274.20817675633936,1156854.4378707705,0,0
2026-01-04 10:35:23.790495,398545.14048538246,297562.9151397929,265.6967603235883,198.37527675986192,696108.0556251754,0,0
2026-01-04 10:35:24.790495,585451.4335053683,950879.093027562,390.3009556702455,633.919395351708,1536330.5265329303,0,0
2026-01-04 10:35:25.790495,298501.0560947045,463472.7006953945,199.0007040631363,308.9818004635963,761973.756790099,0,0
2026-01-04 10:35:26.790495,902310.3454006435,386974.66597474326,601.5402302670957,257.98311064982886,1289285.0113753867,0,0
2026-01-04 10:35:27.790495,332477.5741641448,535698.1206322127,221.65171610942988,357.13208042147517,868175.6947963575,0,0
2026-01-04 10:35:28.790495,1092068.7499107018,600574.4669708222,728.0458332738011,400.3829779805481,1692643.216881524,0,0
2026-01-04 10:35:29.790495,710603.2611959457,1166465.5528522553,473.73550746396376,777.6437019015035,1877068.8140482008,0,0
2026-01-04 10:35:30.790495,996697.6011130364,591991.0170157024,664.465067408691,394.6606780104683,1588688.6181287388,0,0
2026-01-04 10:35:31.790495,628138.1563653185,1065051.7721710992,418.7587709102123,710.0345147807328,1693189.9285364177,0,0
2026-01-04 10:35:32.790495,497822.68655123725,605580.6743913167,331.88179103415814,403.7204495942111,1103403.360942554,0,0
2026-01-04 10:35:33.790495,745701.1806961778,800122.5571982288,497.1341204641185,533.4150381321525,1545823.7378944065,0,0
2026-01-04 10:35:34.790495,513336.52506596595,672541.6061436117,342.2243500439773,448.3610707624078,1185878.1312095777,0,0
2026-01-04 10:35:35.790495,425950.5567058798,603127.8569808563,283.9670378039199,402.0852379872375,1029078.4136867361,0,0
2026-01-04 10:35:36.790495,624458.477965319,841469.567511243,416.3056519768793,560.979711674162,1465928.0454765619,0,0
2026-01-04 10:35:37.790495,818372.4165885136,426426.369503527,545.5816110590091,284.28424633568466,1244798.7860920406,0,0
2026-01-04 10:35:38.790495,568792.316226103,1112937.0935281185,379.1948774840687,741.958062352079,1681729.4097542213,0,0
2026-01-04 10:35:39.790495,349526.67323487776,792113.6806114278,233.01778215658518,528.0757870742851,1141640.3538463055,0,0
2026-01-04 10:35:40.790495,455332.1872525417,1030985.6264809939,303.55479150169447,687.3237509873293,1486317.8137335356,0,0
2026-01-04 10:35:41.790495,690628.1263815182,806466.3078988381,460.41875092101213,537.6442052658921,1497094.4342803564,0,0
2026-01-04 10:35:42.790495,782846.2431624808,1089316.7329007823,521.8974954416539,726.2111552671881,1872162.9760632631,0,0
2026-01-04 10:35:43.790495,635438.9746222637,1220487.5002574555,423.6259830815091,813.6583335049703,1855926.4748797193,0,0
2026-01-04 10:35:44.790495,727972.2439766808,1398135.6780190074,485.3148293177872,932.0904520126717,2126107.921995688,0,0
2026-01-04 10:35:45.790495,769483.3287959425,661935.0156678371,512.9888858639616,441.29001044522477,1431418.3444637796,0,0
2026-01-04 10:35:46.790495,1220361.322248732,764794.771697114,813.574214832488,509.8631811314093,1985156.093945846,0,0
2026-01-04 10:35:47.790495,810207.4001173956,545975.7006542903,540.1382667449303,363.9838004361935,1356183.1007716858,0,0
2026-01-04 10:35:48.790495,1084491.5839145898,754275.6873012205,722.9943892763932,502.85045820081365,1838767.2712158102,0,0
2026-01-04 10:35:49.790495,900372.8060329492,1070899.4362729804,600.2485373552995,713.9329575153203,1971272.2423059295,0,0
2026-01-04 10:35:50.790495,439294.04456249136,892389.1686374734,292.86269637499424,594.9261124249822,1331683.2131999647,1,0
2026-01-04 10:35:51.790495,664704.2492011033,863299.9947559644,443.1361661340689,575.5333298373096,1528004.2439570676,0,0
2026-01-04 10:35:52.790495,475466.0174435082,994549.4119438716,316.9773449623388,663.0329412959144,1470015.42938738,0,0
2026-01-04 10:35:53.790495,642011.8380701683,492983.9982441667,428.00789204677886,328.65599882944446,1134995.836314335,0,0
2026-01-04 10:35:54.790495,471661.34258138883,1055777.564896255,314.4408950542592,703.8517099308367,1527438.9074776438,0,0
2026-01-04 10:35:55.790495,736567.1059200786,1211268.1621807914,491.0447372800524,807.5121081205276,1947835.2681008698,0,0
2026-01-04 10:35:56.790495,499623.05858601443,1061617.6870549016,333.08203905734297,707.7451247032677,1561240.745640916,0,0
2026-01-04 10:35:57.790495,4351329.203851888,3498760.8853420997,603.878931092303,485.5592129682184,7850090.089193988,0,0
2026-01-04 10:35:58.790495,1064978.395837748,520150.82411269174,709.9855972251653,346.7672160751278,1585129.2199504396,0,0
2026-01-04 10:35:59.790495,4398490.529114081,3277535.5357264695,652.2455800990784,486.02084116021285,7676026.06484055,0,0
2026-01-04 10:36:00.790495,706104.198363786,1230345.0622322515,470.736132242524,820.2300414881677,1936449.2605960376,1,0
2026-01-04 10:36:01.790495,360529.4744558136,497149.09985273867,240.3529829705424,331.4327332351591,857678.5743085522,0,0
2026-01-04 10:36:02.790495,471843.69216742256,459789.15571104764,314.5624614449484,306.5261038073651,931632.8478784702,0,0
2026-01-04 10:36:03.790495,622517.8522100532,778541.1946706083,415.0119014733688,519.0274631137388,1401059.0468806615,0,0
2026-01-04 10:36:04.790495,568154.3117366687,861096.4565800752,378.76954115777914,574.0643043867168,1429250.768316744,0,0
2026-01-04 10:36:05.790495,433015.1794555413,858027.0818036883,288.6767863036942,572.0180545357922,1291042.2612592296,0,0
2026-01-04 10:36:06.790495,684323.3625794051,480989.72239660035,456.21557505293674,320.6598149310669,1165313.0849760054,0,0
2026-01-04 10:36:07.790495,671844.8472355449,653599.0230897065,447.8965648236966,435.73268205980435,1325443.8703252515,0,0
2026-01-04 10:36:08.790495,539990.8392728632,651075.6185240422,359.9938928485755,434.05041234936147,1191066.4577969054,0,0
2026-01-04 10:36:09.790495,486463.0782389939,960096.4888442087,324.3087188259959,640.064325896139,1446559.5670832025,0,0
2026-01-04 10:36:10.790495,417437.36934095604,692203.058526847,278.29157956063733,461.4687056845647,1109640.427867803,0,0
2026-01-04 10:36:11.790495,843858.1896003493,934111.437660189,562.5721264002328,622.740958440126,1777969.6272605383,0,0
2026-01-04 10:36:12.790495,660396.7144832194,304876.719749706,440.26447632214627,203.25114649980398,965273.4342329254,0,0
2026-01-04 10:36:13.790495,604294.0934161874,901821.4080891637,402.86272894412497,601.2142720594425,1506115.5015053512,0,0
2026-01-04 10:36:14.790495,706799.0771298193,364821.3420647684,471.1993847532129,243.21422804317896,1071620.4191945877,0,0
2026-01-04 10:36:15.790495,3628072.092986544,1742555.6525574601,621.6743206434458,298.58891271240043,5370627.745544004,0,0
2026-01-04 10:36:16.790495,847021.9717356331,951413.9798012864,564.6813144904221,634.2759865341909,1798435.9515369195,0,0
2026-01-04 10:36:17.790495,467030.6109624452,504190.4936688727,311.3537406416301,336.12699577924843,971221.1046313179,0,0
2026-01-04 10:36:18.790495,585976.7099429378,794652.3183070468,390.65113996195856,529.7682122046979,1380629.0282499846,0,0
2026-01-04 10:36:19.790495,620893.0386235776,1017641.0582248396,413.9286924157184,678.4273721498931,1638534.0968484173,0,0
2026-01-04 10:36:20.790495,636151.3995152434,1372717.5187690067,424.10093301016224,915.1450125126711,2008868.91828425,0,0
2026-01-04 10:36:21.790495,730278.6988867142,654364.9228660192,486.8524659244761,436.24328191067946,1384643.6217527334,0,0
2026-01-04 10:36:22.790495,412713.25375278364,929918.6460024,275.1421691685224,619.9457640016,1342631.8997551836,0,0
2026-01-04 10:36:23.790495,769172.0567156605,725993.2248329394,512.7813711437736,483.99548322195966,1495165.2815486,0,0
2026-01-04 10:36:24.790495,646917.8228371411,304549.06294372113,431.2785485580941,203.0327086291474,951466.8857808622,0,0
2026-01-04 10:36:25.790495,331038.98269212287,289266.82090623636,220.69265512808192,192.84454727082425,620305.8035983592,0,0
2026-01-04 10:36:26.790495,1213555.4682198167,687768.6831985005,809.0369788132111,458.512455465667,1901324.1514183173,0,0
2026-01-04 10:36:27.790495,463572.8617039936,716308.4448219079,309.048574469329,477.53896321460525,1179881.3065259014,0,0
2026-01-04 10:36:28.790495,1082455.286789658,616238.5332932941,721.636857859772,410.8256888621961,1698693.8200829523,0,0
2026-01-04 10:36:29.790495,599116.6145573537,332180.89032593585,399.4110763715691,221.45392688395722,931297.5048832896,0,0
2026-01-04 10:36:30.790495,2747940.287409197,1975428.1072584218,608.9810860973082,437.78183964819345,4723368.394667619,0,0
2026-01-04 10:36:31.790495,590452.1162120673,1097167.0165815477,393.63474414137823,731.4446777210318,1687619.1327936149,0,0
2026-01-04 10:36:32.790495,471143.70092283405,514520.10127526365,314.0958006152227,343.01340085017574,985663.8021980977,0,0
2026-01-04 10:36:33.790495,951782.3043306983,929503.5928674537,634.5215362204656,619.6690619116358,1881285.897198152,0,0
2026-01-04 10:36:34.790495,905042.5864704855,739145.9131296967,603.3617243136571,492.7639420864645,1644188.4996001823,0,0
2026-01-04 10:36:35.790495,630921.7424073189,839422.0950896402,420.6144949382126,559.6147300597602,1470343.8374969591,0,0
2026-01-04 10:36:36.790495,815204.286775388,758629.7060076736,543.4695245169254,505.7531373384491,1573833.9927830617,0,0
2026-01-04 10:36:37.790495,857335.7849697868,1349523.9105075628,571.5571899798579,899.6826070050419,2206859.6954773497,0,0
2026-01-04 10:36:38.790495,605877.791119508,1062407.5723542573,403.91852741300534,708.2717149028382,1668285.3634737653,0,0
2026-01-04 10:36:39.790495,646498.2087238492,1218100.269570811,430.99880581589946,812.0668463805406,1864598.4782946603,0,0
2026-01-04 10:36:40.790495,853585.3085334864,555379.7578782146,569.0568723556577,370.2531719188097,1408965.066411701,0,0
2026-01-04 10:36:41.790495,1110300.4576261395,646585.2854821725,740.200305084093,431.056856988115,1756885.7431083121,0,0
2026-01-04 10:36:42.790495,965122.0579774397,831091.5839839076,643.4147053182932,554.0610559892717,1796213.6419613473,0,0
2026-01-04 10:36:43.790495,604156.1259958453,685571.8585224072,402.7707506638969,457.04790568160485,1289727.9845182525,0,0
2026-01-04 10:36:44.790495,696487.9039022515,1046761.6271475258,464.3252692681677,697.8410847650172,1743249.5310497773,0,0
2026-01-04 10:36:45.790495,1241964.5468576981,836588.1906850588,827.9763645717987,557.7254604567058,2078552.7375427568,0,0
2026-01-04 10:36:46.790495,3967829.5322259385,5430507.3690430345,632.225509857017,865.2854822241943,9398336.901268972,0,0
2026-01-04 10:36:47.790495,1370674.4333765896,711777.8790626094,913.782955584393,474.5185860417396,2082452.3124391988,0,0
2026-01-04 10:36:48.790495,3491857.4024642953,3626531.693124891,589.1648327212786,611.887798405075,7118389.095589186,0,0
2026-01-04 10:36:49.790495,1253251.5899279492,563317.9050901216,835.5010599519661,375.545270060081,1816569.4950180708,0,0
2026-01-04 10:36:50.790495,1042399.7035572872,1423990.664006936,694.9331357048582,949.3271093379573,2466390.3675642232,0,0
2026-01-04 10:36:51.790495,589599.2956930083,1005069.8225762114,393.06619712867223,670.0465483841409,1594669.1182692198,0,0
2026-01-04 10:36:52.790495,983175.6430370614,565408.3058878556,655.4504286913743,376.9388705919037,1548583.948924917,0,0
2026-01-04 10:36:53.790495,682689.3362690952,625153.0729659019,455.1262241793968,416.7687153106013,1307842.4092349971,0,0
2026-01-04 10:36:54.790495,1219078.4662799975,687933.5342476058,812.7189775199984,458.6223561650705,1907012.0005276033,0,0
2026-01-04 10:36:55.790495,645233.3576121726,1131356.8912732685,430.1555717414484,754.2379275155123,1776590.248885441,0,0
2026-01-04 10:36:56.790495,6410519.005719154,4610837.591893916,904.1976900665344,650.3543154841199,11021356.59761307,0,0
2026-01-04 10:36:57.790495,988497.2890473524,428387.74915216875,658.9981926982349,285.5918327681125,1416885.0381995211,0,0
2026-01-04 10:36:58.790495,1267714.2506962786,582941.224902803,845.1428337975191,388.6274832685353,1850655.4755990817,0,0
2026-01-04 10:36:59.790495,640206.4002231902,1057537.6566170813,426.80426681546015,705.0251044113875,1697744.0568402715,0,0
2026-01-04 10:37:00.790495,488636.6436457118,848241.1464750351,325.75776243047454,565.4940976500234,1336877.790120747,0,0
2026-01-04 10:37:01.790495,417404.23709151207,719319.7802876637,278.2694913943414,479.5465201917758,1136724.0173791759,0,0
2026-01-04 10:37:02.790495,1269400.6540960022,891552.4409890571,846.2671027306682,594.3682939927047,2160953.0950850593,0,0
2026-01-04 10:37:03.790495,629624.1473016391,912652.7896103092,419.74943153442604,608.4351930735395,1542276.9369119483,0,0
2026-01-04 10:37:04.790495,4496305.639498565,2489566.3961170134,711.3012691728732,393.841495491764,6985872.035615579,0,0
2026-01-04 10:37:05.790495,506852.73793085763,539274.9963419536,337.9018252872384,359.5166642279691,1046127.7342728112,0,0
2026-01-04 10:37:06.790495,659025.4991583795,718954.736620712,439.350332772253,479.3031577471413,1377980.2357790915,0,0
2026-01-04 10:37:07.790495,693096.9418042176,962714.5057554387,462.06462786947844,641.8096705036259,1655811.4475596563,0,0
2026-01-04 10:37:08.790495,880695.6895242376,509414.43349997664,587.1304596828251,339.60962233331776,1390110.1230242143,0,0
2026-01-04 10:37:09.790495,1028671.5109763712,624549.1446617941,685.7810073175808,416.366096441196,1653220.6556381653,0,0
2026-01-04 10:37:10.790495,655261.8060732383,451942.24886147387,436.8412040488255,301.29483257431593,1107204.0549347121,0,0
2026-01-04 10:37:11.790495,959543.9603184055,471970.80420733604,639.6959735456037,314.6472028048907,1431514.7645257416,0,0
2026-01-04 10:37:12.790495,567278.7042357818,954759.2472299853,378.18580282385454,636.5061648199902,1522037.951465767,0,0
2026-01-04 10:37:13.790495,2936232.024333521,2305864.0590708237,517.1184694466406,406.1003636963532,5242096.0834043445,0,0
2026-01-04 10:37:14.790495,843216.8613029522,409385.87166345754,562.1445742019681,272.92391444230503,1252602.7329664098,0,0
2026-01-04 10:37:15.790495,838137.0743432619,928653.9239303825,558.7580495621746,619.1026159535883,1766790.9982736444,0,0
2026-01-04 10:37:16.790495,554580.4358293151,740449.5133777617,369.72029055287675,493.6330089185078,1295029.9492070768,0,0
2026-01-04 10:37:17.790495,603741.2828930323,743767.4622379702,402.49418859535484,495.84497482531344,1347508.7451310025,0,0
2026-01-04 10:37:18.790495,803936.8391180505,521433.0725758922,535.957892745367,347.62204838392813,1325369.9116939427,0,0
2026-01-04 10:37:19.790495,389514.7398907292,735601.4423217559,259.67649326048615,490.40096154783726,1125116.1822124852,0,0
2026-01-04 10:37:20.790495,552298.7017307432,634590.8241456145,368.1991344871621,423.06054943040965,1186889.5258763577,0,0
2026-01-04 10:37:21.790495,428050.4514029491,608465.5030076327,285.36696760196605,405.6436686717551,1036515.9544105817,0,0
2026-01-04 10:37:22.790495,2335784.559054106,4252683.803632708,358.45589366225704,652.628500083709,6588468.362686814,0,0
2026-01-04 10:37:23.790495,729404.4479478527,396884.3867173692,486.26963196523513,264.5895911449128,1126288.8346652219,0,0
2026-01-04 10:37:24.790495,823727.2011931461,374282.5558309812,549.1514674620973,249.5217038873208,1198009.7570241273,0,0
2026-01-04 10:37:25.790495,608857.2797858809,1151464.2934308772,405.9048531905873,767.6428622872514,1760321.573216758,0,0
2026-01-04 10:37:26.790495,1019561.9794924941,500624.5027496787,679.7079863283294,333.7496684997858,1520186.4822421728,0,0
2026-01-04 10:37:27.790495,596901.4326495111,1205980.3786177237,397.93428843300745,803.9869190784825,1802881.8112672349,0,0
2026-01-04 10:37:28.790495,681474.5830833586,756003.7253375188,454.3163887222391,504.0024835583459,1437478.3084208774,0,0
2026-01-04 10:37:29.790495,1208117.9877183181,825775.7680878399,805.4119918122121,550.5171787252266,2033893.755806158,0,0
2026-01-04 10:37:30.790495,456867.9279169903,811176.7507100349,304.5786186113269,540.7845004733566,1268044.678627025,0,0
2026-01-04 10:37:31.790495,856873.5715449355,974123.7017463456,571.2490476966236,649.4158011642304,1830997.273291281,0,0
2026-01-04 10:37:32.790495,622458.9467011892,772935.1860030828,414.9726311341261,515.2901240020552,1395394.132704272,1,0
2026-01-04 10:37:33.790495,912992.9139940777,1012346.427188969,608.6619426627185,674.8976181259793,1925339.3411830466,0,0
2026-01-04 10:37:34.790495,937072.4140710622,486394.81798756623,624.7149427140415,324.2632119917108,1423467.2320586285,0,0
2026-01-04 10:37:35.790495,993122.0806234943,506652.6608069126,662.0813870823296,337.76844053794173,1499774.741430407,0,0
2026-01-04 10:37:36.790495,781397.2833184054,930455.625569944,520.9315222122702,620.3037503799627,1711852.9088883495,0,0
2026-01-04 10:37:37.790495,1240051.6848788136,799054.3835924192,826.7011232525424,532.7029223949461,2039106.0684712327,0,0
2026-01-04 10:37:38.790495,1237066.723539582,531663.0087784656,824.711149026388,354.4420058523104,1768729.7323180474,0,0
2026-01-04 10:37:39.790495,794208.2758540703,775804.6075958739,529.4721839027136,517.2030717305826,1570012.8834499442,0,0
2026-01-04 10:37:40.790495,709050.5749711999,1407644.325695835,472.70038331413326,938.42955046389,2116694.900667035,0,0
2026-01-04 10:37:41.790495,789161.5379012029,947929.022046563,526.1076919341352,631.9526813643753,1737090.559947766,0,0
2026-01-04 10:37:42.790495,804153.6212782908,738604.925986119,536.1024141855272,492.403283990746,1542758.5472644097,0,0
2026-01-04 10:37:43.790495,872232.5933403089,1367834.4623819934,581.488395560206,911.8896415879956,2240067.0557223023,0,0
2026-01-04 10:37:44.790495,750337.0733102814,1017752.0490079487,500.22471554018756,678.5013660052991,1768089.12231823,0,0
2026-01-04 10:37:45.790495,604818.2499508235,1207671.937812236,403.2121666338823,805.1146252081572,1812490.1877630593,0,0
2026-01-04 10:37:46.790495,566793.0172193319,767973.5558027823,377.8620114795546,511.9823705351882,1334766.5730221143,0,0
2026-01-04 10:37:47.790495,917077.4093842949,822509.9569605675,611.38493958953,548.339971307045,1739587.3663448624,0,0
2026-01-04 10:37:48.790495,1016625.9899212205,811808.5716724567,677.7506599474804,541.2057144483044,1828434.5615936772,0,0
2026-01-04 10:37:49.790495,608286.0906640621,620563.1231928546,405.52406044270805,413.7087487952364,1228849.2138569166,0,0
2026-01-04 10:37:50.790495,556282.520662256,763608.2691107788,370.85501377483735,509.0721794071859,1319890.7897730349,0,0
2026-01-04 10:37:51.790495,952949.6153969388,518435.8781546095,635.2997435979592,345.6239187697397,1471385.4935515483,0,0
2026-01-04 10:37:52.790495,640179.639108163,1335821.2100729533,426.7864260721086,890.5474733819689,1976000.8491811163,0,0
2026-01-04 10:37:53.790495,562502.4028103319,1156856.3779811459,375.0016018735546,771.2375853207639,1719358.7807914775,0,0
2026-01-04 10:37:54.790495,647325.1807912476,806266.6420223906,431.55012052749845,537.5110946815937,1453591.8228136383,0,0
2026-01-04 10:37:55.790495,1032085.0891500794,691962.0467172131,688.056726100053,461.30803114480875,1724047.1358672925,0,0
2026-01-04 10:37:56.790495,1275954.2430633,1024759.0482999651,850.6361620422,683.1726988666434,2300713.291363265,0,0
2026-01-04 10:37:57.790495,1548671.0267475445,681373.3237153564,1032.4473511650297,454.24888247690427,2230044.350462901,0,0
2026-01-04 10:37:58.790495,661680.1619810578,1242069.5040058699,441.1201079873719,828.0463360039132,1903749.6659869277,0,0
2026-01-04 10:37:59.790495,449059.435569359,1023083.8231813048,299.3729570462393,682.0558821208699,1472143.2587506638,0,0
2026-01-04 10:38:00.790495,665007.5810635275,822039.6342061866,443.338387375685,548.0264228041244,1487047.2152697141,0,0
2026-01-04 10:38:01.790495,386087.1565097374,171232.16471621764,257.3914376731583,114.15477647747842,557319.321225955,0,0
2026-01-04 10:38:02.790495,754248.9264635692,923585.9888588578,502.83261764237943,615.7239925725719,1677834.915322427,0,0
2026-01-04 10:38:03.790495,605463.2514674839,643529.5555358058,403.6421676449893,429.0197036905372,1248992.8070032897,0,0
2026-01-04 10:38:04.790495,819742.8857067592,504800.38712518016,546.4952571378394,336.53359141678675,1324543.2728319394,0,0
2026-01-04 10:38:05.790495,920687.2403749797,1180136.5245632068,613.7914935833198,786.7576830421378,2100823.7649381864,0,0
2026-01-04 10:38:06.790495,792680.063137385,832702.3856790396,528.4533754249233,555.1349237860264,1625382.4488164245,0,0
2026-01-04 10:38:07.790495,804522.2598850918,461008.364933488,536.3481732567278,307.33890995565866,1265530.6248185798,0,0
2026-01-04 10:38:08.790495,375470.7743102168,785568.374990993,250.3138495401445,523.7122499939953,1161039.1493012097,0,0
2026-01-04 10:38:09.790495,1530842.8730374575,715769.5820847315,1020.561915358305,477.17972138982105,2246612.455122189,0,0
2026-01-04 10:38:10.790495,806432.3150952839,386004.70155466965,537.6215433968559,257.3364677031131,1192437.0166499536,0,0
2026-01-04 10:38:11.790495,787013.9076300204,540563.458109415,524.6759384200136,360.37563873961,1327577.3657394354,0,0
2026-01-04 10:38:12.790495,711478.2101111948,793881.0484132068,474.3188067407965,529.2540322754712,1505359.2585244016,0,0
2026-01-04 10:38:13.790495,303025.4631146559,470750.3821147423,202.01697540977062,313.8335880764949,773775.8452293982,0,0
2026-01-04 10:38:14.790495,690092.713607052,962634.1595798294,460.061809071368,641.7561063865529,1652726.8731868814,0,0
2026-01-04 10:38:15.790495,416416.10955235007,629776.4588100694,277.61073970156673,419.85097254004626,1046192.5683624194,0,0
2026-01-04 10:38:16.790495,524365.3127620671,534905.9721067349,349.5768751747114,356.6039814044899,1059271.284868802,0,0
2026-01-04 10:38:17.790495,663868.7619498664,547576.8977681274,442.5791746332443,365.0512651787516,1211445.6597179938,0,0
2026-01-04 10:38:18.790495,889682.0294034245,865123.0212881087,593.1213529356163,576.7486808587391,1754805.0506915331,0,0
2026-01-04 10:38:19.790495,632962.7272337526,1023246.7196271935,421.9751514891684,682.1644797514623,1656209.446860946,0,0
2026-01-04 10:38:20.790495,455473.2411783785,696638.7901860344,303.64882745225236,464.42586012402296,1152112.031364413,0,0
2026-01-04 10:38:21.790495,446923.93650006794,799618.5676314776,297.9492910000453,533.0790450876517,1246542.5041315455,0,0
2026-01-04 10:38:22.790495,812556.4761370423,817209.242886446,541.7043174246949,544.8061619242973,1629765.7190234882,0,0
2026-01-04 10:38:23.790495,1160353.0825206507,570114.9411581447,773.5687216804338,380.0766274387632,1730468.0236787954,0,0
2026-01-04 10:38:24.790495,510903.8862563699,744509.9797157308,340.6025908375799,496.33998647715384,1255413.8659721005,0,0
2026-01-04 10:38:25.790495,671694.3237300484,670573.5797930429,447.7962158200323,447.0490531953619,1342267.9035230912,0,0
2026-01-04 10:38:26.790495,496779.85445661494,741001.043984293,331.1865696377433,494.00069598952865,1237780.898440908,0,0
2026-01-04 10:38:27.790495,1240349.5330873963,2661424.5759913586,248.4580193524408,533.1176907534903,3901774.1090787547,0,0
2026-01-04 10:38:28.790495,458244.9157066252,713181.0578704274,305.4966104710835,475.45403858028493,1171425.9735770526,0,0
2026-01-04 10:38:29.790495,856261.046516442,911803.741506638,570.840697677628,607.8691610044253,1768064.78802308,0,0
2026-01-04 10:38:30.790495,814323.6826294748,729432.7070307817,542.8824550863166,486.28847135385445,1543756.3896602564,0,0
2026-01-04 10:38:31.790495,677288.2387387906,1457091.207416479,451.52549249252706,971.3941382776527,2134379.4461552696,0,0
2026-01-04 10:38:32.790495,664654.9990750997,319280.8290972346,443.1033327167331,212.85388606482306,983935.8281723344,0,0
2026-01-04 10:38:33.790495,794428.7566905274,589989.7514559614,529.6191711270183,393.3265009706409,1384418.5081464888,0,0
2026-01-04 10:38:34.790495,747461.4027142904,706149.3188387735,498.30760180952694,470.76621255918235,1453610.721553064,0,0
2026-01-04 10:38:35.790495,818073.9712001059,888115.6757909349,545.3826474667372,592.0771171939566,1706189.6469910408,0,0
2026-01-04 10:38:36.790495,410065.4587570334,719769.4919377292,273.3769725046889,479.84632795848614,1129834.9506947626,0,0
2026-01-04 10:38:37.790495,985103.2496805298,867370.6446295197,656.7354997870199,578.2470964196798,1852473.8943100495,0,0
2026-01-04 10:38:38.790495,602347.5162575558,1245921.6019170247,401.56501083837054,830.6144012780164,1848269.1181745804,0,0
2026-01-04 10:38:39.790495,953403.1874173579,605658.160999597,635.6021249449053,403.7721073330647,1559061.348416955,0,0
2026-01-04 10:38:40.790495,958527.2497022322,554072.5515239609,639.0181664681548,369.38170101597393,1512599.801226193,0,0
2026-01-04 10:38:41.790495,778563.8777268926,930061.4657971913,519.0425851512617,620.0409771981275,1708625.3435240837,0,0
2026-01-04 10:38:42.790495,917260.3280950016,667788.3969304485,611.5068853966677,445.192264620299,1585048.72502545,0,0
2026-01-04 10:38:43.790495,834748.5563927168,709059.5533683115,556.4990375951445,472.70636891220767,1543808.1097610283,0,0
2026-01-04 10:38:44.790495,1065633.7607772362,625408.3070739822,710.4225071848241,416.9388713826548,1691042.0678512184,0,0
2026-01-04 10:38:45.790495,1089512.824300627,781324.8659100797,726.3418828670847,520.8832439400531,1870837.6902107068,0,0
2026-01-04 10:38:46.790495,816601.9695878314,486526.8982042565,544.4013130585543,324.3512654695043,1303128.8677920878,0,0
2026-01-04 10:38:47.790495,609866.6244732857,1183781.0055947292,406.57774964885715,789.1873370631528,1793647.630068015,0,0
2026-01-04 10:38:48.790495,952979.8522056068,981798.4412424878,635.3199014704045,654.5322941616585,1934778.2934480945,0,0
2026-01-04 10:38:49.790495,1109463.4335525653,1250368.071087417,739.6422890350435,833.578714058278,2359831.5046399822,0,0
2026-01-04 10:38:50.790495,1220737.3589189996,872781.8278320783,813.8249059459997,581.8545518880522,2093519.1867510779,0,0
2026-01-04 10:38:51.790495,4433454.163202152,4113566.569304073,659.4642384132419,611.881829591071,8547020.732506225,0,0
2026-01-04 10:38:52.790495,1021386.7664726186,655159.3761894815,680.9245109817457,436.7729174596543,1676546.1426621,0,0
2026-01-04 10:38:53.790495,783058.642959765,435477.689005334,522.03909530651,290.3184593368893,1218536.331965099,0,0
2026-01-04 10:38:54.790495,576122.6236387423,671153.5907559332,384.0817490924948,447.43572717062216,1247276.2143946753,0,0
2026-01-04 10:38:55.790495,1049757.18325865,563345.9293599861,699.8381221724333,375.5639529066574,1613103.1126186359,0,0
2026-01-04 10:38:56.790495,776500.349395632,1121233.3519772957,517.666899597088,747.4889013181971,1897733.7013729278,0,0
2026-01-04 10:38:57.790495,574895.7918686046,897334.844041488,383.2638612457364,598.223229360992,1472230.6359100926,0,0
2026-01-04 10:38:58.790495,709103.9182704593,1216442.3127757157,472.73594551363954,810.9615418504771,1925546.231046175,0,0
2026-01-04 10:38:59.790495,744325.5359562074,577473.6893907161,496.217023970805,384.98245959381074,1321799.2253469236,0,0
2026-01-04 10:39:00.790495,3526585.719443301,4180231.0661567277,492.0172765241647,583.211657970648,7706816.785600029,0,1
2026-01-04 10:39:01.790495,565484.9101362437,1299537.6875796968,376.9899400908291,866.3584583864645,1865022.5977159406,0,0
2026-01-04 10:39:02.790495,699064.5397368673,618772.5852905103,466.04302649124486,412.5150568603402,1317837.1250273776,0,0
2026-01-04 10:39:03.790495,266582.20385909075,400971.909477533,177.72146923939383,267.31460631835535,667554.1133366238,0,0
2026-01-04 10:39:04.790495,683805.9860068165,515089.9727499649,455.8706573378777,343.3933151666433,1198895.9587567814,0,0
2026-01-04 10:39:05.790495,881446.9422886303,467337.9904190976,587.6312948590869,311.5586602793984,1348784.932707728,0,0
2026-01-04 10:39:06.790495,825166.7135169588,1113908.3091089972,550.1111423446391,742.6055394059981,1939075.022625956,0,0
2026-01-04 10:39:07.790495,566189.6783847954,1265280.9483136772,377.4597855898636,843.5206322091182,1831470.6266984725,0,0
2026-01-04 10:39:08.790495,971891.7337611854,455958.2150901571,647.927822507457,303.9721433934381,1427849.9488513425,1,0
2026-01-04 10:39:09.790495,337716.57389198977,714330.7239018272,225.14438259465985,476.2204826012182,1052047.297793817,0,0
2026-01-04 10:39:10.790495,889010.5714013699,607258.5209300715,592.67371426758,404.83901395338097,1496269.0923314414,0,0
2026-01-04 10:39:11.790495,1035252.1262739922,568051.0403494148,690.1680841826615,378.7006935662765,1603303.166623407,0,0
2026-01-04 10:39:12.790495,625654.9707082025,891749.4272251294,417.1033138054683,594.4996181500863,1517404.397933332,0,0
2026-01-04 10:39:13.790495,961692.4578315908,588794.9422352555,641.1283052210605,392.5299614901703,1550487.4000668463,0,0
2026-01-04 10:39:14.790495,548375.8139691981,580722.2430369509,365.58387597946546,387.14816202463396,1129098.057006149,0,0
2026-01-04 10:39:15.790495,437744.64106936275,516186.0457684343,291.8297607129085,344.12403051228955,953930.686837797,0,0
2026-01-04 10:39:16.790495,610170.3757610349,1164999.9529609685,406.7802505073566,776.6666353073123,1775170.3287220036,0,0
2026-01-04 10:39:17.790495,474976.35930224205,404616.25148434716,316.6509062014947,269.7441676562314,879592.6107865892,0,0
2026-01-04 10:39:18.790495,525777.8416364458,724871.6600518436,350.5185610909639,483.2477733678957,1250649.5016882895,0,0
2026-01-04 10:39:19.790495,692598.8772933221,487193.648891348,461.73258486221476,324.7957659275653,1179792.5261846702,0,0
2026-01-04 10:39:20.790495,606292.7250285706,1113252.1874637916,404.1951500190471,742.168124975861,1719544.9124923623,0,0
2026-01-04 10:39:21.790495,472910.54435038316,498609.2176505891,315.2736962335888,332.40614510039273,971519.7620009723,0,0
2026-01-04 10:39:22.790495,871429.7802910449,635478.4089903324,580.9531868606965,423.65227266022157,1506908.1892813772,0,0
2026-01-04 10:39:23.790495,612663.5948448526,737041.4471953793,408.44239656323504,491.3609647969195,1349705.0420402319,0,0
2026-01-04 10:39:24.790495,520620.3690202089,574654.485668087,347.0802460134726,383.10299044539136,1095274.8546882959,0,0
2026-01-04 10:39:25.790495,474455.8247867728,221658.90412561464,316.30388319118185,147.77260275040976,696114.7289123874,0,0
2026-01-04 10:39:26.790495,410137.9985615851,708222.5015338783,273.42533237439005,472.14833435591885,1118360.5000954634,0,0
2026-01-04 10:39:27.790495,873618.1442171393,632521.9127547026,582.4120961447595,421.6812751698017,1506140.056971842,0,0
2026-01-04 10:39:28.790495,881082.8169971213,1372659.4365936012,587.3885446647475,915.1062910624008,2253742.2535907226,0,0
2026-01-04 10:39:29.790495,694060.516610908,619155.0311081378,462.70701107393865,412.77002073875855,1313215.5477190458,0,0
2026-01-04 10:39:30.790495,679116.4042799169,729123.8074539305,452.7442695199446,486.0825383026203,1408240.2117338474,0,0
2026-01-04 10:39:31.790495,429269.9773689369,752396.4415562779,286.1799849126246,501.5976277041853,1181666.4189252148,0,0
2026-01-04 10:39:32.790495,728390.0266440125,641937.9579423413,485.59335109600835,427.95863862822756,1370327.9845863539,0,0
2026-01-04 10:39:33.790495,949190.0321386263,911715.1640896772,632.7933547590842,607.8101093931181,1860905.1962283035,0,0
2026-01-04 10:39:34.790495,667012.8980095536,1505172.7592980172,444.6752653397024,1003.4485061986782,2172185.657307571,0,0
2026-01-04 10:39:35.790495,3475668.624443459,1789630.3618804137,638.5526854400102,328.7923553721126,5265298.986323873,0,0
2026-01-04 10:39:36.790495,803926.8792057198,642178.2726340012,535.9512528038132,428.1188484226675,1446105.151839721,0,0
2026-01-04 10:39:37.790495,881891.0487150557,558069.2718412597,587.9273658100371,372.04618122750645,1439960.3205563154,0,0
2026-01-04 10:39:38.790495,1331103.7598234257,891421.1131030308,887.4025065489504,594.2807420686872,2222524.8729264564,0,0
2026-01-04 10:39:39.790495,738693.3157278701,510542.3872054611,492.4622104852467,340.3615914703074,1249235.7029333313,0,0
2026-01-04 10:39:40.790495,1527685.6083480988,999739.8613379112,1018.4570722320659,666.4932408919408,2527425.46968601,0,0
2026-01-04 10:39:41.790495,1053144.0631852967,844523.837211583,702.0960421235311,563.0158914743887,1897667.9003968798,0,0
2026-01-04 10:39:42.790495,1197998.3029834288,552055.5484477427,798.6655353222859,368.03703229849515,1750053.8514311716,0,0
2026-01-04 10:39:43.790495,991127.4684153757,1208555.8604530774,660.7516456102504,805.7039069687182,2199683.328868453,0,0
2026-01-04 10:39:44.790495,3113383.3613485727,3060623.4908668255,664.8676887192538,653.6007392070895,6174006.852215398,0,0
2026-01-04 10:39:45.790495,1199555.3648828329,1081706.3734567733,799.7035765885553,721.1375823045156,2281261.738339606,0,0
2026-01-04 10:39:46.790495,929147.0834452494,468662.4748119835,619.4313889634996,312.4416498746557,1397809.558257233,0,0
2026-01-04 10:39:47.790495,1272784.233338182,729415.0600687803,848.5228222254548,486.2767067125202,2002199.2934069624,0,0
2026-01-04 10:39:48.790495,7306325.881056021,3376259.491983497,1003.6452826480083,463.785350843813,10682585.373039518,0,0
2026-01-04 10:39:49.790495,2150218.197654395,2076256.8329016478,475.0225566302836,458.6831373959749,4226475.030556043,0,1
2026-01-04 10:39:50.790495,1012715.7792679894,973950.2122863714,675.1438528453263,649.3001415242476,1986665.9915543608,0,0
2026-01-04 10:39:51.790495,980877.3721513121,796203.0372822959,653.9182481008747,530.8020248548639,1777080.409433608,0,0
2026-01-04 10:39:52.790495,1498090.0837814198,710810.4975747196,998.7267225209465,473.87366504981304,2208900.5813561394,0,0
2026-01-04 10:39:53.790495,476999.3765080333,931486.7681424813,317.99958433868886,620.9911787616542,1408486.1446505147,0,0
2026-01-04 10:39:54.790495,851648.4704033474,770558.076687675,567.765646935565,513.70538445845,1622206.5470910224,0,0
2026-01-04 10:39:55.790495,1171193.6280162975,881122.598812135,780.7957520108649,587.4150658747567,2052316.2268284326,0,0
2026-01-04 10:39:56.790495,4543331.489735361,2841156.1487196884,712.4093172065182,445.50262655485676,7384487.63845505,0,0
2026-01-04 10:39:57.790495,471564.6527925796,736357.9845593759,314.3764351950531,490.90532303958395,1207922.6373519555,0,0
2026-01-04 10:39:58.790495,681138.3079574909,1060285.6777604711,454.0922053049939,706.8571185069808,1741423.985717962,0,0
2026-01-04 10:39:59.790495,1405302.0178608599,631193.3185163946,936.8680119072399,420.7955456775964,2036495.3363772545,0,0
2026-01-04 10:40:00.790495,1291796.8709322552,645751.0179683267,861.1979139548367,430.50067864555115,1937547.888900582,0,0
2026-01-04 10:40:01.790495,909909.7052957256,900902.7991529474,606.6064701971504,600.6018661019649,1810812.504448673,0,0
2026-01-04 10:40:02.790495,472706.30627583474,1064149.8179408615,315.13753751722317,709.4332119605743,1536856.1242166962,0,0
2026-01-04 10:40:03.790495,485668.72349852213,1073175.2313588802,323.77914899901475,715.4501542392535,1558843.9548574022,0,0
2026-01-04 10:40:04.790495,1145502.5003554437,570020.8726207782,763.6683335702958,380.01391508051876,1715523.3729762218,0,0
2026-01-04 10:40:05.790495,783853.3058963399,451301.3305924393,522.5688705975599,300.8675537282929,1235154.6364887792,0,0
2026-01-04 10:40:06.790495,330626.5596743834,305753.12552171014,220.4177064495889,203.83541701447342,636379.6851960935,0,0
2026-01-04 10:40:07.790495,846801.8780566882,811030.262349918,564.5345853711254,540.686841566612,1657832.1404066063,0,0
2026-01-04 10:40:08.790495,915126.4281007199,869860.8757169679,610.08428540048,579.9072504779786,1784987.3038176878,0,0
2026-01-04 10:40:09.790495,909331.2959037032,404523.4050087589,606.2208639358022,269.68227000583926,1313854.700912462,0,0
2026-01-04 10:40:10.790495,776812.3142532851,613382.3020926074,517.8748761688568,408.92153472840494,1390194.6163458924,0,0
2026-01-04 10:40:11.790495,1139157.4700704087,742433.1726545393,759.4383133802725,494.9554484363596,1881590.642724948,0,0
2026-01-04 10:40:12.790495,648901.5347870816,561825.626332738,432.60102319138775,374.5504175551587,1210727.1611198196,0,1
2026-01-04 10:40:13.790495,638224.8591251181,671298.6843387497,425.4832394167454,447.53245622583313,1309523.5434638679,0,0
2026-01-04 10:40:14.790495,515298.04902345536,577641.5042185489,343.53203268230357,385.09433614569923,1092939.5532420042,0,0
2026-01-04 10:40:15.790495,620814.5869878643,868573.8209503895,413.8763913252429,579.0492139669263,1489388.4079382538,0,0
2026-01-04 10:40:16.790495,463258.85106268624,659425.5775378633,308.8392340417908,439.61705169190884,1122684.4286005495,0,0
2026-01-04 10:40:17.790495,414303.6224298041,663994.4783149123,276.2024149532027,442.6629855432749,1078298.1007447164,0,0
2026-01-04 10:40:18.790495,774389.8942197278,547067.3256880421,516.2599294798185,364.7115504586947,1321457.21990777,0,0
2026-01-04 10:40:19.790495,989059.7338462515,733118.5113668357,659.373155897501,488.7456742445571,1722178.2452130872,0,0
2026-01-04 10:40:20.790495,359523.4021901337,519270.31720252486,239.6822681267558,346.1802114683499,878793.7193926586,0,0
2026-01-04 10:40:21.790495,492319.6537672443,712772.7833499626,328.21310251149623,475.18185556664173,1205092.4371172069,0,0
2026-01-04 10:40:22.790495,385155.888250063,420316.29427205643,256.77059216670864,280.2108628480376,805472.1825221194,0,0
2026-01-04 10:40:23.790495,739161.2272568895,442060.0330369934,492.77415150459296,294.70668869132896,1181221.2602938828,0,0
2026-01-04 10:40:24.790495,549100.0230681809,863773.8159783885,366.06668204545394,575.849210652259,1412873.8390465695,0,0
2026-01-04 10:40:25.790495,657776.2232173509,852162.5475001711,438.5174821449006,568.1083650001141,1509938.7707175221,0,0
2026-01-04 10:40:26.790495,681020.5949983207,428882.4292319376,454.0137299988805,285.9216194879584,1109903.0242302583,0,0
2026-01-04 10:40:27.790495,409853.0998111535,485859.93893451965,273.2353998741023,323.90662595634643,895713.0387456731,0,0
2026-01-04 10:40:28.790495,616317.3708308522,334041.2543742012,410.87824722056814,222.69416958280078,950358.6252050534,0,0
2026-01-04 10:40:29.790495,769718.7314250348,432819.59108388843,513.1458209500232,288.54639405592565,1202538.3225089232,0,0
2026-01-04 10:40:30.790495,689504.7055142077,1080795.2672771493,459.6698036761385,720.5301781847662,1770299.972791357,0,0
2026-01-04 10:40:31.790495,3022535.2656066436,2422288.669548598,404.0167814079381,323.7829126587612,5444823.935155242,0,0
2026-01-04 10:40:32.790495,796878.408270633,1171759.5327471113,531.252272180422,781.1730218314075,1968637.9410177444,0,0
2026-01-04 10:40:33.790495,1078765.9707208364,751615.2486362025,719.1773138138909,501.07683242413503,1830381.219357039,0,0
2026-01-04 10:40:34.790495,607605.3135227718,1124504.2478633714,405.0702090151812,749.669498575581,1732109.5613861433,0,0
2026-01-04 10:40:35.790495,819153.0086156847,840795.3575728093,546.1020057437898,560.5302383818729,1659948.366188494,0,0
2026-01-04 10:40:36.790495,517154.33264068846,936028.6405443649,344.7695550937923,624.0190936962433,1453182.9731850533,1,0
2026-01-04 10:40:37.790495,648234.1482960959,1318339.790820646,432.15609886406395,878.8931938804308,1966573.939116742,0,0
2026-01-04 10:40:38.790495,1200421.645259135,848611.5529576256,800.2810968394233,565.7410353050838,2049033.1982167605,0,0
2026-01-04 10:40:39.790495,1037639.428976204,781275.5970795704,691.7596193174693,520.8503980530469,1818915.0260557744,0,0
2026-01-04 10:40:40.790495,771900.8237359154,966344.1073607323,514.6005491572769,644.2294049071548,1738244.9310966476,0,0
2026-01-04 10:40:41.790495,419508.99590781215,799791.9669405823,279.6726639385414,533.1946446270548,1219300.9628483944,0,0
2026-01-04 10:40:42.790495,628066.3734851199,867984.4774139739,418.7109156567466,578.6563182759826,1496050.8508990938,0,1
2026-01-04 10:40:43.790495,588447.2407442877,802618.2487991109,392.2981604961918,535.0788325327405,1391065.4895433986,0,0
2026-01-04 10:40:44.790495,1069358.5005796414,755912.1794910418,712.9056670530942,503.9414529940279,1825270.6800706831,0,0
2026-01-04 10:40:45.790495,1330353.0004695808,691709.7779925877,886.9020003130538,461.13985199505845,2022062.7784621685,0,0
2026-01-04 10:40:46.790495,1069395.9097538455,826523.7895295412,712.9306065025637,551.0158596863607,1895919.6992833868,0,0
2026-01-04 10:40:47.790495,1026157.1872893592,1115975.2545682853,684.1047915262394,743.9835030455235,2142132.4418576444,0,0
2026-01-04 10:40:48.790495,442597.7369095124,812291.2459297109,295.0651579396749,541.5274972864739,1254888.9828392232,0,0
2026-01-04 10:40:49.790495,891232.2935683463,528386.5006304012,594.1548623788975,352.25766708693413,1419618.7941987475,0,0
2026-01-04 10:40:50.790495,1088906.660827386,888886.2604933712,725.937773884924,592.5908403289142,1977792.9213207571,0,0
2026-01-04 10:40:51.790495,901237.1916233506,1075026.696130485,600.8247944155671,716.68446408699,1976263.8877538356,0,0
2026-01-04 10:40:52.790495,915910.9043654393,715679.0622074058,610.6072695769595,477.1193748049372,1631589.9665728451,0,0
2026-01-04 10:40:53.790495,924162.7423958875,626540.2255319456,616.1084949305916,417.69348368796375,1550702.967927833,0,0
2026-01-04 10:40:54.790495,642151.5007864678,1296380.8557284416,428.10100052431187,864.253903818961,1938532.3565149095,0,0
2026-01-04 10:40:55.790495,441537.18630023586,808728.7806754139,294.35812420015725,539.1525204502759,1250265.9669756498,0,0
2026-01-04 10:40:56.790495,4304018.132275689,3064283.198282418,778.5979783691139,554.3296124711377,7368301.330558107,0,0
2026-01-04 10:40:57.790495,1097486.2615412378,1179890.251476416,731.6575076941585,786.5935009842773,2277376.5130176535,0,0
2026-01-04 10:40:58.790495,874113.9171784548,727081.2625020181,582.7426114523032,484.7208416680121,1601195.179680473,0,0
2026-01-04 10:40:59.790495,1048953.7764905437,1003345.5810928007,699.3025176603625,668.8970540618672,2052299.3575833444,0,0
2026-01-04 10:41:00.790495,488665.85062870843,999574.1808860445,325.7772337524723,666.382787257363,1488240.031514753,0,0
2026-01-04 10:41:01.790495,798144.169701823,617272.156287831,532.0961131345487,411.514770858554,1415416.325989654,0,0
2026-01-04 10:41:02.790495,439244.27297296544,869960.7879497103,292.8295153153103,579.9738586331401,1309205.0609226758,0,0
2026-01-04 10:41:03.790495,1098558.273197388,875555.7112577376,732.372182131592,583.7038075051584,1974113.9844551256,0,0
2026-01-04 10:41:04.790495,827517.2811655061,1131021.906474233,551.6781874436707,754.0146043161552,1958539.187639739,0,0
2026-01-04 10:41:05.790495,711678.9042656982,705159.4337134542,474.4526028437988,470.1062891423028,1416838.3379791523,0,0
2026-01-04 10:41:06.790495,749581.838902517,373191.493042385,499.7212259350113,248.7943286949233,1122773.331944902,0,0
2026-01-04 10:41:07.790495,960026.3362308141,882683.3965169302,640.0175574872094,588.4555976779535,1842709.7327477443,0,0
2026-01-04 10:41:08.790495,472340.4896388198,884168.0939490187,314.8936597592132,589.4453959660125,1356508.5835878386,0,0
2026-01-04 10:41:09.790495,3525032.84479124,3308974.0396503955,621.8992402269321,583.781352343993,6834006.884441636,0,0
2026-01-04 10:41:10.790495,628815.5055606707,524212.50652777083,419.21033704044714,349.47500435184725,1153028.0120884415,0,0
2026-01-04 10:41:11.790495,1352695.604652632,647463.9828685053,901.7970697684214,431.6426552456702,2000159.5875211374,0,0
2026-01-04 10:41:12.790495,337386.249081116,742653.2725953485,224.92416605407732,495.10218173023236,1080039.5216764645,0,0
2026-01-04 10:41:13.790495,708862.1361457575,1235071.1676105438,472.57475743050503,823.3807784070292,1943933.3037563013,0,0
2026-01-04 10:41:14.790495,923651.7446948718,899912.5871903282,615.7678297965812,599.9417247935521,1823564.3318852,0,0
2026-01-04 10:41:15.790495,555942.7470934148,533353.5800518276,370.6284980622765,355.5690533678851,1089296.3271452424,0,0
2026-01-04 10:41:16.790495,535647.481232101,944721.879060665,357.09832082140065,629.8145860404434,1480369.360292766,0,0
2026-01-04 10:41:17.790495,482251.0209314225,599640.1101299906,321.50068062094834,399.7600734199937,1081891.131061413,0,0
2026-01-04 10:41:18.790495,4282508.008456784,4077967.936664911,593.5363117310723,565.1879794984595,8360475.945121695,0,0
2026-01-04 10:41:19.790495,774520.7280333064,672814.226888945,516.3471520222043,448.54281792596333,1447334.9549222514,0,0
2026-01-04 10:41:20.790495,647723.9184289833,391920.8866168644,431.8159456193222,261.2805910779096,1039644.8050458478,0,0
2026-01-04 10:41:21.790495,807357.4359814875,702146.5391615623,538.238290654325,468.0976927743749,1509503.9751430498,0,0
2026-01-04 10:41:22.790495,1008703.9702765244,520578.363207565,672.469313517683,347.05224213837664,1529282.3334840895,0,0
2026-01-04 10:41:23.790495,4170214.223498369,4040532.2471466833,660.0271427083327,639.5021481337449,8210746.470645052,0,0
2026-01-04 10:41:24.790495,384996.8302424803,646966.3474891293,256.6645534949869,431.3108983260862,1031963.1777316097,0,0
2026-01-04 10:41:25.790495,631043.2292443902,613827.7732527604,420.6954861629268,409.2185155018403,1244871.0024971506,0,0
2026-01-04 10:41:26.790495,907937.1624885544,424214.49278720416,605.2914416590362,282.8096618581361,1332151.6552757586,0,0
2026-01-04 10:41:27.790495,731895.0570868814,743362.3496164222,487.9300380579209,495.5748997442815,1475257.4067033036,0,0
2026-01-04 10:41:28.790495,700743.5515216636,787672.6172907318,467.16236768110906,525.1150781938212,1488416.1688123953,0,0
2026-01-04 10:41:29.790495,819708.7980221569,447844.7913517136,546.4725320147713,298.5631942344757,1267553.5893738705,0,0
2026-01-04 10:41:30.790495,747440.7167663623,460732.42906453647,498.29381117757487,307.154952709691,1208173.1458308988,0,0
2026-01-04 10:41:31.790495,396934.0783681727,561676.8667853615,264.62271891211515,374.45124452357436,958610.9451535342,0,0
2026-01-04 10:41:32.790495,504337.98988431966,1036621.0144608173,336.22532658954646,691.0806763072115,1540959.004345137,0,0
2026-01-04 10:41:33.790495,3838704.89302677,2528860.7008746993,686.3192645067263,452.13317111641396,6367565.593901469,0,0
2026-01-04 10:41:34.790495,1070554.5093407563,1042978.828221215,713.7030062271709,695.3192188141434,2113533.3375619715,0,0
2026-01-04 10:41:35.790495,2512843.5770817343,3131549.491864606,382.83766524524833,477.0989754394863,5644393.06894634,0,0
2026-01-04 10:41:36.790495,705745.2509492758,563119.8067099309,470.4968339661839,375.41320447328724,1268865.0576592067,0,0
2026-01-04 10:41:37.790495,723308.2997744572,1318640.7472405545,482.20553318297146,879.0938314937031,2041949.0470150118,0,0
2026-01-04 10:41:38.790495,1047890.8179616471,792377.0910085795,698.5938786410981,528.2513940057197,1840267.9089702265,0,0
2026-01-04 10:41:39.790495,765298.5799281375,1426362.8097559537,510.199053285425,950.9085398373024,2191661.3896840913,0,0
2026-01-04 10:41:40.790495,841421.6003052087,1055583.5266838847,560.9477335368058,703.7223511225898,1897005.1269890934,0,0
2026-01-04 10:41:41.790495,905036.0428366642,987151.6261234961,603.3573618911095,658.1010840823308,1892187.6689601603,0,0
2026-01-04 10:41:42.790495,882010.3241172949,628356.044858094,588.0068827448632,418.904029905396,1510366.3689753888,0,0
2026-01-04 10:41:43.790495,816713.1878839716,855399.7028818494,544.4754585893144,570.2664685878996,1672112.8907658209,0,0
2026-01-04 10:41:44.790495,1963220.2012755978,4432700.953977934,323.2670627012648,729.8958192741129,6395921.155253531,1,0
2026-01-04 10:41:45.790495,1180169.7511362003,579330.3044039604,786.7798340908001,386.2202029359736,1759500.0555401607,0,0
2026-01-04 10:41:46.790495,1006152.8405560306,1255964.9997067463,670.768560370687,837.3099998044976,2262117.8402627767,0,0
2026-01-04 10:41:47.790495,698362.1911006254,1043516.3497449654,465.57479406708364,695.6775664966436,1741878.5408455909,0,0
2026-01-04 10:41:48.790495,905642.3847252675,521433.5999170467,603.761589816845,347.6223999446978,1427075.9846423143,0,0
2026-01-04 10:41:49.790495,750079.078032839,1515370.7482155247,500.0527186885593,1010.2471654770164,2265449.8262483636,0,0
2026-01-04 10:41:50.790495,553925.7962140451,1001753.8083629134,369.28386414269676,667.8358722419423,1555679.6045769586,0,0
2026-01-04 10:41:51.790495,1001263.2846230576,863400.8818484566,667.5088564153717,575.6005878989711,1864664.1664715142,0,0
2026-01-04 10:41:52.790495,514281.75141441374,697655.4928325207,342.8545009429425,465.1036618883472,1211937.2442469345,0,0
2026-01-04 10:41:53.790495,872567.5890759496,810184.8689443452,581.711726050633,540.1232459628968,1682752.4580202948,0,0
2026-01-04 10:41:54.790495,982386.5984983429,903763.8266326889,654.9243989988953,602.5092177551259,1886150.4251310318,0,0
2026-01-04 10:41:55.790495,824409.4647495345,470263.46982910094,549.606309833023,313.50897988606727,1294672.9345786355,0,0
2026-01-04 10:41:56.790495,952077.3294059553,778916.0424816688,634.7182196039702,519.2773616544458,1730993.371887624,0,0
2026-01-04 10:41:57.790495,815823.1123138133,390498.2410040607,543.8820748758756,260.3321606693738,1206321.353317874,0,0
2026-01-04 10:41:58.790495,637992.8906895614,772465.0971104314,425.3285937930409,514.9767314069543,1410457.9877999928,0,0
2026-01-04 10:41:59.790495,543553.1924296543,1211760.4866747034,362.36879495310285,807.8403244498023,1755313.6791043577,0,0
2026-01-04 10:42:00.790495,780187.6776330452,660792.95356827,520.1251184220301,440.52863571217995,1440980.6312013152,0,0
2026-01-04 10:42:01.790495,923986.2703248404,1134852.6378276702,615.9908468832269,756.5684252184468,2058838.9081525106,0,0
2026-01-04 10:42:02.790495,827292.4311373839,1188682.9667485205,551.5282874249226,792.4553111656803,2015975.3978859042,0,0
2026-01-04 10:42:03.790495,524716.0134462869,862371.2196518333,349.81067563085793,574.9141464345555,1387087.2330981202,0,0
2026-01-04 10:42:04.790495,542459.6480346353,913434.0399150358,361.63976535642354,608.9560266100239,1455893.6879496712,0,0
2026-01-04 10:42:05.790495,726986.6865432044,699976.6945952366,484.6577910288029,466.6511297301577,1426963.381138441,0,0
2026-01-04 10:42:06.790495,601261.526953065,916240.5439128022,400.84101796871,610.8270292752015,1517502.0708658672,0,0
2026-01-04 10:42:07.790495,1783268.097616597,1476771.3153698095,300.7081489894729,249.0243443030971,3260039.4129864066,0,0
2026-01-04 10:42:08.790495,588413.3535014286,1080563.8546980387,392.27556900095243,720.3759031320258,1668977.208199467,0,0
2026-01-04 10:42:09.790495,622582.1772421047,1183003.6567477277,415.0547848280698,788.6691044984851,1805585.8339898323,0,0
2026-01-04 10:42:10.790495,884214.4899022089,428045.06468125863,589.4763266014726,285.3633764541724,1312259.5545834675,0,0
2026-01-04 10:42:11.790495,461295.03402163595,924806.4493784156,307.53002268109066,616.5376329189437,1386101.4834000515,0,0
2026-01-04 10:42:12.790495,851034.5732831052,711230.5763634259,567.3563821887368,474.1537175756173,1562265.149646531,0,0
2026-01-04 10:42:13.790495,652423.3589304497,470686.3210845668,434.94890595363313,313.79088072304455,1123109.6800150166,0,0
2026-01-04 10:42:14.790495,1019439.3951800978,459732.665562212,679.6262634533986,306.48844370814135,1479172.0607423098,0,0
2026-01-04 10:42:15.790495,724906.0220141566,387020.9983843775,483.27068134277107,258.01399892291835,1111927.0203985341,0,0
2026-01-04 10:42:16.790495,241537.03741010037,337506.45527737867,161.02469160673357,225.00430351825244,579043.492687479,0,0
2026-01-04 10:42:17.790495,629832.1824967101,1071090.0582556557,419.8881216644734,714.0600388371038,1700922.240752366,0,0
2026-01-04 10:42:18.790495,808827.8532432291,1233660.9766111777,539.2185688288193,822.4406510741185,2042488.8298544066,0,0
2026-01-04 10:42:19.790495,331794.6233086464,372255.80437176547,221.1964155390976,248.17053624784364,704050.4276804118,0,0
2026-01-04 10:42:20.790495,546394.8391089872,670625.4566457679,364.26322607265814,447.0836377638453,1217020.2957547551,0,0
2026-01-04 10:42:21.790495,772095.0404190199,650893.4753291846,514.7300269460133,433.9289835527897,1422988.5157482044,0,0
2026-01-04 10:42:22.790495,627030.0943623722,615200.6405243956,418.0200629082481,410.1337603495971,1242230.7348867678,0,0
2026-01-04 10:42:23.790495,495885.0703412721,241885.91910050137,330.5900468941814,161.25727940033426,737770.9894417735,0,0
2026-01-04 10:42:24.790495,896824.5253429419,837653.886152492,597.8830168952945,558.4359241016614,1734478.411495434,0,0
2026-01-04 10:42:25.790495,677112.7901972549,771194.9108541457,451.40852679816993,514.1299405694305,1448307.7010514005,0,0
2026-01-04 10:42:26.790495,389390.3210391894,385274.56319503585,259.5935473594596,256.84970879669055,774664.8842342253,0,0
2026-01-04 10:42:27.790495,306376.5742596397,621072.9543411332,204.25104950642648,414.04863622742215,927449.528600773,0,0
2026-01-04 10:42:28.790495,632561.0218013844,600898.9512165405,421.7073478675896,400.59930081102704,1233459.973017925,0,0
2026-01-04 10:42:29.790495,614514.6413995998,724132.3901732794,409.67642759973324,482.7549267821863,1338647.0315728793,0,0
2026-01-04 10:42:30.790495,626101.7900926798,882447.1517626647,417.40119339511983,588.2981011751098,1508548.9418553445,0,0
2026-01-04 10:42:31.790495,461249.9871001765,888969.4074921224,307.49999140011766,592.646271661415,1350219.394592299,0,0
2026-01-04 10:42:32.790495,1797458.4248598453,3246399.7432392687,394.1948368867944,711.9575059742028,5043858.168099114,0,0
2026-01-04 10:42:33.790495,1007301.0028140293,526809.789401741,671.5340018760196,351.2065262678273,1534110.7922157703,0,0
2026-01-04 10:42:34.790495,593309.2095129138,1098861.4470956968,395.5394730086092,732.5742980637979,1692170.6566086106,0,0
2026-01-04 10:42:35.790495,650629.455689184,982948.1983634657,433.75297045945604,655.2987989089771,1633577.6540526499,0,0
2026-01-04 10:42:36.790495,834468.3271989799,948845.0124974072,556.3122181326532,632.5633416649381,1783313.339696387,0,0
2026-01-04 10:42:37.790495,735473.5713940883,564205.0387115394,490.3157142627256,376.13669247435956,1299678.6101056277,0,1
2026-01-04 10:42:38.790495,705631.3177105477,690585.8432293811,470.42087847369845,460.3905621529208,1396217.1609399288,0,0
2026-01-04 10:42:39.790495,900404.5891222605,728258.5382476561,600.269726081507,485.50569216510405,1628663.1273699165,0,0
2026-01-04 10:42:40.790495,703893.0426278176,976038.0668624112,469.26202841854507,650.6920445749408,1679931.1094902288,0,0
2026-01-04 10:42:41.790495,640394.6559627759,1074793.9480029528,426.9297706418506,716.5292986686352,1715188.6039657288,0,0
2026-01-04 10:42:42.790495,995568.8797832807,492186.40105824056,663.712586522187,328.1242673721604,1487755.2808415212,0,0
2026-01-04 10:42:43.790495,764860.9558581513,1042175.4210428089,509.9073039054342,694.7836140285393,1807036.3769009602,0,0
2026-01-04 10:42:44.790495,608535.1067819861,887526.0900492296,405.6900711879907,591.6840600328197,1496061.1968312156,0,0
2026-01-04 10:42:45.790495,733402.3850892006,1110612.8056714705,488.9349233928004,740.4085371143136,1844015.190760671,0,0
2026-01-04 10:42:46.790495,1061467.4705652138,723855.7622151329,707.6449803768093,482.570508143422,1785323.2327803469,0,0
2026-01-04 10:42:47.790495,1010080.0031267264,1087061.111372827,673.3866687511509,724.7074075818847,2097141.1144995536,0,0
2026-01-04 10:42:48.790495,1382116.8500949834,1144902.8142413958,921.4112333966556,763.2685428275972,2527019.664336379,0,0
2026-01-04 10:42:49.790495,867025.2340401165,1473061.658578636,578.016822693411,982.0411057190906,2340086.8926187526,0,0
2026-01-04 10:42:50.790495,1008879.6339921866,604207.8456555257,672.5864226614577,402.80523043701714,1613087.4796477123,0,0
2026-01-04 10:42:51.790495,977611.8864408581,1249948.9916052467,651.7412576272387,833.2993277368311,2227560.8780461047,0,0
2026-01-04 10:42:52.790495,1399318.6214555022,675934.2649498031,932.8790809703348,450.62284329986875,2075252.8864053055,0,1
2026-01-04 10:42:53.790495,1191384.8647279441,598300.3115244806,794.2565764852961,398.8668743496537,1789685.1762524247,0,0
2026-01-04 10:42:54.790495,748278.6608143277,854371.5151246036,498.8524405428851,569.5810100830691,1602650.1759389313,0,0
2026-01-04 10:42:55.790495,692235.674498586,802167.103070937,461.490449665724,534.778068713958,1494402.7775695228,0,0
2026-01-04 10:42:56.790495,790302.7690344328,1144488.2730749268,526.8685126896219,762.9921820499512,1934791.0421093598,0,0
2026-01-04 10:42:57.790495,908163.3740923872,600242.6548566982,605.4422493949247,400.1617699044655,1508406.0289490854,0,0
2026-01-04 10:42:58.790495,4882747.361552255,4167821.30393857,661.1022977850847,564.3044861357464,9050568.665490825,1,0
2026-01-04 10:42:59.790495,582337.4860914994,1119742.4574903348,388.2249907276663,746.4949716602232,1702079.9435818342,0,0
2026-01-04 10:43:00.790495,1164121.6214705238,638850.52679856,776.0810809803492,425.90035119904,1802972.1482690838,0,0
2026-01-04 10:43:01.790495,946456.7702177865,806890.0450837689,630.971180145191,537.9266967225126,1753346.8153015554,0,0
2026-01-04 10:43:02.790495,650975.9936799804,908582.508997613,433.9839957866536,605.7216726650753,1559558.5026775934,0,0
2026-01-04 10:43:03.790495,692146.5502824876,1493452.403207478,461.43103352165843,995.634935471652,2185598.9534899658,0,0
2026-01-04 10:43:04.790495,966806.0955580836,421200.1800405397,644.5373970387224,280.8001200270265,1388006.2755986233,0,0
2026-01-04 10:43:05.790495,1398443.8668408957,633584.0488978707,932.2959112272638,422.3893659319138,2032027.9157387663,0,0
2026-01-04 10:43:06.790495,789114.3304195651,860990.0251242821,526.07622027971,573.9933500828547,1650104.3555438472,0,0
2026-01-04 10:43:07.790495,1029163.5269408865,905980.9161350509,686.109017960591,603.9872774233673,1935144.4430759375,0,0
2026-01-04 10:43:08.790495,1165491.5873732318,600772.1456398065,776.9943915821545,400.514763759871,1766263.7330130383,0,0
2026-01-04 10:43:09.790495,795321.8790940803,929438.4557493372,530.2145860627202,619.6256371662248,1724760.3348434176,0,0
2026-01-04 10:43:10.790495,520940.6765745216,882513.0071556825,347.2937843830144,588.342004770455,1403453.6837302041,0,0
2026-01-04 10:43:11.790495,2389615.0845137634,1807403.0995817448,510.3996166975953,386.04453714028887,4197018.184095508,0,0
2026-01-04 10:43:12.790495,625156.4996283111,421386.5421380506,416.77099975220744,280.92436142536707,1046543.0417663617,0,0
2026-01-04 10:43:13.790495,737774.4803446861,645354.3911051579,491.84965356312404,430.23626073677195,1383128.871449844,0,0
2026-01-04 10:43:14.790495,541711.8085676528,480206.08968788246,361.1412057117686,320.13739312525496,1021917.8982555353,0,0
2026-01-04 10:43:15.790495,614840.6535146085,793258.2444461078,409.893769009739,528.8388296307385,1408098.8979607162,0,1
2026-01-04 10:43:16.790495,490884.0490137019,888927.4717534167,327.2560326758013,592.6183145022778,1379811.5207671185,0,0
2026-01-04 10:43:17.790495,334188.6501363506,732268.26976707,222.79243342423374,488.17884651137996,1066456.9199034206,0,0
2026-01-04 10:43:18.790495,789881.5806476491,656826.4470573404,526.5877204317661,437.8842980382269,1446708.0277049895,0,0
2026-01-04 10:43:19.790495,787410.5179268583,609911.8762634876,524.9403452845722,406.60791750899176,1397322.394190346,0,0
2026-01-04 10:43:20.790495,1011748.3301666756,666368.0198796387,674.4988867777837,444.2453465864258,1678116.3500463143,0,0
2026-01-04 10:43:21.790495,424704.8512728245,810447.2856436854,283.1365675152163,540.2981904291236,1235152.1369165098,0,0
2026-01-04 10:43:22.790495,501634.57722210564,902820.682882858,334.4230514814038,601.8804552552386,1404455.2601049636,0,0
2026-01-04 10:43:23.790495,3166288.643624549,1669009.097868595,538.2251717172725,283.7084073515482,4835297.741493144,0,0
2026-01-04 10:43:24.790495,452903.86712055694,930427.7961762553,301.9359114137046,620.2851974508369,1383331.6632968122,0,0
2026-01-04 10:43:25.790495,686765.3174625767,540044.7292037333,457.8435449750511,360.0298194691555,1226810.04666631,0,0
2026-01-04 10:43:26.790495,910576.417770223,680949.8312979077,607.0509451801487,453.96655419860514,1591526.2490681307,0,0
2026-01-04 10:43:27.790495,422818.74481520895,653432.1745030339,281.8791632101393,435.62144966868925,1076250.9193182427,0,0
2026-01-04 10:43:28.790495,3191276.3907382498,2480194.7025745856,440.3415180829457,342.22441642553116,5671471.093312835,0,0
2026-01-04 10:43:29.790495,580582.4990030325,960942.5424220364,387.054999335355,640.6283616146909,1541525.0414250689,0,0
2026-01-04 10:43:30.790495,496831.66094779375,423539.8103514351,331.22110729852915,282.3598735676234,920371.4712992288,0,0
2026-01-04 10:43:31.790495,454309.29842403624,900487.5078826079,302.87286561602417,600.3250052550719,1354796.806306644,0,0
2026-01-04 10:43:32.790495,655748.124612541,946371.6718327595,437.1654164083607,630.9144478885063,1602119.7964453006,0,0
2026-01-04 10:43:33.790495,1072626.4866916176,738405.9715557253,715.0843244610784,492.2706477038169,1811032.4582473428,0,0
2026-01-04 10:43:34.790495,3536287.7104101283,5510453.772460458,554.6441222242421,864.2794495160375,9046741.482870586,0,0
2026-01-04 10:43:35.790495,507972.6756507304,902153.8710990747,338.64845043382024,601.4359140660498,1410126.546749805,0,0
2026-01-04 10:43:36.790495,860693.5827818912,1071624.4010128,573.7957218545941,714.4162673418666,1932317.983794691,0,0
2026-01-04 10:43:37.790495,484966.4751709226,1006578.9433024381,323.3109834472817,671.0526288682921,1491545.4184733608,0,0
2026-01-04 10:43:38.790495,976025.2109899311,928151.7833919595,650.6834739932874,618.7678555946396,1904176.9943818906,0,0
2026-01-04 10:43:39.790495,781368.5737630477,664228.9965172646,520.9123825086984,442.81933101150975,1445597.5702803123,0,0
2026-01-04 10:43:40.790495,951246.8287002428,1099698.0462276076,634.1645524668286,733.132030818405,2050944.8749278504,0,0
2026-01-04 10:43:41.790495,812064.7307847062,964486.7377108822,541.3764871898042,642.9911584739215,1776551.4684955883,0,0
2026-01-04 10:43:42.790495,926995.7681001923,740580.8786698468,617.9971787334615,493.7205857798979,1667576.646770039,0,0
2026-01-04 10:43:43.790495,2259576.1521451357,3380878.529479832,360.52672483362227,539.4361513934873,5640454.681624968,0,0
2026-01-04 10:43:44.790495,796571.1824042576,630863.4041084382,531.0474549361717,420.57560273895876,1427434.5865126958,0,0
2026-01-04 10:43:45.790495,632788.2391737265,877957.8109019833,421.8588261158177,585.3052072679889,1510746.0500757098,0,0
2026-01-04 10:43:46.790495,899607.5242547283,1315303.8355538836,599.7383495031522,876.869223702589,2214911.3598086117,0,0
2026-01-04 10:43:47.790495,863317.2750092348,698273.490224965,575.5448500061565,465.51566014997667,1561590.7652341998,0,0
2026-01-04 10:43:48.790495,584080.1011387284,1071181.66189626,389.38673409248565,714.12110793084,1655261.7630349884,0,0
2026-01-04 10:43:49.790495,933721.9220171743,1309217.8234101073,622.4812813447828,872.8118822734049,2242939.7454272816,0,0
2026-01-04 10:43:50.790495,913309.3156630021,1310831.405428565,608.872877108668,873.8876036190434,2224140.721091567,0,0
2026-01-04 10:43:51.790495,1022784.4952767014,1301552.787732292,681.8563301844677,867.7018584881946,2324337.283008993,0,0
2026-01-04 10:43:52.790495,686953.7792319402,570928.1933679073,457.96918615462675,380.6187955786049,1257881.9725998475,0,0
2026-01-04 10:43:53.790495,1333176.219939098,706247.5137036709,888.7841466260653,470.8316758024473,2039423.733642769,0,0
2026-01-04 10:43:54.790495,519202.429524116,750095.0159091611,346.1349530160773,500.0633439394407,1269297.4454332772,0,0
2026-01-04 10:43:55.790495,650641.7332897062,720393.3518211123,433.76115552647076,480.26223454740824,1371035.0851108185,0,0
2026-01-04 10:43:56.790495,749302.333146662,912772.5555232652,499.53488876444135,608.5150370155101,1662074.8886699271,0,0
2026-01-04 10:43:57.790495,848635.9142016304,964848.0401596677,565.7572761344203,643.2320267731118,1813483.9543612981,0,0
2026-01-04 10:43:58.790495,1258483.1617923474,612566.7376392663,838.9887745282316,408.3778250928442,1871049.8994316137,0,0
2026-01-04 10:43:59.790495,863295.5890364058,775946.1393634242,575.5303926909372,517.2974262422828,1639241.72839983,0,0
2026-01-04 10:44:00.790495,710838.96953567,1161888.558850792,473.89264635711334,774.5923725671946,1872727.528386462,0,0
2026-01-04 10:44:01.790495,584766.5189221757,1237609.5782704249,389.84434594811717,825.0730521802832,1822376.0971926008,0,0
2026-01-04 10:44:02.790495,984001.3473191654,605494.5914490934,656.0008982127769,403.6630609660623,1589495.9387682588,0,0
2026-01-04 10:44:03.790495,1086749.0155924293,622626.7117507389,724.4993437282862,415.0844745004926,1709375.727343168,0,0
2026-01-04 10:44:04.790495,605806.6875616504,981176.8188477872,403.8711250411003,654.1178792318582,1586983.5064094376,0,0
2026-01-04 10:44:05.790495,1056605.3705308766,774158.5258683106,704.4035803539177,516.105683912207,1830763.8963991872,0,0
2026-01-04 10:44:06.790495,802730.8092515934,686021.420136323,535.1538728343957,457.3476134242153,1488752.2293879164,0,0
2026-01-04 10:44:07.790495,834915.1298713917,588500.2406027727,556.6100865809278,392.3334937351818,1423415.3704741644,0,0
2026-01-04 10:44:08.790495,1093178.2149069929,528855.3006547387,728.7854766046619,352.5702004364924,1622033.5155617315,0,0
2026-01-04 10:44:09.790495,1037642.6496707359,514093.8406395865,691.7617664471572,342.72922709305766,1551736.4903103225,0,0
2026-01-04 10:44:10.790495,343752.56494131003,577068.6905103638,229.16837662754003,384.7124603402425,920821.2554516738,0,0
2026-01-04 10:44:11.790495,620090.585551817,946626.5776944689,413.3937237012113,631.084385129646,1566717.1632462859,0,0
2026-01-04 10:44:12.790495,799668.5665305587,397847.517877379,533.1123776870392,265.23167858491934,1197516.0844079377,0,0
2026-01-04 10:44:13.790495,338448.5008677695,783106.7417521751,225.6323339118463,522.0711611681168,1121555.2426199445,0,0
2026-01-04 10:44:14.790495,915871.5255475377,396160.4368168418,610.5810170316918,264.1069578778945,1312031.9623643795,0,0
2026-01-04 10:44:15.790495,946831.2529513136,681981.3121945885,631.2208353008757,454.65420812972565,1628812.565145902,0,0
2026-01-04 10:44:16.790495,1055720.5806538807,828519.5231334496,703.8137204359205,552.346348755633,1884240.1037873304,0,0
2026-01-04 10:44:17.790495,433638.5045953506,610771.7733388237,289.0923363969004,407.1811822258825,1044410.2779341744,0,0
2026-01-04 10:44:18.790495,1174314.1056607086,721848.26442847,782.8760704404724,481.2321762856467,1896162.3700891787,0,0
2026-01-04 10:44:19.790495,600112.8267201941,709633.4094871018,400.0752178134627,473.0889396580679,1309746.236207296,0,0
2026-01-04 10:44:20.790495,533109.5683584937,1243496.7404136045,355.4063789056625,828.997826942403,1776606.3087720983,0,0
2026-01-04 10:44:21.790495,896478.3038265519,454860.56423053006,597.6522025510346,303.2403761536867,1351338.868057082,0,0
2026-01-04 10:44:22.790495,502576.45346390654,1013855.7782209985,335.0509689759377,675.9038521473323,1516432.231684905,0,0
2026-01-04 10:44:23.790495,362070.3185835779,735056.1629154807,241.3802123890519,490.0374419436538,1097126.4814990587,0,0
2026-01-04 10:44:24.790495,676019.4814559441,751407.1123157259,450.67965430396276,500.9380748771506,1427426.59377167,0,0
2026-01-04 10:44:25.790495,1248639.354088407,604864.2502930547,832.426236058938,403.24283352870316,1853503.6043814616,0,0
2026-01-04 10:44:26.790495,834001.3743870659,749497.6057098452,556.000916258044,499.6650704732301,1583498.980096911,0,0
2026-01-04 10:44:27.790495,1086358.4677943746,738189.4727223072,724.238978529583,492.1263151482048,1824547.9405166819,0,0
2026-01-04 10:44:28.790495,571334.4232692278,939641.460265081,380.8896155128186,626.4276401767207,1510975.883534309,0,0
2026-01-04 10:44:29.790495,1084849.986772425,562864.7165552897,723.23332451495,375.24314437019314,1647714.7033277147,0,0
2026-01-04 10:44:30.790495,785077.4579125105,1190884.6151886284,523.3849719416737,793.923076792419,1975962.073101139,0,0
2026-01-04 10:44:31.790495,2799103.4895965853,5496798.722139007,386.2665774217267,758.5391669397551,8295902.211735592,0,0
2026-01-04 10:44:32.790495,533743.3958444004,945741.9456755943,355.8289305629336,630.4946304503961,1479485.3415199947,0,0
2026-01-04 10:44:33.790495,777448.1764732233,702981.1701626683,518.2987843154822,468.6541134417789,1480429.3466358916,0,0
2026-01-04 10:44:34.790495,897830.7347278467,895895.851289633,598.5538231518977,597.2639008597553,1793726.5860174797,0,0
2026-01-04 10:44:35.790495,633187.7433546638,862850.2947870317,422.1251622364426,575.2335298580211,1496038.0381416955,0,0
2026-01-04 10:44:36.790495,584355.0470097972,937419.1872226867,389.5700313398648,624.9461248151244,1521774.234232484,0,0
2026-01-04 10:44:37.790495,568056.5764840668,541223.7338434831,378.7043843227112,360.8158225623221,1109280.31032755,0,0
2026-01-04 10:44:38.790495,1077834.9564284491,687346.2113134782,718.5566376189661,458.2308075423188,1765181.1677419273,0,0
2026-01-04 10:44:39.790495,1279592.4022798508,598595.7095095102,853.0616015199005,399.0638063396735,1878188.111789361,0,0
2026-01-04 10:44:40.790495,779137.5260750906,572186.2300753522,519.4250173833938,381.4574867169015,1351323.7561504429,0,0
2026-01-04 10:44:41.790495,956851.7079678186,718909.1443999928,637.9011386452124,479.2727629333285,1675760.8523678114,0,0
2026-01-04 10:44:42.790495,575765.6026920017,1060790.6114326536,383.84373512800113,707.1937409551024,1636556.2141246554,0,0
2026-01-04 10:44:43.790495,1028419.3849920178,1197629.9152519628,685.6129233280118,798.4199435013086,2226049.3002439807,0,0
2026-01-04 10:44:44.790495,1156481.136620382,539584.7532212737,770.9874244135881,359.72316881418243,1696065.8898416557,0,0
2026-01-04 10:44:45.790495,2778988.5501394565,4886418.418705155,430.83820387955745,757.5618599843707,7665406.968844611,0,0
2026-01-04 10:44:46.790495,486160.4877765512,793313.0461348051,324.10699185103414,528.87536408987,1279473.5339113562,0,0
2026-01-04 10:44:47.790495,1151254.9256294607,537958.1969274062,767.5032837529739,358.63879795160415,1689213.1225568668,0,0
2026-01-04 10:44:48.790495,817541.12071683,701919.7037773067,545.02741381122,467.94646918487115,1519460.8244941367,0,0
2026-01-04 10:44:49.790495,828526.5404687722,1359510.736706116,552.3510269791815,906.3404911374107,2188037.277174888,0,0
2026-01-04 10:44:50.790495,559965.094089196,763094.8927762875,373.31006272613064,508.729928517525,1323059.9868654835,0,0
2026-01-04 10:44:51.790495,634423.4700426204,670316.1776645085,422.94898002841364,446.877451776339,1304739.647707129,0,0
2026-01-04 10:44:52.790495,555373.6545305467,1068354.5651153326,370.2491030203645,712.2363767435551,1623728.2196458795,0,0
2026-01-04 10:44:53.790495,956011.5074480484,929707.6105629503,637.3410049653656,619.8050737086335,1885719.1180109987,0,0
2026-01-04 10:44:54.790495,690268.0752335681,858319.4983823615,460.1787168223787,572.2129989215744,1548587.5736159296,0,0
2026-01-04 10:44:55.790495,658423.9295839459,305051.7691590698,438.94928638929724,203.36784610604653,963475.6987430156,0,0
2026-01-04 10:44:56.790495,989824.2731010275,911481.7434465027,659.8828487340184,607.6544956310019,1901306.0165475302,0,0
2026-01-04 10:44:57.790495,877646.7094695516,668612.9824942154,585.0978063130344,445.7419883294769,1546259.691963767,0,0
2026-01-04 10:44:58.790495,492756.9566350741,1071483.0929857502,328.5046377567161,714.3220619905002,1564240.0496208244,0,0
2026-01-04 10:44:59.790495,754867.7959004467,411845.0271141295,503.24519726696445,274.5633514094197,1166712.8230145762,0,0
2026-01-04 10:45:00.790495,695069.6812437408,623581.1203674997,463.3797874958272,415.7207469116664,1318650.8016112405,0,0
2026-01-04 10:45:01.790495,1037354.1188496067,732648.7719503553,691.5694125664045,488.4325146335702,1770002.890799962,0,0
2026-01-04 10:45:02.790495,336382.4449167042,778639.2641964613,224.2549632778028,519.0928427976409,1115021.7091131655,0,0
2026-01-04 10:45:03.790495,870604.335910412,645640.509561921,580.4028906069414,430.427006374614,1516244.845472333,0,0
2026-01-04 10:45:04.790495,869703.9268848461,729611.5656503725,579.8026179232307,486.4077104335817,1599315.4925352186,0,0
2026-01-04 10:45:05.790495,1006250.7720156724,446652.1687884247,670.8338480104483,297.76811252561646,1452902.940804097,0,0
2026-01-04 10:45:06.790495,888137.8859161441,601667.3911091343,592.091923944096,401.1115940727562,1489805.2770252784,0,0
2026-01-04 10:45:07.790495,407103.9604972044,795130.9195915778,271.40264033146957,530.0872797277185,1202234.8800887822,0,0
2026-01-04 10:45:08.790495,513829.72412680107,1005458.5104649912,342.55314941786736,670.3056736433275,1519288.2345917923,0,0
2026-01-04 10:45:09.790495,602772.2921520695,790656.1060234543,401.8481947680463,527.1040706823029,1393428.3981755238,0,0
2026-01-04 10:45:10.790495,536919.8161404823,1183210.4459673313,357.9465440936549,788.8069639782209,1720130.2621078135,0,0
2026-01-04 10:45:11.790495,660927.3346302051,622818.3857075591,440.61822308680337,415.2122571383727,1283745.7203377641,0,0
2026-01-04 10:45:12.790495,509349.4619306617,693399.5346468575,339.56630795377447,462.26635643123836,1202748.9965775192,0,0
2026-01-04 10:45:13.790495,869157.5408263592,584018.3515039146,579.4383605509062,389.34556766927636,1453175.8923302738,0,0
2026-01-04 10:45:14.790495,578150.3897875705,1102941.752158887,385.4335931917136,735.2945014392579,1681092.1419464573,0,0
2026-01-04 10:45:15.790495,621849.1650149679,1207068.4006970394,414.5661100099786,804.7122671313597,1828917.5657120075,0,0
2026-01-04 10:45:16.790495,1112255.1105532036,651707.952851646,741.5034070354691,434.471968567764,1763963.0634048495,0,0
2026-01-04 10:45:17.790495,874747.6042210041,653641.9375760669,583.1650694806693,435.76129171737796,1528389.541797071,0,0
2026-01-04 10:45:18.790495,777281.5543509943,871548.5587129353,518.1877029006629,581.0323724752902,1648830.1130639296,0,0
2026-01-04 10:45:19.790495,739329.594783112,895266.0464592286,492.88639652207473,596.844030972819,1634595.6412423407,1,0
2026-01-04 10:45:20.790495,689229.4261762712,895812.8620073348,459.4862841175141,597.2085746715566,1585042.288183606,0,0
2026-01-04 10:45:21.790495,365270.43268134404,769119.6481679118,243.5136217875627,512.7464321119412,1134390.080849256,0,0
2026-01-04 10:45:22.790495,361769.1596668801,702293.6968001671,241.17943977792007,468.19579786677804,1064062.8564670472,0,0
2026-01-04 10:45:23.790495,388401.4489011936,556901.474862387,258.9342992674624,371.267649908258,945302.9237635806,0,0
2026-01-04 10:45:24.790495,430927.3094987594,919841.9493446832,287.28487299917293,613.2279662297888,1350769.2588434427,0,0
2026-01-04 10:45:25.790495,450531.3341058942,588015.7313625407,300.3542227372628,392.0104875750272,1038547.0654684348,0,0
2026-01-04 10:45:26.790495,608458.9483817528,627787.7856226951,405.6392989211686,418.52519041513006,1236246.734004448,0,0
2026-01-04 10:45:27.790495,1151484.2705515444,738000.7100940733,767.6561803676963,492.0004733960489,1889484.9806456177,0,0
2026-01-04 10:45:28.790495,567045.1146676118,654257.1680899005,378.03007644507454,436.171445393267,1221302.2827575123,0,0
2026-01-04 10:45:29.790495,1049162.0147377683,611317.3739173844,699.4413431585123,407.54491594492293,1660479.3886551529,0,0
2026-01-04 10:45:30.790495,545597.3318430404,985738.7197884214,363.73155456202693,657.1591465256142,1531336.0516314618,0,0
2026-01-04 10:45:31.790495,688271.3130503349,980833.5703779715,458.84754203355664,653.8890469186476,1669104.8834283066,0,0
2026-01-04 10:45:32.790495,975837.1792415752,733743.9695654573,650.5581194943835,489.16264637697157,1709581.1488070325,0,0
2026-01-04 10:45:33.790495,682653.0082461635,951184.4792542319,455.10200549744235,634.122986169488,1633837.4875003954,0,0
2026-01-04 10:45:34.790495,496957.1336941546,871656.6744264573,331.30475579610305,581.1044496176381,1368613.8081206118,0,0
2026-01-04 10:45:35.790495,559617.5027598974,956110.62584852,373.0783351732649,637.4070838990133,1515728.1286084172,0,0
2026-01-04 10:45:36.790495,919527.9919138514,614285.6865887803,613.0186612759009,409.52379105918686,1533813.6785026316,0,0
2026-01-04 10:45:37.790495,1283029.775186731,638708.7387385583,855.3531834578207,425.8058258257055,1921738.5139252893,0,0
2026-01-04 10:45:38.790495,965040.7056210692,590678.7868410175,643.3604704140462,393.7858578940117,1555719.4924620867,0,0
2026-01-04 10:45:39.790495,705036.8342153319,734954.6057148882,470.0245561435546,489.9697371432588,1439991.4399302201,0,0
2026-01-04 10:45:40.790495,779500.6412924594,1316178.244836814,519.667094194973,877.4521632245427,2095678.8861292733,0,0
2026-01-04 10:45:41.790495,721882.2439779531,1225374.9894369,481.2548293186354,816.9166596246,1947257.2334148532,0,0
2026-01-04 10:45:42.790495,812490.6492931199,797016.9061685615,541.6604328620799,531.3446041123743,1609507.5554616814,0,0
2026-01-04 10:45:43.790495,554887.2788034246,1284124.9151862,369.92485253561637,856.0832767908,1839012.1939896245,0,0
2026-01-04 10:45:44.790495,982639.6646756592,1297203.676864858,655.0931097837728,864.8024512432387,2279843.3415405173,0,0
2026-01-04 10:45:45.790495,1009925.7010508588,691437.4107473037,673.2838007005726,460.95827383153585,1701363.1117981626,0,0
2026-01-04 10:45:46.790495,917468.4637696275,518004.6397122682,611.645642513085,345.33642647484544,1435473.1034818958,0,0
2026-01-04 10:45:47.790495,1018772.9704069,913787.8946990779,679.1819802712668,609.1919297993853,1932560.865105978,0,0
2026-01-04 10:45:48.790495,852140.4339868011,484600.4747629521,568.0936226578674,323.0669831753014,1336740.9087497531,0,0
2026-01-04 10:45:49.790495,1377902.3702631255,860670.4844347106,918.601580175417,573.7803229564737,2238572.854697836,0,0
2026-01-04 10:45:50.790495,593173.9103984238,1362094.4592269845,395.4492735989492,908.0629728179897,1955268.3696254082,1,0
2026-01-04 10:45:51.790495,647469.972756325,1267665.5566710697,431.64664850421667,845.1103711140464,1915135.529427395,0,0
2026-01-04 10:45:52.790495,889497.7732600559,826941.6635691152,592.9985155067039,551.2944423794102,1716439.4368291711,0,0
2026-01-04 10:45:53.790495,961318.4925688194,852806.637773438,640.8789950458796,568.5377585156253,1814125.1303422574,0,0
2026-01-04 10:45:54.790495,962485.7407755826,493769.77587261196,641.6571605170551,329.17985058174133,1456255.5166481945,0,0
2026-01-04 10:45:55.790495,1054540.7557710726,971358.2866799149,703.0271705140484,647.5721911199432,2025899.0424509875,0,0
2026-01-04 10:45:56.790495,1283640.7771111922,663477.2440600554,855.7605180741282,442.31816270670356,1947118.0211712476,0,0
2026-01-04 10:45:57.790495,629710.6173098537,962832.2049381167,419.8070782065691,641.8881366254111,1592542.8222479704,0,0
2026-01-04 10:45:58.790495,512652.68520653615,839674.4077108684,341.7684568043574,559.7829384739123,1352327.0929174046,0,0
2026-01-04 10:45:59.790495,2878552.087094591,5005615.7112951595,406.71400597308116,707.2493242105953,7884167.7983897505,0,0
2026-01-04 10:46:00.790495,1283409.0933907887,678387.0970390356,855.6060622605257,452.2580646926904,1961796.1904298242,0,0
2026-01-04 10:46:01.790495,998532.6488178731,520612.0273164096,665.6884325452487,347.07468487760644,1519144.6761342827,0,0
2026-01-04 10:46:02.790495,557433.5744646623,921376.6727188445,371.62238297644154,614.2511151458963,1478810.2471835068,0,0
2026-01-04 10:46:03.790495,447621.5676946588,866549.4586857663,298.4143784631059,577.6996391238442,1314171.026380425,0,0
2026-01-04 10:46:04.790495,788189.2290167708,389981.8525013139,525.4594860111806,259.9879016675426,1178171.0815180847,0,0
2026-01-04 10:46:05.790495,740202.5120013026,1032633.7936430885,493.4683413342017,688.4225290953924,1772836.305644391,0,0
2026-01-04 10:46:06.790495,1078335.248587409,1019698.7684846119,718.8901657249394,679.7991789897412,2098034.017072021,0,0
2026-01-04 10:46:07.790495,1118655.6189235637,505744.6995989804,745.7704126157091,337.1631330659869,1624400.318522544,0,0
2026-01-04 10:46:08.790495,416621.67949267424,383191.03232749837,277.7477863284495,255.46068821833225,799812.7118201726,0,0
2026-01-04 10:46:09.790495,859003.0185752562,691782.1224968375,572.6686790501708,461.18808166455835,1550785.1410720937,0,0
2026-01-04 10:46:10.790495,449845.7002235786,1025506.1385687179,299.89713348238575,683.6707590458119,1475351.8387922966,0,0
2026-01-04 10:46:11.790495,277933.34427155723,498701.472412934,185.28889618103815,332.4676482752893,776634.8166844912,0,0
2026-01-04 10:46:12.790495,911870.1626676205,642843.9340929103,607.9134417784136,428.56262272860687,1554714.0967605307,0,0
2026-01-04 10:46:13.790495,651538.2757966378,803198.6518393682,434.35885053109183,535.4657678929121,1454736.927636006,0,0
2026-01-04 10:46:14.790495,328913.2384511929,283237.33342177485,219.27549230079526,188.8248889478499,612150.5718729678,0,0
2026-01-04 10:46:15.790495,772829.1224375578,362118.36036186275,515.2194149583719,241.41224024124185,1134947.4827994206,0,0
2026-01-04 10:46:16.790495,457139.8853425197,452303.561869043,304.7599235616798,301.53570791269533,909443.4472115627,0,0
2026-01-04 10:46:17.790495,507334.4063432944,879596.2486072513,338.2229375621963,586.3974990715009,1386930.6549505459,0,0
2026-01-04 10:46:18.790495,1052455.1799757394,770961.1118586817,701.6367866504929,513.9740745724545,1823416.291834421,0,0
2026-01-04 10:46:19.790495,622338.7241757915,496540.75813595694,414.892482783861,331.027172090638,1118879.4823117484,0,0
2026-01-04 10:46:20.790495,574342.9169753224,409777.0759005398,382.8952779835483,273.18471726702654,984119.9928758622,0,0
2026-01-04 10:46:21.790495,344539.89479958056,532511.6120500393,229.69326319972038,355.00774136669287,877051.5068496199,0,0
2026-01-04 10:46:22.790495,671439.8137707447,588546.7408081775,447.6265425138298,392.3644938721183,1259986.5545789222,0,0
2026-01-04 10:46:23.790495,730987.2524373955,545728.8332860619,487.3248349582637,363.81922219070793,1276716.0857234574,0,0
2026-01-04 10:46:24.790495,554364.9049810725,462427.9639013686,369.57660332071504,308.28530926757907,1016792.8688824411,0,0
2026-01-04 10:46:25.790495,455955.8705660054,1031054.1392609731,303.97058037733694,687.3694261739821,1487010.0098269784,0,0
2026-01-04 10:46:26.790495,456539.5063171482,924423.7294177439,304.3596708780988,616.2824862784959,1380963.235734892,0,0
2026-01-04 10:46:27.790495,699338.2776730795,651012.5566014216,466.2255184487197,434.00837106761435,1350350.834274501,0,0
2026-01-04 10:46:28.790495,978050.2614064829,433899.28336253454,652.0335076043219,289.26618890835636,1411949.5447690175,0,0
2026-01-04 10:46:29.790495,471980.98971971264,820606.1609386471,314.6539931464751,547.0707739590981,1292587.1506583598,0,0
2026-01-04 10:46:30.790495,735969.8301087274,378892.13496068906,490.6465534058183,252.59475664045937,1114861.9650694164,0,0
2026-01-04 10:46:31.790495,780563.6026381884,917597.5288172922,520.3757350921256,611.7316858781948,1698161.1314554806,0,0
2026-01-04 10:46:32.790495,729679.6167562928,519157.9718423551,486.4530778375285,346.1053145615701,1248837.5885986479,0,0
2026-01-04 10:46:33.790495,435914.88533859194,749562.6232265317,290.6099235590613,499.7084154843544,1185477.5085651237,0,0
2026-01-04 10:46:34.790495,625621.5374711589,648289.4088929167,417.0810249807726,432.1929392619445,1273910.9463640756,0,0
2026-01-04 10:46:35.790495,794561.8948020602,612639.4671284645,529.7079298680402,408.4263114189763,1407201.3619305247,0,0
2026-01-04 10:46:36.790495,640318.8044926513,1053098.2780333774,426.87920299510085,702.0655186889182,1693417.0825260286,0,0
2026-01-04 10:46:37.790495,987821.0080289799,771415.2044647881,658.5473386859866,514.2768029765253,1759236.212493768,0,0
2026-01-04 10:46:38.790495,822904.6517940135,818974.484311672,548.603101196009,545.9829895411146,1641879.1361056855,0,0
2026-01-04 10:46:39.790495,563322.921462819,988283.8317329844,375.548614308546,658.8558878219897,1551606.7531958034,0,0
2026-01-04 10:46:40.790495,493426.0733967908,1106209.2451867338,328.9507155978605,737.4728301244892,1599635.3185835246,0,0
2026-01-04 10:46:41.790495,1485572.5690266422,663803.7770487864,990.3817126844282,442.5358513658576,2149376.3460754286,0,0
2026-01-04 10:46:42.790495,1300609.3858138388,652047.1667466762,867.0729238758926,434.6981111644508,1952656.552560515,0,0
2026-01-04 10:46:43.790495,685432.5116179443,1094792.537916996,456.95500774529626,729.861691944664,1780225.0495349404,0,0
2026-01-04 10:46:44.790495,1050804.1522156622,756545.1104021524,700.5361014771081,504.36340693476825,1807349.2626178146,0,0
2026-01-04 10:46:45.790495,922161.2050485924,806269.858421768,614.7741366990616,537.5132389478453,1728431.0634703604,0,0
2026-01-04 10:46:46.790495,1002674.7306031969,456013.0836387505,668.4498204021313,304.00872242583364,1458687.8142419474,0,0
2026-01-04 10:46:47.790495,511971.64309391344,1058087.8630920628,341.3144287292756,705.3919087280418,1570059.506185976,0,0
2026-01-04 10:46:48.790495,1149008.4453596368,869484.8804256996,766.0056302397579,579.6565869504665,2018493.3257853363,0,0
2026-01-04 10:46:49.790495,438105.7653372677,949067.3455356234,292.0705102248451,632.7115636904156,1387173.110872891,0,0
2026-01-04 10:46:50.790495,1270700.2095493756,600948.5638517946,847.1334730329171,400.6323759011964,1871648.7734011703,0,0
2026-01-04 10:46:51.790495,1143583.6536638285,533184.2980195568,762.3891024425524,355.4561986797045,1676767.9516833853,0,0
2026-01-04 10:46:52.790495,904237.4928782419,1061434.5840204782,602.8249952521613,707.6230560136521,1965672.07689872,0,0
2026-01-04 10:46:53.790495,785105.1833404867,1119204.903819761,523.4034555603245,746.1366025465073,1904310.0871602478,0,0
2026-01-04 10:46:54.790495,806352.3088571217,1023393.5854616575,537.5682059047479,682.2623903077716,1829745.8943187792,0,0
2026-01-04 10:46:55.790495,1217282.0293960953,861163.1753504126,811.5213529307302,574.1087835669417,2078445.204746508,0,0
2026-01-04 10:46:56.790495,1201390.9493857713,989843.6047421667,800.9272995905142,659.8957364947778,2191234.554127938,0,0
2026-01-04 10:46:57.790495,846510.1941342618,1569297.9040078472,564.3401294228412,1046.198602671898,2415808.098142109,0,0
2026-01-04 10:46:58.790495,667700.9679561722,323743.19313240115,445.13397863744814,215.82879542160077,991444.1610885733,0,0
2026-01-04 10:46:59.790495,748185.67325459,1145257.0278475655,498.79044883639335,763.5046852317104,1893442.7011021555,0,0
2026-01-04 10:47:00.790495,955035.8055755178,607735.4182559942,636.6905370503453,405.15694550399616,1562771.223831512,0,0
2026-01-04 10:47:01.790495,491084.98169302224,650285.8927942422,327.3899877953482,433.5239285294948,1141370.8744872645,0,0
2026-01-04 10:47:02.790495,936497.4440957566,470370.6854082265,624.3316293971711,313.5804569388177,1406868.129503983,0,0
2026-01-04 10:47:03.790495,770977.0853846727,841921.3095688171,513.9847235897819,561.2808730458781,1612898.3949534898,0,0
2026-01-04 10:47:04.790495,951925.7623871217,532995.1522409442,634.6171749247478,355.3301014939628,1484920.914628066,0,0
2026-01-04 10:47:05.790495,754995.5268875494,367373.60544860817,503.3303512583663,244.91573696573877,1122369.1323361576,0,0
2026-01-04 10:47:06.790495,479056.9741024568,768263.4560327705,319.37131606830457,512.1756373551804,1247320.4301352273,0,0
2026-01-04 10:47:07.790495,950688.0229078451,420868.0713321972,633.7920152718967,280.5787142214648,1371556.0942400424,0,0
2026-01-04 10:47:08.790495,2568994.3661059756,2144731.3895082762,362.4387534857538,302.58290233365267,4713725.755614252,0,0
2026-01-04 10:47:09.790495,707607.2298827997,874879.0566973937,471.7381532551998,583.2527044649291,1582486.2865801933,0,0
2026-01-04 10:47:10.790495,976674.2946111317,433934.2819248498,651.1161964074211,289.28952128323317,1410608.5765359814,0,0
2026-01-04 10:47:11.790495,577495.319254277,574115.7029469872,384.99687950285136,382.74380196465813,1151611.0222012643,0,0
2026-01-04 10:47:12.790495,758170.800897471,1206752.764023501,505.447200598314,804.501842682334,1964923.5649209719,0,0
2026-01-04 10:47:13.790495,468997.0874911693,527766.8399487957,312.6647249941129,351.8445599658638,996763.9274399651,0,0
2026-01-04 10:47:14.790495,409396.5031460532,736969.2950020982,272.9310020973688,491.3128633347321,1146365.7981481513,0,0
2026-01-04 10:47:15.790495,410091.9557181303,410832.7678186425,273.3946371454202,273.888511879095,820924.7235367728,0,0
2026-01-04 10:47:16.790495,778742.7148218736,1169246.2370412855,519.161809881249,779.497491360857,1947988.9518631592,0,0
2026-01-04 10:47:17.790495,806204.5236713856,393053.15786732594,537.4696824475903,262.0354385782173,1199257.6815387115,0,0
2026-01-04 10:47:18.790495,870108.1395694426,754330.3477933683,580.0720930462951,502.8868985289122,1624438.4873628109,0,0
2026-01-04 10:47:19.790495,582639.0682587856,790368.1499208669,388.4260455058571,526.9120999472447,1373007.2181796527,0,0
2026-01-04 10:47:20.790495,637046.7935358759,918001.4976419332,424.6978623572506,612.0009984279554,1555048.291177809,0,0
2026-01-04 10:47:21.790495,455992.91379143076,695960.0581151237,303.9952758609538,463.9733720767491,1151952.9719065544,0,0
2026-01-04 10:47:22.790495,567529.8226735585,645184.4704883744,378.35321511570567,430.1229803255829,1212714.2931619328,0,0
2026-01-04 10:47:23.790495,518277.6821141671,676026.1843070389,345.51845474277803,450.68412287135925,1194303.866421206,0,0
2026-01-04 10:47:24.790495,609986.8065280572,950112.5999300986,406.6578710187048,633.4083999533991,1560099.4064581557,0,0
2026-01-04 10:47:25.790495,709164.635202894,671583.3179431004,472.77642346859597,447.7222119620669,1380747.9531459943,0,0
2026-01-04 10:47:26.790495,916723.5943015033,574580.2249646046,611.1490628676688,383.0534833097364,1491303.8192661079,0,0
2026-01-04 10:47:27.790495,503406.5847691937,531243.9474358364,335.60438984612915,354.16263162389095,1034650.5322050301,0,0
2026-01-04 10:47:28.790495,208472.567964264,457759.8316171749,138.981711976176,305.1732210781166,666232.3995814389,0,0
2026-01-04 10:47:29.790495,605119.1174210956,712220.5801219571,403.4127449473971,474.8137200813047,1317339.6975430527,0,0
2026-01-04 10:47:30.790495,1313734.8340700106,714102.7953068066,875.8232227133403,476.0685302045377,2027837.6293768173,0,0
2026-01-04 10:47:31.790495,668770.9922173051,1198046.727672893,445.84732814487006,798.6978184485954,1866817.7198901984,0,0
2026-01-04 10:47:32.790495,961703.1999630296,1089187.6614037694,641.1354666420198,726.1251076025129,2050890.861366799,0,0
2026-01-04 10:47:33.790495,661828.7227971286,555453.144854422,441.2191485314191,370.30209656961466,1217281.8676515506,0,0
2026-01-04 10:47:34.790495,759625.2656911415,922395.5469957826,506.41684379409435,614.9303646638551,1682020.8126869241,0,0
2026-01-04 10:47:35.790495,902424.5955316003,927745.1514043752,601.6163970210669,618.4967676029169,1830169.7469359755,0,0
2026-01-04 10:47:36.790495,5067480.514692105,2334778.0429712366,751.7289696789073,346.34968749916203,7402258.557663342,0,0
2026-01-04 10:47:37.790495,2757804.1533217523,4669062.588835726,444.9647959592538,753.3415596824959,7426866.742157479,0,0
2026-01-04 10:47:38.790495,859319.3178830267,653619.9813908912,572.8795452553511,435.74665426059414,1512939.299273918,0,0
2026-01-04 10:47:39.790495,1310948.308091601,1046753.373410821,873.9655387277339,697.8355822738806,2357701.681502422,0,0
2026-01-04 10:47:40.790495,1134628.1429050805,1020502.0262462718,756.4187619367203,680.3346841641812,2155130.1691513523,0,0
2026-01-04 10:47:41.790495,1332077.7285430012,708425.9107501707,888.0518190286675,472.28394050011383,2040503.639293172,0,0
2026-01-04 10:47:42.790495,558035.1368480134,774658.3084056722,372.0234245653423,516.4388722704481,1332693.4452536856,0,0
2026-01-04 10:47:43.790495,3944721.6134306286,1793407.79886707,831.7591790888364,378.14668428779447,5738129.412297699,0,0
2026-01-04 10:47:44.790495,1049499.799055671,790914.4971928737,699.6665327037807,527.2763314619158,1840414.296248545,0,0
2026-01-04 10:47:45.790495,790982.1536720309,820333.5248137524,527.3214357813539,546.8890165425016,1611315.6784857833,0,0
2026-01-04 10:47:46.790495,1155577.7140793158,1369595.6115137953,770.3851427195439,913.0637410091969,2525173.325593111,0,0
2026-01-04 10:47:47.790495,742432.4065927629,1170234.3947305551,494.9549377285086,780.1562631537034,1912666.801323318,0,0
2026-01-04 10:47:48.790495,1045879.9090839509,634527.3753749687,697.2532727226339,423.0182502499792,1680407.2844589197,0,0
2026-01-04 10:47:49.790495,1197212.9874028477,1188839.417223241,798.1419916018984,792.5596114821607,2386052.4046260887,0,0
2026-01-04 10:47:50.790495,1167948.485802306,839241.744530679,778.632323868204,559.494496353786,2007190.230332985,0,0
2026-01-04 10:47:51.790495,591773.9636323514,1316492.9672498272,394.5159757549009,877.6619781665515,1908266.9308821785,0,0
2026-01-04 10:47:52.790495,1154763.3853311213,946395.1561365289,769.8422568874142,630.9301040910193,2101158.5414676503,0,0
2026-01-04 10:47:53.790495,507463.80400922254,987286.9334456199,338.30920267281505,658.1912889637466,1494750.7374548423,0,0
2026-01-04 10:47:54.790495,1221894.8543827683,681816.4914007618,814.5965695885122,454.54432760050787,1903711.34578353,0,0
2026-01-04 10:47:55.790495,550505.9736510946,791408.7760690043,367.00398243406306,527.6058507126695,1341914.749720099,0,0
2026-01-04 10:47:56.790495,998435.7699741825,705604.7181470214,665.623846649455,470.4031454313476,1704040.4881212038,0,0
2026-01-04 10:47:57.790495,963773.9361944518,494204.80363706476,642.5159574629679,329.4698690913765,1457978.7398315165,0,0
2026-01-04 10:47:58.790495,1014946.326267176,871512.7963666763,676.6308841781173,581.0085309111175,1886459.1226338523,0,0
2026-01-04 10:47:59.790495,1161476.686784961,711274.3098824155,774.3177911899741,474.1828732549436,1872750.9966673765,0,0
2026-01-04 10:48:00.790495,499117.734592372,1115995.1971420588,332.74515639491466,743.9967980947058,1615112.9317344308,0,0
2026-01-04 10:48:01.790495,896353.6708592499,506797.2968208968,597.5691139061666,337.8648645472645,1403150.9676801467,0,0
2026-01-04 10:48:02.790495,879625.6478498958,1119434.440434263,586.4170985665971,746.2896269561754,1999060.0882841588,0,0
2026-01-04 10:48:03.790495,387763.41918491304,545152.6709886563,258.50894612327534,363.43511399243755,932916.0901735694,0,0
2026-01-04 10:48:04.790495,630213.8228845147,1009557.5479317411,420.14254858967644,673.0383652878274,1639771.370816256,0,0
2026-01-04 10:48:05.790495,715650.2109079012,584463.839235666,477.1001406052674,389.642559490444,1300114.0501435671,0,0
2026-01-04 10:48:06.790495,699030.3493203613,775051.745386805,466.0202328802408,516.7011635912033,1474082.0947071663,0,0
2026-01-04 10:48:07.790495,836085.8584026231,589359.9670354207,557.3905722684154,392.9066446902805,1425445.8254380438,0,0
2026-01-04 10:48:08.790495,434831.99282206595,494022.8947993035,289.88799521471066,329.348596532869,928854.8876213694,0,0
2026-01-04 10:48:09.790495,399390.9034285568,708546.9501472756,266.2606022857045,472.36463343151706,1107937.8535758324,0,0
2026-01-04 10:48:10.790495,860623.4958695968,671117.8810727355,573.748997246398,447.411920715157,1531741.3769423324,0,0
2026-01-04 10:48:11.790495,653753.3805407499,779319.6200414288,435.8355870271666,519.5464133609526,1433073.0005821786,0,0
2026-01-04 10:48:12.790495,496269.6389284795,984255.947479007,330.8464259523197,656.1706316526713,1480525.5864074866,0,0
2026-01-04 10:48:13.790495,1115717.0854762183,608449.077798566,743.8113903174789,405.6327185323773,1724166.1632747843,0,0
2026-01-04 10:48:14.790495,572327.3073124995,985068.2877780221,381.551538208333,656.7121918520147,1557395.5950905217,0,0
2026-01-04 10:48:15.790495,948375.3708048896,519748.01689062855,632.2502472032597,346.4986779270857,1468123.387695518,0,0
2026-01-04 10:48:16.790495,480238.65453428956,945540.8352042736,320.1591030228597,630.360556802849,1425779.489738563,0,0
2026-01-04 10:48:17.790495,1180722.330712847,623345.1803361672,787.1482204752313,415.5634535574448,1804067.5110490143,0,0
2026-01-04 10:48:18.790495,1251201.9540108414,648900.7349000754,834.1346360072276,432.6004899333836,1900102.6889109167,0,0
2026-01-04 10:48:19.790495,436980.01565919875,870748.9559264618,291.3200104394658,580.4993039509745,1307728.9715856605,0,0
2026-01-04 10:48:20.790495,589599.7876549705,1033434.8692440212,393.06652510331367,688.9565794960141,1623034.6568989917,0,0
2026-01-04 10:48:21.790495,2396818.001907046,5227741.199893038,323.6285264515528,705.8717765993606,7624559.201800085,0,0
2026-01-04 10:48:22.790495,635467.8841261732,1045274.4810390348,423.6452560841155,696.8496540260232,1680742.365165208,0,0
2026-01-04 10:48:23.790495,582570.0374196301,1185476.12900861,388.38002494642006,790.3174193390734,1768046.1664282402,0,0
2026-01-04 10:48:24.790495,798870.2038043743,710251.1138564689,532.5801358695829,473.5007425709793,1509121.3176608433,0,0
2026-01-04 10:48:25.790495,810993.0394487093,566892.0217406623,540.6620262991396,377.92801449377487,1377885.0611893716,0,0
2026-01-04 10:48:26.790495,517865.97218200035,1046537.2197759587,345.2439814546669,697.6914798506391,1564403.191957959,0,0
2026-01-04 10:48:27.790495,516189.6393830542,935643.7063081415,344.1264262553695,623.7624708720944,1451833.3456911957,0,0
2026-01-04 10:48:28.790495,893430.3957141234,586193.4519061969,595.6202638094156,390.79563460413124,1479623.8476203203,0,0
2026-01-04 10:48:29.790495,989603.173640547,509601.69233417936,659.735449093698,339.7344615561196,1499204.8659747264,0,0
2026-01-04 10:48:30.790495,845489.256318263,878735.1678061057,563.6595042121753,585.8234452040705,1724224.4241243687,0,0
2026-01-04 10:48:31.790495,653305.880594425,1004430.113796979,435.5372537296167,669.6200758646527,1657735.994391404,0,0
2026-01-04 10:48:32.790495,1280058.9556526071,1053493.4183396106,853.3726371017381,702.3289455597404,2333552.3739922177,0,0
2026-01-04 10:48:33.790495,660434.380322297,604586.0899379106,440.2895868815313,403.05739329194034,1265020.4702602075,0,0
2026-01-04 10:48:34.790495,3417997.0678296923,2691067.349033505,551.0749687506783,433.8739401600041,6109064.416863197,0,0
2026-01-04 10:48:35.790495,779462.9602176023,614174.3904532106,519.6419734784015,409.4495936354737,1393637.350670813,0,0
2026-01-04 10:48:36.790495,782135.6976570059,975328.856016776,521.4237984380039,650.2192373445173,1757464.5536737817,0,0
2026-01-04 10:48:37.790495,919367.2315616697,711874.6263700632,612.9114877077798,474.5830842467088,1631241.857931733,0,0
2026-01-04 10:48:38.790495,1241847.810662667,657792.6341945024,827.898540441778,438.5284227963349,1899640.4448571694,0,0
2026-01-04 10:48:39.790495,950801.0206813917,592190.8672904542,633.8673471209278,394.79391152696945,1542991.887971846,0,0
2026-01-04 10:48:40.790495,1000726.5386173703,854914.740896576,667.1510257449136,569.9431605977173,1855641.2795139463,0,0
2026-01-04 10:48:41.790495,1095383.1095847676,1026503.5506226764,730.2554063898451,684.3357004151176,2121886.660207444,0,0
2026-01-04 10:48:42.790495,792338.7419398034,610519.5728126357,528.2258279598689,407.01304854175714,1402858.314752439,0,0
2026-01-04 10:48:43.790495,732510.2368211299,1194308.8298783186,488.3401578807533,796.2058865855457,1926819.0666994485,0,0
2026-01-04 10:48:44.790495,2775669.602610602,4473392.245972436,401.2636411874111,646.6942821257144,7249061.848583038,0,0
2026-01-04 10:48:45.790495,942774.9534153417,809123.1035609895,628.5166356102278,539.415402373993,1751898.0569763312,0,1
2026-01-04 10:48:46.790495,538597.7041452543,1068534.7640592088,359.0651360968362,712.3565093728058,1607132.4682044631,0,1
2026-01-04 10:48:47.790495,1517097.1224692266,774450.706593829,1011.398081646151,516.3004710625527,2291547.8290630556,0,0
2026-01-04 10:48:48.790495,575793.5061469737,1080362.4946157872,383.8623374313158,720.2416630771914,1656156.0007627609,0,0
2026-01-04 10:48:49.790495,1499103.9740666498,1033663.6380309287,999.4026493777666,689.1090920206191,2532767.6120975786,1,0
2026-01-04 10:48:50.790495,1566580.7272698297,830499.6505467719,1044.3871515132198,553.666433697848,2397080.3778166017,0,0
2026-01-04 10:48:51.790495,1025353.5954283093,961812.5511781889,683.5690636188729,641.2083674521259,1987166.1466064982,0,0
2026-01-04 10:48:52.790495,402895.59702865337,737202.2131641456,268.59706468576894,491.4681421094304,1140097.810192799,0,0
2026-01-04 10:48:53.790495,1253378.5426571902,897446.8090870566,835.5856951047934,598.2978727247043,2150825.3517442467,0,0
2026-01-04 10:48:54.790495,1115390.4003406668,530213.5877794202,743.5936002271112,353.47572518628016,1645603.988120087,0,0
2026-01-04 10:48:55.790495,706479.9842473977,681023.5952897397,470.98665616493184,454.01573019315975,1387503.5795371374,0,0
2026-01-04 10:48:56.790495,503077.7186246768,1071819.4941654408,335.38514574978456,714.5463294436272,1574897.2127901176,0,0
2026-01-04 10:48:57.790495,4143571.475628378,4362439.790073447,575.7292903669835,606.1399880224808,8506011.265701825,0,0
2026-01-04 10:48:58.790495,729087.7652928395,782392.4666039682,486.05851019522635,521.5949777359788,1511480.2318968077,0,0
2026-01-04 10:48:59.790495,839294.3702603793,472587.25296220114,559.5295801735862,315.05816864146743,1311881.6232225804,0,0
2026-01-04 10:49:00.790495,1002350.0606508858,593645.304182484,668.2333737672571,395.76353612165605,1595995.3648333699,0,0
2026-01-04 10:49:01.790495,840000.7493603223,596763.2045074976,560.0004995735482,397.8421363383317,1436763.9538678199,0,0
2026-01-04 10:49:02.790495,825881.1127745606,472614.0868669898,550.5874085163737,315.07605791132653,1298495.1996415504,0,0
2026-01-04 10:49:03.790495,745652.1961610464,641929.0713178606,497.1014641073643,427.9527142119071,1387581.267478907,0,0
2026-01-04 10:49:04.790495,797290.8282788526,373710.0912987785,531.5272188525685,249.14006086585232,1171000.9195776312,0,0
2026-01-04 10:49:05.790495,873307.071876086,888437.5741393619,582.2047145840573,592.2917160929079,1761744.6460154478,0,0
2026-01-04 10:49:06.790495,336552.5204395639,759729.5226971318,224.36834695970927,506.48634846475454,1096282.0431366959,0,0
2026-01-04 10:49:07.790495,602623.4548931426,625713.8130969976,401.7489699287617,417.14254206466507,1228337.26799014,0,0
2026-01-04 10:49:08.790495,920141.2488058718,620289.7531196609,613.4274992039145,413.52650207977393,1540431.0019255327,0,0
2026-01-04 10:49:09.790495,591252.4308036339,916387.5445120829,394.16828720242256,610.9250296747219,1507639.9753157168,0,0
2026-01-04 10:49:10.790495,442061.998885566,579934.7574144041,294.70799925704404,386.6231716096027,1021996.7562999701,0,0
2026-01-04 10:49:11.790495,810510.6242199271,492864.0184474274,540.340416146618,328.576012298285,1303374.6426673546,0,0
2026-01-04 10:49:12.790495,464529.4109483664,866068.0210499526,309.6862739655776,577.3786806999684,1330597.431998319,0,0
2026-01-04 10:49:13.790495,759760.3457604628,770443.357938505,506.50689717364185,513.6289052923366,1530203.7036989678,0,0
2026-01-04 10:49:14.790495,408321.17858298664,513899.44939439226,272.21411905532443,342.59963292959486,922220.6279773789,0,0
2026-01-04 10:49:15.790495,771669.5232115211,339047.19848883455,514.4463488076807,226.03146565922304,1110716.7217003556,0,0
2026-01-04 10:49:16.790495,744369.6710663975,389210.6112255551,496.2464473775983,259.47374081703674,1133580.2822919525,0,0
2026-01-04 10:49:17.790495,678007.9540116703,297338.2299582599,452.00530267444685,198.22548663883993,975346.1839699303,0,0
2026-01-04 10:49:18.790495,312565.7513546682,711504.8500327319,208.37716756977878,474.33656668848795,1024070.6013874,0,0
2026-01-04 10:49:19.790495,844623.9628447145,824894.890043067,563.0826418964764,549.9299266953781,1669518.8528877816,0,0
2026-01-04 10:49:20.790495,931671.58707741,591692.6810653263,621.11439138494,394.4617873768842,1523364.2681427363,0,0
2026-01-04 10:49:21.790495,905185.1966707218,606906.8661871308,603.4567977804811,404.6045774580872,1512092.0628578526,0,0
2026-01-04 10:49:22.790495,974896.702595723,462245.0250519562,649.9311350638153,308.16335003463746,1437141.7276476792,0,0
2026-01-04 10:49:23.790495,1105329.1144077254,771342.6389614377,736.8860762718169,514.2284259742918,1876671.753369163,0,0
2026-01-04 10:49:24.790495,664275.3092383506,295097.68669363944,442.8502061589004,196.73179112909295,959372.9959319901,0,0
2026-01-04 10:49:25.790495,4367998.606343014,3443683.2270343783,585.1790755830764,461.3489034704774,7811681.833377392,0,0
2026-01-04 10:49:26.790495,819328.740038585,777313.2450609667,546.2191600257233,518.2088300406444,1596641.9850995517,0,0
2026-01-04 10:49:27.790495,902854.3248559757,717961.2880550836,601.9028832373172,478.6408587033891,1620815.6129110593,0,0
2026-01-04 10:49:28.790495,780711.9791271695,1153096.1968642452,520.4746527514463,768.7307979094968,1933808.1759914148,0,0
2026-01-04 10:49:29.790495,962932.9854780162,502864.11037528387,641.9553236520107,335.24274025018923,1465797.0958533,0,0
2026-01-04 10:49:30.790495,454838.2696866579,426494.3615602855,303.2255131244386,284.32957437352366,881332.6312469434,0,0
2026-01-04 10:49:31.790495,773972.8819727299,506211.6723554139,515.9819213151533,337.4744482369426,1280184.5543281438,0,0
2026-01-04 10:49:32.790495,799644.2264822623,761406.6148626177,533.0961509881748,507.6044099084118,1561050.84134488,0,0
2026-01-04 10:49:33.790495,1030679.9333564637,742307.6551071149,687.1199555709758,494.87177007140997,1772987.5884635786,0,0
2026-01-04 10:49:34.790495,540072.9879176058,1098760.4264203438,360.0486586117372,732.5069509468959,1638833.4143379496,0,0
2026-01-04 10:49:35.790495,738406.2501349988,649114.4169548292,492.27083342333253,432.7429446365528,1387520.667089828,0,0
2026-01-04 10:49:36.790495,730990.0865985203,990244.967956703,487.32672439901353,660.1633119711354,1721235.0545552233,0,0
2026-01-04 10:49:37.790495,760964.3239746693,803794.0799614053,507.30954931644624,535.8627199742701,1564758.4039360746,0,0
2026-01-04 10:49:38.790495,4595501.786760114,2907559.012993863,761.2488741475477,481.6396832955189,7503060.799753977,0,0
2026-01-04 10:49:39.790495,612573.5903520627,1015233.1548576601,408.38239356804183,676.82210323844,1627806.7452097228,0,0
2026-01-04 10:49:40.790495,451271.0382661392,753053.1821214763,300.8473588440928,502.0354547476509,1204324.2203876155,0,0
2026-01-04 10:49:41.790495,528054.4236708019,1008067.95001798,352.0362824472013,672.0453000119867,1536122.3736887819,0,1
2026-01-04 10:49:42.790495,1038029.8867723736,514367.0359048467,692.0199245149157,342.9113572698978,1552396.9226772203,0,0
2026-01-04 10:49:43.790495,1121935.2860232478,640327.6054002496,747.9568573488318,426.88507026683305,1762262.8914234973,0,0
2026-01-04 10:49:44.790495,808298.9014233003,980354.8298627558,538.8659342822002,653.5698865751706,1788653.731286056,0,0
2026-01-04 10:49:45.790495,1014900.0099460288,630153.4990830441,676.6000066306859,420.1023327220294,1645053.509029073,0,0
2026-01-04 10:49:46.790495,942374.3263750036,1498008.2661690435,628.249550916669,998.672177446029,2440382.592544047,0,0
2026-01-04 10:49:47.790495,490811.952000729,652252.2514849677,327.207968000486,434.8348343233118,1143064.2034856966,0,0
2026-01-04 10:49:48.790495,827380.3625021903,1213350.4881705255,551.5869083347935,808.900325447017,2040730.8506727158,0,0
2026-01-04 10:49:49.790495,1443931.2448789424,674699.8525269291,962.6208299192949,449.7999016846194,2118631.0974058714,1,0
2026-01-04 10:49:50.790495,521096.1877423886,1166676.0183966374,347.39745849492573,777.784012264425,1687772.206139026,0,0
2026-01-04 10:49:51.790495,679403.2782451829,851715.9690202484,452.93551883012196,567.810646013499,1531119.2472654313,0,0
2026-01-04 10:49:52.790495,1384292.7473873456,601292.92425213,922.8618315915637,400.86194950142,1985585.6716394757,0,0
2026-01-04 10:49:53.790495,849939.3557549451,834982.9909207124,566.6262371699634,556.6553272804749,1684922.3466756574,0,0
2026-01-04 10:49:54.790495,870668.8513351622,540470.0078405322,580.4459008901081,360.3133385603548,1411138.8591756944,0,0
2026-01-04 10:49:55.790495,1140333.1515371357,624988.8117542341,760.2221010247572,416.6592078361561,1765321.9632913698,0,0
2026-01-04 10:49:56.790495,949554.0511710382,517474.9711417119,633.0360341140255,344.9833140944746,1467029.02231275,0,0
2026-01-04 10:49:57.790495,1048567.3256475319,898036.3327739538,699.0448837650213,598.6908885159692,1946603.6584214857,0,0
2026-01-04 10:49:58.790495,1208887.889516171,655884.5018841836,805.9252596774473,437.2563345894557,1864772.3914003547,0,0
2026-01-04 10:49:59.790495,875532.5057362613,1330693.640944379,583.6883371575075,887.1290939629192,2206226.14668064,0,0
2026-01-04 10:50:00.790495,693712.4831604386,962015.2162985909,462.47498877362574,641.3434775323939,1655727.6994590294,0,0
2026-01-04 10:50:01.790495,455483.1390410656,891501.5198499378,303.6554260273771,594.3343465666252,1346984.6588910033,0,0
2026-01-04 10:50:02.790495,579514.1959961575,1169108.6809175,386.34279733077165,779.4057872783334,1748622.8769136576,0,0
2026-01-04 10:50:03.790495,846165.2646917929,1353300.8805712732,564.1101764611952,902.2005870475155,2199466.145263066,0,0
2026-01-04 10:50:04.790495,1405293.8320612386,648381.7062913573,936.8625547074923,432.25447086090486,2053675.5383525959,0,0
2026-01-04 10:50:05.790495,746754.9906229341,1236511.5688178143,497.8366604152894,824.3410458785429,1983266.5594407485,0,0
2026-01-04 10:50:06.790495,1115600.0532032317,520961.094729247,743.7333688021545,347.30739648616463,1636561.1479324787,0,0
2026-01-04 10:50:07.790495,994366.4554499125,770573.7909096302,662.9109702999416,513.7158606064202,1764940.2463595427,0,0
2026-01-04 10:50:08.790495,676217.5530970914,858963.7297313872,450.81170206472757,572.6424864875914,1535181.2828284786,0,0
2026-01-04 10:50:09.790495,1031540.0144303889,498383.83890897746,687.6933429535926,332.25589260598497,1529923.8533393664,0,0
2026-01-04 10:50:10.790495,895818.2052137726,423467.77240874764,597.2121368091817,282.3118482724984,1319285.9776225202,0,0
2026-01-04 10:50:11.790495,1095510.382393118,582148.4323179681,730.3402549287454,388.09895487864543,1677658.8147110862,0,0
2026-01-04 10:50:12.790495,965270.5253319344,709708.160070745,643.513683554623,473.1387733804967,1674978.6854026795,0,0
2026-01-04 10:50:13.790495,601706.5381960606,1105252.4020878377,401.137692130707,736.8349347252251,1706958.9402838983,0,0
2026-01-04 10:50:14.790495,545754.4948139176,932677.5103029935,363.836329875945,621.7850068686623,1478432.005116911,0,0
2026-01-04 10:50:15.790495,656990.8016335752,862551.7161462914,437.99386775571685,575.0344774308609,1519542.5177798665,0,0
2026-01-04 10:50:16.790495,602035.3635522625,452651.91541045444,401.3569090348417,301.76794360696965,1054687.278962717,0,0
2026-01-04 10:50:17.790495,398698.3159172103,812819.0502327324,265.7988772781402,541.8793668218216,1211517.3661499426,0,0
2026-01-04 10:50:18.790495,540659.0820961351,638908.0861961375,360.4393880640901,425.9387241307583,1179567.1682922726,0,0
2026-01-04 10:50:19.790495,775326.0957901349,343109.69642487506,516.8840638600899,228.73979761658336,1118435.79221501,1,0
2026-01-04 10:50:20.790495,499858.4521070647,1027575.1323718993,333.23896807137646,685.0500882479329,1527433.584478964,0,0
2026-01-04 10:50:21.790495,623826.4025248019,1029343.993670728,415.8842683498679,686.2293291138187,1653170.39619553,0,0
2026-01-04 10:50:22.790495,777214.6454616495,633456.3803481472,518.143096974433,422.3042535654315,1410671.0258097968,0,0
2026-01-04 10:50:23.790495,1755841.4001943409,2145966.825991678,299.0716227920964,365.5214992859262,3901808.226186019,0,0
2026-01-04 10:50:24.790495,484741.5764917142,574112.1320809894,323.16105099447617,382.7414213873263,1058853.7085727036,0,0
2026-01-04 10:50:25.790495,822309.8399337942,615701.9091019614,548.2065599558629,410.4679394013076,1438011.7490357556,0,0
2026-01-04 10:50:26.790495,506481.0799762257,826042.5359102333,337.6540533174838,550.6950239401555,1332523.615886459,0,0
2026-01-04 10:50:27.790495,540661.7346980014,715491.75514099,360.4411564653343,476.99450342732666,1256153.4898389915,0,0
2026-01-04 10:50:28.790495,854010.1845983672,930666.7363695328,569.3401230655782,620.4444909130218,1784676.9209679,0,0
2026-01-04 10:50:29.790495,3485801.0988410586,4507365.919072261,470.78444739128406,608.7546917425245,7993167.01791332,0,0
2026-01-04 10:50:30.790495,1082773.7293404848,464092.96205447544,721.8491528936565,309.395308036317,1546866.6913949603,0,0
2026-01-04 10:50:31.790495,806996.8745755312,836872.0839253358,537.9979163836875,557.9147226168906,1643868.958500867,0,0
2026-01-04 10:50:32.790495,494248.68761736836,929997.3187491897,329.4991250782456,619.9982124994598,1424246.0063665581,0,0
2026-01-04 10:50:33.790495,1433781.61091084,852648.6551638179,955.8544072738933,568.4324367758786,2286430.266074658,0,0
2026-01-04 10:50:34.790495,1124479.6643908662,759347.3527408034,749.6531095939108,506.2315684938689,1883827.0171316694,0,0
2026-01-04 10:50:35.790495,3994481.0397178414,3683268.0676499554,660.7324192570305,609.2542678040672,7677749.107367797,0,0
2026-01-04 10:50:36.790495,420961.8330837003,561699.9100889616,280.6412220558002,374.4666067259744,982661.7431726619,0,0
2026-01-04 10:50:37.790495,813134.768219136,833513.8612767061,542.0898454794241,555.675907517804,1646648.6294958421,0,0
2026-01-04 10:50:38.790495,1246946.3008197804,586062.4593846733,831.2975338798536,390.70830625644885,1833008.7602044537,0,0
2026-01-04 10:50:39.790495,2777326.2516813125,2292420.3588606273,558.5482197372294,461.02877166694054,5069746.61054194,0,0
2026-01-04 10:50:40.790495,825651.50007465,912248.9612948342,550.4343333831,608.1659741965561,1737900.4613694842,0,0
2026-01-04 10:50:41.790495,1231449.5203594286,588498.9062902203,820.9663469062857,392.3326041934802,1819948.426649649,0,0
2026-01-04 10:50:42.790495,728081.4754249747,771996.0496435026,485.3876502833165,514.6640330956684,1500077.5250684773,0,0
2026-01-04 10:50:43.790495,1262746.898938183,603132.1526957445,841.8312659587887,402.088101797163,1865879.0516339275,0,0
2026-01-04 10:50:44.790495,872064.3113963552,976325.6024086302,581.3762075975701,650.8837349390868,1848389.9138049853,0,0
2026-01-04 10:50:45.790495,697807.5641753509,897567.9515057917,465.2050427835673,598.3786343371945,1595375.5156811427,0,0
2026-01-04 10:50:46.790495,820534.3194975822,594147.3811300584,547.0228796650548,396.09825408670565,1414681.7006276406,0,0
2026-01-04 10:50:47.790495,1221590.3898994185,552267.5090504042,814.393593266279,368.17833936693614,1773857.8989498226,0,0
2026-01-04 10:50:48.790495,307164.3425633552,695482.7407974268,204.77622837557016,463.65516053161787,1002647.0833607819,0,0
2026-01-04 10:50:49.790495,949899.3138725722,530911.8010327629,633.2662092483814,353.94120068850856,1480811.114905335,0,0
2026-01-04 10:50:50.790495,922827.0151121682,807297.6479428075,615.2180100747788,538.1984319618717,1730124.6630549757,0,0
2026-01-04 10:50:51.790495,706544.3509080707,729997.5385542185,471.02956727204713,486.66502570281233,1436541.8894622892,0,0
2026-01-04 10:50:52.790495,894183.5103015992,568521.0938741806,596.1223402010661,379.01406258278706,1462704.6041757797,1,0
2026-01-04 10:50:53.790495,578556.396145857,909744.8793089424,385.704264097238,606.4965862059615,1488301.2754547994,0,0
2026-01-04 10:50:54.790495,940996.0416013264,778347.631820866,627.3306944008843,518.8984212139106,1719343.6734221925,0,0
2026-01-04 10:50:55.790495,521775.418315955,968577.9294471666,347.8502788773033,645.7186196314444,1490353.3477631216,0,0
2026-01-04 10:50:56.790495,463680.40661521227,1034129.0913634227,309.1202710768082,689.4193942422818,1497809.497978635,0,0
2026-01-04 10:50:57.790495,792515.3858390262,914463.0162935522,528.3435905593508,609.6420108623681,1706978.4021325784,0,0
2026-01-04 10:50:58.790495,740749.5098478554,946609.8060768021,493.83300656523693,631.0732040512014,1687359.3159246575,0,0
2026-01-04 10:50:59.790495,638700.8104763848,862545.7323158308,425.8005403175899,575.0304882105538,1501246.5427922155,0,0
2026-01-04 10:51:00.790495,407907.1130817139,869408.3523973096,271.93807538780925,579.6055682648731,1277315.4654790235,0,0
2026-01-04 10:51:01.790495,848279.2706759291,862665.3493492646,565.5195137839528,575.1102328995098,1710944.6200251938,0,0
2026-01-04 10:51:02.790495,998270.6265840066,928146.7960803394,665.5137510560044,618.7645307202263,1926417.422664346,0,0
2026-01-04 10:51:03.790495,453940.59815234045,620144.1300773976,302.6270654348936,413.42942005159836,1074084.728229738,0,0
2026-01-04 10:51:04.790495,522396.56687363837,1075053.3005791868,348.2643779157589,716.7022003861246,1597449.867452825,0,0
2026-01-04 10:51:05.790495,795067.9740571595,524379.5946662439,530.0453160381063,349.5863964441626,1319447.5687234034,0,0
2026-01-04 10:51:06.790495,687691.0543724367,648709.1708784007,458.46070291495784,432.47278058560045,1336400.2252508374,0,0
2026-01-04 10:51:07.790495,1056803.0341386609,457410.624659439,704.5353560924406,304.940416439626,1514213.6587981,0,0
2026-01-04 10:51:08.790495,762285.0843701363,723387.6838632456,508.19005624675754,482.25845590883046,1485672.768233382,0,0
2026-01-04 10:51:09.790495,464987.46873056854,614568.5763082608,309.991645820379,409.7123842055072,1079556.0450388293,0,0
2026-01-04 10:51:10.790495,541083.4064442607,980173.6183788561,360.72227096284047,653.4490789192374,1521257.0248231168,0,0
2026-01-04 10:51:11.790495,732287.2185203235,582939.254376115,488.191479013549,388.6261695840767,1315226.4728964386,0,0
2026-01-04 10:51:12.790495,644718.162561385,907383.3517469044,429.81210837425664,604.9222344979363,1552101.5143082894,0,0
2026-01-04 10:51:13.790495,960705.2459111998,748783.6559856897,640.4701639407999,499.18910399045984,1709488.9018968896,0,0
2026-01-04 10:51:14.790495,660183.3365148068,427184.8853126305,440.12222434320455,284.7899235417537,1087368.2218274374,0,0
2026-01-04 10:51:15.790495,610187.7435236463,1128180.3116651757,406.79182901576416,752.1202077767838,1738368.0551888219,0,0
2026-01-04 10:51:16.790495,285800.59863621864,488980.044691151,190.53373242414577,325.98669646076735,774780.6433273697,0,0
2026-01-04 10:51:17.790495,557637.8935250285,947569.4158771908,371.7585956833523,631.7129439181272,1505207.3094022193,0,0
2026-01-04 10:51:18.790495,831374.2410061489,737848.9501066908,554.2494940040992,491.8993000711272,1569223.1911128396,0,0
2026-01-04 10:51:19.790495,347454.703241779,697209.135985917,231.63646882785267,464.806090657278,1044663.839227696,0,0
2026-01-04 10:51:20.790495,601474.504113974,358827.27065347036,400.9830027426494,239.2181804356469,960301.7747674445,0,0
2026-01-04 10:51:21.790495,677274.1403113025,843635.430327269,451.5160935408683,562.4236202181794,1520909.5706385716,0,0
2026-01-04 10:51:22.790495,491337.83091862197,859151.4022192353,327.558553945748,572.7676014794902,1350489.2331378574,0,0
2026-01-04 10:51:23.790495,674824.3741775093,822101.3734009097,449.88291611833955,548.0675822672731,1496925.747578419,0,0
2026-01-04 10:51:24.790495,347915.2896454939,401918.09079051134,231.94352643032926,267.9453938603409,749833.3804360053,0,0
2026-01-04 10:51:25.790495,593528.5424760528,953147.2260425824,395.6856949840352,635.4314840283882,1546675.768518635,0,0
2026-01-04 10:51:26.790495,1405651.090831592,689143.6853492602,937.1007272210613,459.4291235661735,2094794.7761808522,0,0
2026-01-04 10:51:27.790495,680302.4125977689,563126.9679373074,453.53494173184595,375.41797862487164,1243429.3805350764,0,0
2026-01-04 10:51:28.790495,436166.39887678245,924111.6835807742,290.7775992511883,616.0744557205162,1360278.0824575566,0,0
2026-01-04 10:51:29.790495,537502.7957646945,1201191.3563700633,358.335197176463,800.7942375800421,1738694.1521347577,0,0
2026-01-04 10:51:30.790495,1019134.8204499224,699550.8289068978,679.4232136332815,466.3672192712652,1718685.6493568202,0,0
2026-01-04 10:51:31.790495,418183.70274649636,813238.3829430159,278.7891351643309,542.1589219620106,1231422.0856895123,0,0
2026-01-04 10:51:32.790495,857018.4741208341,726282.470195018,571.3456494138894,484.1883134633453,1583300.9443158521,0,0
2026-01-04 10:51:33.790495,818593.2268049025,549455.9004690903,545.728817869935,366.3039336460602,1368049.1272739929,0,0
2026-01-04 10:51:34.790495,1262735.6294377751,895589.492610724,841.8237529585167,597.0596617404826,2158325.122048499,0,0
2026-01-04 10:51:35.790495,1112350.1288830158,506801.79555065476,741.5667525886772,337.8678637004365,1619151.9244336705,0,0
2026-01-04 10:51:36.790495,675157.9184988615,702174.4238073641,450.10527899924097,468.11628253824273,1377332.3423062256,0,0
2026-01-04 10:51:37.790495,879569.1577556019,1187017.021588932,586.3794385037346,791.3446810592881,2066586.179344534,0,0
2026-01-04 10:51:38.790495,554444.5072646515,887414.0761964553,369.62967150976766,591.6093841309702,1441858.5834611068,0,0
2026-01-04 10:51:39.790495,910045.6249561766,964517.7674313692,606.6970833041178,643.0118449542462,1874563.3923875457,0,0
2026-01-04 10:51:40.790495,859529.0740528806,792936.0638165524,573.0193827019204,528.6240425443683,1652465.137869433,0,0
2026-01-04 10:51:41.790495,638247.6663323283,699951.5494081763,425.49844422155223,466.6343662721176,1338199.2157405047,0,0
2026-01-04 10:51:42.790495,789139.4151857747,629791.143541103,526.0929434571831,419.86076236073535,1418930.5587268777,0,0
2026-01-04 10:51:43.790495,553138.8451176032,566157.4890403356,368.75923007840214,377.4383260268904,1119296.3341579388,0,0
2026-01-04 10:51:44.790495,509467.2016555215,910173.2380519065,339.644801103681,606.782158701271,1419640.439707428,0,0
2026-01-04 10:51:45.790495,1030564.5215041946,1216905.6212330484,687.0430143361298,811.2704141553656,2247470.142737243,0,0
2026-01-04 10:51:46.790495,651014.7607409082,881201.3409448223,434.0098404939388,587.4675606298815,1532216.1016857305,0,0
2026-01-04 10:51:47.790495,614562.037953096,1111850.339323804,409.70802530206396,741.2335595492027,1726412.3772769,0,0
2026-01-04 10:51:48.790495,538822.106090887,1209190.5660643473,359.2147373939247,806.1270440428982,1748012.6721552343,0,0
2026-01-04 10:51:49.790495,525639.7676752195,942868.2923019268,350.4265117834796,628.5788615346179,1468508.059977146,0,0
2026-01-04 10:51:50.790495,771697.9648267709,1215273.1878360612,514.465309884514,810.1821252240409,1986971.152662832,0,0
2026-01-04 10:51:51.790495,729924.3401062201,810057.8533086337,486.6162267374801,540.0385688724225,1539982.1934148537,1,0
2026-01-04 10:51:52.790495,741116.0433766213,1315322.0043083571,494.0773622510809,876.8813362055714,2056438.0476849782,0,0
2026-01-04 10:51:53.790495,1170645.0699360033,562103.5545207227,780.4300466240022,374.73570301381517,1732748.624456726,0,0
2026-01-04 10:51:54.790495,607478.067329385,1014236.9794142148,404.98537821958996,676.1579862761432,1621715.0467435997,0,0
2026-01-04 10:51:55.790495,1202129.0162961178,1142972.9701161992,801.4193441974119,761.9819800774661,2345101.986412317,0,0
2026-01-04 10:51:56.790495,5873314.152104592,2906515.0226071533,904.3553710015284,447.5365021381541,8779829.174711745,0,0
2026-01-04 10:51:57.790495,1135850.4248268884,753229.1886159803,757.2336165512589,502.15279241065355,1889079.6134428687,0,0
2026-01-04 10:51:58.790495,391072.76168537943,782206.4903564089,260.7151744569196,521.4709935709393,1173279.2520417883,0,0
2026-01-04 10:51:59.790495,1290191.3427242169,766651.8221653259,860.1275618161446,511.1012147768839,2056843.1648895426,0,0
2026-01-04 10:52:00.790495,929642.0223646469,505769.39131694264,619.7613482430979,337.17959421129507,1435411.4136815895,0,0
2026-01-04 10:52:01.790495,682179.7120863206,360489.5252004376,454.78647472421375,240.32635013362506,1042669.2372867581,0,0
2026-01-04 10:52:02.790495,582759.121463107,708445.6581714739,388.50608097540464,472.29710544764924,1291204.779634581,0,0
2026-01-04 10:52:03.790495,566667.6480915028,596823.6695182543,377.77843206100187,397.8824463455029,1163491.3176097572,0,0
2026-01-04 10:52:04.790495,816738.8630548184,719388.7171718889,544.4925753698789,479.5924781145926,1536127.5802267073,0,0
2026-01-04 10:52:05.790495,643786.3234612233,548260.4544394313,429.1908823074822,365.5069696262875,1192046.7779006546,0,0
2026-01-04 10:52:06.790495,350355.0582153797,816574.6237469775,233.57003881025315,544.383082497985,1166929.6819623574,0,0
2026-01-04 10:52:07.790495,662450.1180253403,1190497.874088422,441.6334120168935,793.6652493922813,1852947.992113762,0,1
2026-01-04 10:52:08.790495,745686.7084827028,758783.0184975081,497.1244723218019,505.8553456650054,1504469.726980211,0,0
2026-01-04 10:52:09.790495,819574.9807985066,1095002.1721427117,546.3833205323377,730.0014480951411,1914577.1529412183,0,0
2026-01-04 10:52:10.790495,765989.8435125386,968772.7108575418,510.6598956750257,645.8484739050278,1734762.5543700804,0,0
2026-01-04 10:52:11.790495,692199.3036124646,1052134.282404287,461.4662024083097,701.4228549361914,1744333.5860167516,0,0
2026-01-04 10:52:12.790495,582565.3988132179,857386.8869873146,388.37693254214525,571.591257991543,1439952.2858005324,0,0
2026-01-04 10:52:13.790495,465151.1116397756,678041.936625458,310.10074109318373,452.0279577503053,1143193.0482652336,0,0
2026-01-04 10:52:14.790495,536844.1575460553,1186396.1313380941,357.8961050307035,790.9307542253961,1723240.2888841494,0,0
2026-01-04 10:52:15.790495,557932.6985101394,1014353.7239506749,371.9551323400929,676.2358159671165,1572286.4224608142,0,0
2026-01-04 10:52:16.790495,811127.7546808363,577448.3701052598,540.7518364538909,384.9655800701732,1388576.1247860962,0,0
2026-01-04 10:52:17.790495,622175.3769131877,458224.46613118507,414.7835846087918,305.48297742079006,1080399.8430443727,0,0
2026-01-04 10:52:18.790495,548193.3336870183,797207.9523107471,365.46222245801215,531.4719682071648,1345401.2859977654,0,0
2026-01-04 10:52:19.790495,3740503.6277569616,2848838.9032969438,630.7450349826803,480.3874484670874,6589342.531053905,0,0
2026-01-04 10:52:20.790495,605132.2623732679,534676.191742294,403.42150824884527,356.4507944948627,1139808.454115562,0,0
2026-01-04 10:52:21.790495,1093374.6117831653,473589.8662534789,728.9164078554435,315.7265775023193,1566964.4780366442,0,0
2026-01-04 10:52:22.790495,797080.194107726,478533.499626345,531.3867960718173,319.02233308423,1275613.693734071,0,0
2026-01-04 10:52:23.790495,932491.1293938501,987209.2043523394,621.6607529292334,658.1394695682262,1919700.3337461895,0,0
2026-01-04 10:52:24.790495,786129.7823298122,867382.3908199864,524.0865215532082,578.2549272133242,1653512.1731497985,0,0
2026-01-04 10:52:25.790495,597936.9062040346,1062017.580603099,398.62460413602304,708.011720402066,1659954.4868071335,0,0
2026-01-04 10:52:26.790495,2892772.297515829,4300953.714381098,431.7853366654506,641.9754327505623,7193726.011896927,0,0
2026-01-04 10:52:27.790495,509552.4221817445,639375.4835774986,339.70161478782967,426.25032238499904,1148927.905759243,0,0
2026-01-04 10:52:28.790495,642733.4454524525,573449.6726200584,428.48896363496834,382.2997817467056,1216183.118072511,0,0
2026-01-04 10:52:29.790495,632171.957299456,941620.6873909654,421.44797153297066,627.7471249273103,1573792.6446904214,0,0
2026-01-04 10:52:30.790495,973566.1975593655,420922.3738431159,649.0441317062437,280.6149158954106,1394488.5714024815,0,0
2026-01-04 10:52:31.790495,354194.58868491155,341262.6936000983,236.12972578994103,227.50846240006555,695457.2822850099,0,0
2026-01-04 10:52:32.790495,399224.8021956512,455527.91290906747,266.14986813043413,303.68527527271164,854752.7151047187,0,0
2026-01-04 10:52:33.790495,1555534.627488911,740173.7574576949,1037.0230849926072,493.4491716384632,2295708.3849466057,0,0
2026-01-04 10:52:34.790495,903390.9817659653,1222858.3931484914,602.2606545106436,815.238928765661,2126249.3749144566,0,0
2026-01-04 10:52:35.790495,811338.2070122291,1066818.3862200514,540.8921380081528,711.2122574800343,1878156.5932322803,0,0
2026-01-04 10:52:36.790495,1038157.6336361289,486986.62856064044,692.1050890907526,324.6577523737603,1525144.2621967692,0,0
2026-01-04 10:52:37.790495,1265782.100196769,812238.5710204769,843.8547334645127,541.4923806803179,2078020.6712172457,0,0
2026-01-04 10:52:38.790495,880079.8369978793,453919.4939174747,586.7198913319196,302.61299594498314,1333999.330915354,0,0
2026-01-04 10:52:39.790495,872932.1397587135,1177937.5768749441,581.9547598391424,785.2917179166294,2050869.7166336577,0,0
2026-01-04 10:52:40.790495,548404.7289423558,1022211.6238725166,365.60315262823724,681.474415915011,1570616.3528148723,0,0
2026-01-04 10:52:41.790495,930961.8106039629,409055.770453458,620.6412070693086,272.703846968972,1340017.581057421,0,0
2026-01-04 10:52:42.790495,731057.9550711464,1179619.1552354903,487.3719700474309,786.4127701569935,1910677.1103066367,0,0
2026-01-04 10:52:43.790495,576305.4228279062,894790.9455232446,384.2036152186041,596.5272970154964,1471096.3683511508,0,0
2026-01-04 10:52:44.790495,5521720.925723121,4464368.619530935,811.8845317770623,656.4170618371869,9986089.545254055,0,0
2026-01-04 10:52:45.790495,783794.1638821829,841671.044525421,522.5294425881219,561.114029683614,1625465.208407604,0,0
2026-01-04 10:52:46.790495,564242.162956005,1143423.423056235,376.16144197066996,762.2822820374901,1707665.58601224,0,0
2026-01-04 10:52:47.790495,560675.7681526977,1186167.7631223039,373.7838454351318,790.7785087482026,1746843.5312750016,0,0
2026-01-04 10:52:48.790495,1404398.6551490042,661427.6335345831,936.2657700993361,440.9517556897221,2065826.2886835872,0,0
2026-01-04 10:52:49.790495,924536.9642442247,853862.9271569544,616.3579761628165,569.2419514379696,1778399.8914011791,0,0
2026-01-04 10:52:50.790495,818273.0736374205,808591.0865220353,545.515382424947,539.0607243480235,1626864.1601594558,0,0
2026-01-04 10:52:51.790495,977771.0350162114,1322386.5684405975,651.8473566774743,881.591045627065,2300157.6034568087,0,0
2026-01-04 10:52:52.790495,509882.2651384167,947125.4035131555,339.9215100922778,631.416935675437,1457007.6686515722,0,0
2026-01-04 10:52:53.790495,1075482.2815918084,571233.740226251,716.9881877278723,380.8224934841673,1646716.0218180595,1,0
2026-01-04 10:52:54.790495,658058.0219123097,1313082.4275764467,438.7053479415398,875.3882850509644,1971140.4494887562,0,0
2026-01-04 10:52:55.790495,674894.4889946991,717106.3091538366,449.9296593297994,478.07087276922437,1392000.7981485357,0,0
2026-01-04 10:52:56.790495,786565.9280062435,752952.7043156171,524.3772853374957,501.96846954374473,1539518.6323218606,0,0
2026-01-04 10:52:57.790495,750417.7279535648,974780.9604462,500.27848530237657,649.8539736307999,1725198.688399765,0,0
2026-01-04 10:52:58.790495,858600.0696366315,1105800.4661022257,572.400046424421,737.2003107348171,1964400.5357388572,0,0
2026-01-04 10:52:59.790495,600382.450553883,965501.5524236704,400.254967035922,643.6677016157803,1565884.0029775533,0,0
2026-01-04 10:53:00.790495,593989.5158653479,1176818.3977964201,395.9930105768986,784.5455985309468,1770807.9136617682,0,0
2026-01-04 10:53:01.790495,1165233.8878763781,515068.99814960104,776.8225919175854,343.37933209973403,1680302.8860259792,0,0
2026-01-04 10:53:02.790495,528347.8025904068,1070244.2606401017,352.23186839360454,713.4961737600678,1598592.0632305085,0,0
2026-01-04 10:53:03.790495,825324.1671552461,1089843.7057415666,550.2161114368307,726.5624704943777,1915167.8728968129,0,0
2026-01-04 10:53:04.790495,916269.0378234088,1143512.0358591576,610.8460252156059,762.3413572394384,2059781.0736825664,0,0
2026-01-04 10:53:05.790495,472428.684704394,854825.926574326,314.95245646959603,569.8839510495507,1327254.61127872,0,0
2026-01-04 10:53:06.790495,447677.4149453857,696697.7617704148,298.4516099635905,464.46517451360984,1144375.1767158005,0,0
2026-01-04 10:53:07.790495,601585.0858806365,1245876.1727058908,401.0567239204243,830.5841151372606,1847461.2585865273,1,0
2026-01-04 10:53:08.790495,850614.6971966414,1071187.3065323473,567.0764647977609,714.1248710215649,1921802.0037289888,0,0
2026-01-04 10:53:09.790495,524564.386389093,635101.7906148491,349.709590926062,423.40119374323274,1159666.1770039422,0,0
2026-01-04 10:53:10.790495,655911.5110660531,1010475.8844011191,437.27434071070206,673.650589600746,1666387.3954671721,0,0
2026-01-04 10:53:11.790495,751054.0086680017,762868.3822495127,500.7026724453345,508.5789214996751,1513922.3909175145,0,0
2026-01-04 10:53:12.790495,1865935.8301664847,3102043.3241084334,388.4421345313635,645.7694368396019,4967979.154274918,0,0
2026-01-04 10:53:13.790495,998702.8628888791,483249.5341578494,665.8019085925861,322.1663561052329,1481952.3970467285,0,0
2026-01-04 10:53:14.790495,994868.8003570059,787883.2343519913,663.2458669046706,525.2554895679942,1782752.0347089972,0,0
2026-01-04 10:53:15.790495,443374.86269726895,1016567.6347670093,295.5832417981793,677.7117565113396,1459942.4974642782,0,0
2026-01-04 10:53:16.790495,979379.3185688653,484467.28688908514,652.9195457125769,322.9781912593901,1463846.6054579504,0,0
2026-01-04 10:53:17.790495,568270.5973615769,640586.8862979399,378.8470649077179,427.0579241986266,1208857.4836595168,0,0
2026-01-04 10:53:18.790495,662183.1498499565,412356.912448578,441.45543323330435,274.904608299052,1074540.0622985344,0,0
2026-01-04 10:53:19.790495,668573.5812973791,886168.946561616,445.7157208649194,590.779297707744,1554742.5278589951,0,0
2026-01-04 10:53:20.790495,542130.4495369125,499055.2786606831,361.420299691275,332.7035191071221,1041185.7281975956,0,0
2026-01-04 10:53:21.790495,823332.0834347057,745039.816015114,548.8880556231371,496.69321067674264,1568371.8994498197,0,0
2026-01-04 10:53:22.790495,549588.7376952297,306702.1639750459,366.3924917968198,204.46810931669728,856290.9016702756,0,0
2026-01-04 10:53:23.790495,701742.8137567736,364456.612170847,467.8285425045157,242.9710747805647,1066199.4259276206,0,0
2026-01-04 10:53:24.790495,588908.1423792267,870666.6232997788,392.60542825281783,580.4444155331859,1459574.7656790055,0,0
2026-01-04 10:53:25.790495,3054583.6981123267,2057267.8089453008,520.6232627591324,350.64073697647547,5111851.507057628,0,0
2026-01-04 10:53:26.790495,597954.3334347411,580099.7735359793,398.6362222898274,386.73318235731955,1178054.1069707205,0,0
2026-01-04 10:53:27.790495,857034.50039536,436038.4979985041,571.3563335969067,290.6923319990027,1293072.9983938641,0,0
2026-01-04 10:53:28.790495,819236.1282790538,627746.4779854915,546.1574188527026,418.49765199032765,1446982.6062645453,0,0
2026-01-04 10:53:29.790495,851148.054914189,687357.0538516932,567.4320366094594,458.2380359011288,1538505.1087658822,0,0
2026-01-04 10:53:30.790495,1673253.6468926324,3445316.0914275823,290.60183210487725,598.3642529084624,5118569.738320215,0,0
2026-01-04 10:53:31.790495,700260.4098224692,445172.9030394478,466.8402732149795,296.78193535963186,1145433.312861917,0,0
2026-01-04 10:53:32.790495,862005.7216246275,388144.94397337787,574.670481083085,258.7632959822519,1250150.6655980053,0,0
2026-01-04 10:53:33.790495,830985.5826191028,1258722.2474318494,553.9903884127352,839.1481649545663,2089707.8300509523,0,0
2026-01-04 10:53:34.790495,449666.60315441614,1012158.7576760675,299.77773543627745,674.7725051173784,1461825.3608304837,0,0
2026-01-04 10:53:35.790495,668305.6871724084,965554.9134220532,445.53712478160566,643.7032756147022,1633860.6005944617,0,0
2026-01-04 10:53:36.790495,842664.7466265055,473570.0727386125,561.7764977510037,315.71338182574164,1316234.819365118,0,0
2026-01-04 10:53:37.790495,998772.6364970601,634530.911208929,665.8484243313734,423.02060747261936,1633303.547705989,0,0
2026-01-04 10:53:38.790495,1023670.6819296969,996759.883111776,682.4471212864646,664.506588741184,2020430.565041473,0,0
2026-01-04 10:53:39.790495,1078248.9097693856,1064214.8676156676,718.8326065129237,709.4765784104451,2142463.777385053,0,0
2026-01-04 10:53:40.790495,3712797.616635951,4609911.52897465,527.8957682534926,655.4498896639756,8322709.145610602,0,0
2026-01-04 10:53:41.790495,550492.6509125861,1006254.9836475167,366.99510060839077,670.8366557650112,1556747.6345601028,0,0
2026-01-04 10:53:42.790495,759173.1675418997,642292.9495504678,506.11544502793316,428.19529970031186,1401466.1170923675,0,0
2026-01-04 10:53:43.790495,776889.5497667437,1013986.6724076477,517.9263665111624,675.9911149384318,1790876.2221743914,0,0
2026-01-04 10:53:44.790495,968071.9678620318,436193.09879435354,645.3813119080212,290.7953991962357,1404265.0666563853,0,0
2026-01-04 10:53:45.790495,1236950.55261767,755404.2926772989,824.6337017451134,503.6028617848659,1992354.845294969,0,0
2026-01-04 10:53:46.790495,946390.5494289184,1006874.4070016235,630.9270329526123,671.249604667749,1953264.9564305418,0,0
2026-01-04 10:53:47.790495,776581.033348299,788005.0709397261,517.720688898866,525.3367139598174,1564586.104288025,0,0
2026-01-04 10:53:48.790495,814838.98201935,1072750.6628563546,543.2259880129001,715.1671085709031,1887589.6448757045,0,0
2026-01-04 10:53:49.790495,1263884.2370104818,651148.569086075,842.5894913403212,434.0990460573833,1915032.8060965566,0,0
2026-01-04 10:53:50.790495,1227809.1596239796,775552.1337303192,818.5394397493197,517.0347558202128,2003361.293354299,0,0
2026-01-04 10:53:51.790495,733007.9736775075,601817.561484354,488.6719824516717,401.211707656236,1334825.5351618615,0,0
2026-01-04 10:53:52.790495,982494.5561012933,805414.5847595916,654.9963707341956,536.9430565063944,1787909.140860885,0,0
2026-01-04 10:53:53.790495,6104640.455206449,4962376.745807893,834.12136377902,678.0455768313701,11067017.201014342,0,0
2026-01-04 10:53:54.790495,921965.8716202786,1066673.8362010967,614.643914413519,711.1158908007311,1988639.7078213752,0,0
2026-01-04 10:53:55.790495,761671.5121212356,1196770.204603793,507.7810080808237,797.8468030691954,1958441.7167250286,0,0
2026-01-04 10:53:56.790495,1252230.8812266649,630809.443371244,834.8205874844432,420.5396289141627,1883040.3245979089,0,0
2026-01-04 10:53:57.790495,681638.1008701582,1362475.2890284169,454.4254005801055,908.3168593522779,2044113.3898985751,1,0
2026-01-04 10:53:58.790495,782275.3908974623,1135969.2557458843,521.5169272649748,757.3128371639228,1918244.6466433466,0,0
2026-01-04 10:53:59.790495,1412030.2241042275,895079.2007495058,941.3534827361517,596.7194671663372,2307109.4248537333,0,0
2026-01-04 10:54:00.790495,837127.3816121957,620092.6911266736,558.0849210747972,413.3951274177824,1457220.0727388693,0,0
2026-01-04 10:54:01.790495,708827.1629879664,656999.9216446838,472.55144199197764,437.9999477631225,1365827.0846326503,0,0
2026-01-04 10:54:02.790495,774272.0390013253,907875.5063940441,516.1813593342168,605.2503375960295,1682147.5453953694,0,0
2026-01-04 10:54:03.790495,922210.6563706909,528138.0144263805,614.8071042471273,352.092009617587,1450348.6707970714,0,0
2026-01-04 10:54:04.790495,434414.9027898746,991029.0805260659,289.6099351932497,660.6860536840439,1425443.9833159405,0,0
2026-01-04 10:54:05.790495,690147.9057807949,892846.6345126404,460.09860385386327,595.2310896750936,1582994.5402934353,0,0
2026-01-04 10:54:06.790495,694530.2855376899,1214893.9003854129,463.02019035845996,809.9292669236086,1909424.1859231028,0,0
2026-01-04 10:54:07.790495,1010123.6908678983,704248.6555207018,673.4157939119322,469.49910368046784,1714372.3463886,0,0
2026-01-04 10:54:08.790495,646370.3120683853,750740.5295031307,430.9135413789235,500.4936863354205,1397110.8415715161,0,0
2026-01-04 10:54:09.790495,854401.2259273037,799260.0132685964,569.6008172848691,532.840008845731,1653661.2391959,0,0
2026-01-04 10:54:10.790495,606190.9723324431,1210050.948221151,404.1273148882954,806.700632147434,1816241.9205535941,0,0
2026-01-04 10:54:11.790495,540660.8849594643,297775.18125436525,360.4405899729762,198.51678750291018,838436.0662138296,0,0
2026-01-04 10:54:12.790495,693183.7609396835,954621.0389474689,462.12250729312234,636.4140259649793,1647804.7998871524,0,0
2026-01-04 10:54:13.790495,578117.0890517104,642626.4501295681,385.4113927011403,428.41763341971205,1220743.5391812786,0,0
2026-01-04 10:54:14.790495,241703.2127810479,523026.48299517704,161.13547518736527,348.6843219967847,764729.695776225,0,0
2026-01-04 10:54:15.790495,744508.616550339,508358.6733056901,496.339077700226,338.9057822037934,1252867.2898560292,0,0
2026-01-04 10:54:16.790495,575541.4373317612,960848.5582390083,383.6942915545075,640.5657054926722,1536389.9955707695,0,0
2026-01-04 10:54:17.790495,688238.8841506079,936422.5650467762,458.8259227670719,624.2817100311842,1624661.449197384,0,0
2026-01-04 10:54:18.790495,430231.7099474057,359124.25308451004,286.8211399649371,239.4161687230067,789355.9630319157,0,0
2026-01-04 10:54:19.790495,1101028.3912950235,489869.86834941816,734.0189275300156,326.57991223294545,1590898.2596444415,0,0
2026-01-04 10:54:20.790495,473680.7968619141,526154.1491746347,315.78719790794275,350.7694327830898,999834.9460365488,0,0
2026-01-04 10:54:21.790495,369460.8745784668,372756.6667941061,246.30724971897789,248.50444452940405,742217.5413725729,0,0
2026-01-04 10:54:22.790495,384386.3894201237,858806.4133321153,256.2575929467491,572.5376088880769,1243192.802752239,0,0
2026-01-04 10:54:23.790495,478604.0484692226,619809.7789830854,319.0693656461484,413.2065193220569,1098413.827452308,0,0
2026-01-04 10:54:24.790495,802476.7118123261,413903.8031935928,534.9844745415508,275.93586879572854,1216380.515005919,0,0
2026-01-04 10:54:25.790495,716470.5568961884,1134717.4954932644,477.6470379307923,756.478330328843,1851188.0523894527,0,0
2026-01-04 10:54:26.790495,329001.80346683157,508274.7760737625,219.33453564455436,338.8498507158417,837276.5795405941,0,0
2026-01-04 10:54:27.790495,812570.9552481987,842886.8999924134,541.7139701654658,561.9245999949422,1655457.855240612,0,0
2026-01-04 10:54:28.790495,1123209.6824164332,635831.0118757876,748.8064549442888,423.8873412505251,1759040.6942922208,0,0
2026-01-04 10:54:29.790495,753366.8060328758,768351.5014121045,502.24453735525054,512.2343342747363,1521718.3074449801,0,0
2026-01-04 10:54:30.790495,1014780.0559825924,821707.8673107867,676.5200373217283,547.8052448738579,1836487.9232933791,0,0
2026-01-04 10:54:31.790495,689155.8892610901,693895.397729596,459.4372595073934,462.5969318197307,1383051.286990686,0,0
2026-01-04 10:54:32.790495,979963.285480685,886211.9269607178,653.3088569871232,590.8079513071452,1866175.2124414027,0,0
2026-01-04 10:54:33.790495,1335705.439794839,693335.1999831042,890.4702931965593,462.22346665540283,2029040.6397779433,0,0
2026-01-04 10:54:34.790495,917440.0288155666,1119018.3923549966,611.6266858770443,746.0122615699978,2036458.4211705634,0,0
2026-01-04 10:54:35.790495,1099626.217438862,838697.192630958,733.0841449592413,559.1314617539721,1938323.41006982,0,0
2026-01-04 10:54:36.790495,3430968.2765855533,2188632.651489803,532.698841779273,339.8113840006661,5619600.928075356,0,0
2026-01-04 10:54:37.790495,795806.3319850147,1372681.4801909747,530.5375546566764,915.1209867939831,2168487.8121759896,0,0
2026-01-04 10:54:38.790495,1270515.0176871433,562479.159041813,847.0100117914288,374.98610602787534,1832994.1767289564,0,0
2026-01-04 10:54:39.790495,2559901.375431939,3793109.7909535784,560.7945219060388,830.9520093898174,6353011.166385517,0,0
2026-01-04 10:54:40.790495,627484.7169045337,489696.7598895982,418.32314460302246,326.46450659306544,1117181.4767941318,0,0
2026-01-04 10:54:41.790495,904659.1210408735,401422.5868589734,603.1060806939156,267.61505790598227,1306081.7078998468,0,0
2026-01-04 10:54:42.790495,1002595.1125927004,659516.1261742206,668.396741728467,439.6774174494804,1662111.238766921,0,0
2026-01-04 10:54:43.790495,504450.5809909013,827979.3792281573,336.3003873272675,551.9862528187715,1332429.9602190587,0,0
2026-01-04 10:54:44.790495,952569.8491958008,419412.88493331464,635.0465661305338,279.6085899555431,1371982.7341291155,0,0
2026-01-04 10:54:45.790495,855571.1624605382,1090516.1709707316,570.3807749736922,727.0107806471544,1946087.3334312697,0,0
2026-01-04 10:54:46.790495,4543957.314811748,3838155.52670505,644.6912111767531,544.5529004267814,8382112.841516798,0,0
2026-01-04 10:54:47.790495,674773.7069458332,639896.5795152682,449.8491379638888,426.5977196768455,1314670.2864611014,0,0
2026-01-04 10:54:48.790495,695659.2419314181,1225439.458565144,463.77282795427874,816.9596390434294,1921098.700496562,0,0
2026-01-04 10:54:49.790495,930847.0779901505,1148230.5586963205,620.5647186601003,765.4870391308804,2079077.636686471,0,0
2026-01-04 10:54:50.790495,1072734.6984948844,611133.330287477,715.1564656632563,407.4222201916513,1683868.0287823614,0,0
2026-01-04 10:54:51.790495,941169.6498246031,737282.9931668794,627.446433216402,491.52199544458625,1678452.6429914825,0,0
2026-01-04 10:54:52.790495,949907.018078791,495135.9017072255,633.2713453858606,330.0906011381503,1445042.9197860165,0,0
2026-01-04 10:54:53.790495,2640849.4541093335,4789913.992387677,445.7985557482516,808.5795033268728,7430763.44649701,0,0
2026-01-04 10:54:54.790495,653740.3682594391,1314338.5058710538,435.8269121729594,876.2256705807025,1968078.874130493,0,0
2026-01-04 10:54:55.790495,1329790.9756723912,927211.074700016,886.5273171149275,618.1407164666773,2257002.0503724073,0,0
2026-01-04 10:54:56.790495,1324186.5044321432,1008998.0121899704,882.7910029547621,672.6653414599803,2333184.5166221135,0,0
2026-01-04 10:54:57.790495,880872.7355852012,630435.6725114394,587.2484903901341,420.29044834095964,1511308.4080966406,0,0
2026-01-04 10:54:58.790495,1072455.4971484258,486939.0846566717,714.9703314322838,324.62605643778113,1559394.5818050974,0,0
2026-01-04 10:54:59.790495,1010422.2703604518,585001.6735454417,673.6148469069678,390.00111569696116,1595423.9439058935,0,0
2026-01-04 10:55:00.790495,679459.7458938633,1167125.4619169869,452.97316392924216,778.0836412779912,1846585.20781085,0,0
2026-01-04 10:55:01.790495,445571.4506365429,988351.8129521993,297.0476337576953,658.9012086347994,1433923.2635887421,0,0
2026-01-04 10:55:02.790495,4911464.298722444,3968482.9397032666,676.3699025492062,546.5096060849883,8879947.238425711,0,0
2026-01-04 10:55:03.790495,395815.3129514825,741255.8377727094,263.87687530098833,494.17055851513965,1137071.150724192,0,0
2026-01-04 10:55:04.790495,539605.7523717462,873743.5406036094,359.7371682478308,582.4956937357396,1413349.2929753556,0,0
2026-01-04 10:55:05.790495,596992.5755424057,652482.7965779973,397.99505036160383,434.98853105199817,1249475.372120403,0,0
2026-01-04 10:55:06.790495,919898.7630639861,682357.0691724117,613.2658420426574,454.90471278160777,1602255.8322363978,0,0
2026-01-04 10:55:07.790495,880782.6727886822,630793.3854868382,587.1884485257881,420.5289236578921,1511576.0582755203,0,0
2026-01-04 10:55:08.790495,686863.7966098761,805382.3894630657,457.9091977399174,536.921592975377,1492246.1860729419,0,0
2026-01-04 10:55:09.790495,729375.218760058,421154.60914110584,486.2501458400387,280.7697394274039,1150529.8279011638,0,0
2026-01-04 10:55:10.790495,745576.2354081364,1158873.6830919846,497.0508236054243,772.5824553946564,1904449.918500121,0,0
2026-01-04 10:55:11.790495,1019894.2882306103,797017.9015015815,679.9295254870735,531.345267667721,1816912.1897321919,1,0
2026-01-04 10:55:12.790495,918059.1492574917,902404.6183988476,612.0394328383278,601.603078932565,1820463.7676563393,0,0
2026-01-04 10:55:13.790495,378139.90631522227,751857.8163612584,252.09327087681484,501.2385442408389,1129997.7226764807,0,0
2026-01-04 10:55:14.790495,524198.9323357191,802539.564401902,349.4659548904794,535.0263762679347,1326738.496737621,0,0
2026-01-04 10:55:15.790495,518592.68114796124,894778.8158862755,345.72845409864084,596.5192105908503,1413371.4970342368,0,0
2026-01-04 10:55:16.790495,960621.0244537024,591717.4338202237,640.4140163024682,394.47828921348247,1552338.458273926,0,0
2026-01-04 10:55:17.790495,472345.1568238078,1016660.477630953,314.89677121587187,677.7736517539687,1489005.6344547607,0,0
2026-01-04 10:55:18.790495,412333.0928672114,909039.0837671026,274.8887285781409,606.0260558447351,1321372.176634314,0,0
2026-01-04 10:55:19.790495,901146.7583277144,399840.37483846763,600.7645055518096,266.56024989231173,1300987.133166182,0,0
2026-01-04 10:55:20.790495,922339.0496178941,824789.9219815665,614.8926997452627,549.8599479877109,1747128.9715994606,0,0
2026-01-04 10:55:21.790495,529816.2662109042,314652.2980293601,353.21084414060283,209.76819868624008,844468.5642402644,0,0
2026-01-04 10:55:22.790495,1029418.3393372091,554260.0407171993,686.2788928914728,369.5066938114662,1583678.3800544085,0,0
2026-01-04 10:55:23.790495,432226.65472250857,931556.6678243105,288.151103148339,621.0377785495403,1363783.322546819,0,0
2026-01-04 10:55:24.790495,385366.11838397314,408707.9047422162,256.9107455893154,272.4719364948108,794074.0231261894,0,0
2026-01-04 10:55:25.790495,799613.269512585,547035.5639723622,533.07551300839,364.6903759815748,1346648.8334849472,0,0
2026-01-04 10:55:26.790495,551429.459464686,816326.0772711835,367.619639643124,544.2173848474556,1367755.5367358695,0,0
2026-01-04 10:55:27.790495,983826.0687608257,472180.10318070295,655.8840458405505,314.78673545380195,1456006.1719415286,0,0
2026-01-04 10:55:28.790495,378053.28384615056,846240.4322067295,252.03552256410038,564.1602881378197,1224293.71605288,0,0
2026-01-04 10:55:29.790495,983414.5739443648,422179.1372950805,655.6097159629098,281.45275819672037,1405593.7112394453,0,0
2026-01-04 10:55:30.790495,604442.9442906957,779887.484582812,402.9619628604638,519.9249897218747,1384330.4288735078,0,0
2026-01-04 10:55:31.790495,870416.2183542842,400604.34513548843,580.2774789028562,267.06956342365896,1271020.5634897726,0,0
2026-01-04 10:55:32.790495,1100423.578915292,606276.8242659458,733.6157192768613,404.1845495106305,1706700.4031812376,0,0
2026-01-04 10:55:33.790495,488079.5374288475,500767.07770974725,325.3863582858983,333.84471847316485,988846.6151385948,0,0
2026-01-04 10:55:34.790495,841010.9825084056,521148.49531641207,560.6739883389371,347.43233021094136,1362159.4778248176,0,0
2026-01-04 10:55:35.790495,518030.5561212395,1001397.7839433884,345.35370408082633,667.5985226289256,1519428.3400646278,0,0
2026-01-04 10:55:36.790495,851788.3130404586,1019084.5874267919,567.8588753603058,679.3897249511946,1870872.9004672505,0,0
2026-01-04 10:55:37.790495,493196.80236090807,930454.3793156776,328.7978682406054,620.302919543785,1423651.1816765857,0,0
2026-01-04 10:55:38.790495,1125490.8649271785,492486.36726017506,750.3272432847857,328.3242448401167,1617977.2321873535,0,0
2026-01-04 10:55:39.790495,525890.1522624932,1185695.5535005594,350.5934348416621,790.4637023337062,1711585.7057630525,0,0
2026-01-04 10:55:40.790495,1138072.8446249992,592563.5609852934,758.7152297499995,395.0423739901956,1730636.4056102925,0,0
2026-01-04 10:55:41.790495,635587.3829211782,1244054.0500007684,423.7249219474522,829.369366667179,1879641.4329219465,0,0
2026-01-04 10:55:42.790495,631848.9000897836,965491.0358301566,421.2326000598557,643.6606905534378,1597339.9359199402,0,0
2026-01-04 10:55:43.790495,714989.5093188678,1582261.2302078726,476.6596728792452,1054.8408201385816,2297250.7395267403,0,0
2026-01-04 10:55:44.790495,1215115.0375392544,1025637.5229600797,810.0766916928362,683.7583486400531,2240752.5604993342,0,0
2026-01-04 10:55:45.790495,1276280.134151825,593010.1922026424,850.8534227678833,395.340128135095,1869290.3263544673,0,0
2026-01-04 10:55:46.790495,1222071.7692273632,801586.3660002962,814.7145128182422,534.3909106668641,2023658.1352276595,0,0
2026-01-04 10:55:47.790495,801196.392836149,1084068.9922590398,534.1309285574326,722.7126615060265,1885265.3850951889,0,0
2026-01-04 10:55:48.790495,774132.0521231898,646796.5340708884,516.0880347487932,431.1976893805923,1420928.5861940782,0,0
2026-01-04 10:55:49.790495,867374.0781451773,427422.11417090363,578.2493854301182,284.94807611393577,1294796.192316081,0,0
2026-01-04 10:55:50.790495,700638.6273745338,355033.8412252439,467.0924182496892,236.68922748349593,1055672.4685997777,0,0
2026-01-04 10:55:51.790495,690589.2065448408,1281955.3370775776,460.39280436322724,854.6368913850517,1972544.5436224185,0,0
2026-01-04 10:55:52.790495,1199405.2420788803,687488.6001003875,799.6034947192535,458.3257334002583,1886893.842179268,0,0
2026-01-04 10:55:53.790495,954555.6730740161,1148430.8043932964,636.3704487160107,765.6205362621976,2102986.4774673125,0,0
2026-01-04 10:55:54.790495,958967.1523221079,969772.5995915129,639.3114348814053,646.5150663943419,1928739.7519136209,0,0
2026-01-04 10:55:55.790495,961930.2175741708,761624.9739266923,641.2868117161139,507.74998261779484,1723555.191500863,0,0
2026-01-04 10:55:56.790495,957116.4191492825,813169.2461991328,638.0776127661883,542.1128307994219,1770285.6653484153,0,0
2026-01-04 10:55:57.790495,655118.1738299157,1066180.3368444426,436.7454492199438,710.7868912296284,1721298.5106743583,0,0
2026-01-04 10:55:58.790495,530150.9953143902,1001248.8152660206,353.4339968762601,667.4992101773471,1531399.8105804108,0,0
2026-01-04 10:55:59.790495,2501956.048775512,5637036.970698829,373.90211145554514,842.4208837436599,8138993.019474341,0,0
2026-01-04 10:56:00.790495,628399.5459361547,459310.48559420416,418.93303062410314,306.2069903961361,1087710.0315303588,0,0
2026-01-04 10:56:01.790495,1283598.1402866307,618056.7060564287,855.7320935244205,412.03780403761914,1901654.8463430596,0,0
2026-01-04 10:56:02.790495,956484.1580741493,851227.6259187161,637.6561053827662,567.4850839458107,1807711.7839928654,0,0
2026-01-04 10:56:03.790495,629189.6440986267,953997.7689802715,419.4597627324178,635.9985126535144,1583187.413078898,0,0
2026-01-04 10:56:04.790495,433828.94756599126,617379.5794526875,289.2192983773275,411.58638630179166,1051208.5270186788,0,0
2026-01-04 10:56:05.790495,369453.3340796565,639645.4087013018,246.302222719771,426.4302724675345,1009098.7427809583,0,0
2026-01-04 10:56:06.790495,711871.9271674168,853136.1025218996,474.58128477827785,568.7574016812664,1565008.0296893164,0,0
2026-01-04 10:56:07.790495,1156915.748782485,513166.0581066182,771.27716585499,342.1107054044121,1670081.8068891033,0,0
2026-01-04 10:56:08.790495,586880.1006354205,489185.16769285896,391.2534004236137,326.12344512857265,1076065.2683282795,0,0
2026-01-04 10:56:09.790495,639175.6869931187,685439.2447254868,426.11712466207916,456.9594964836579,1324614.9317186056,0,0
2026-01-04 10:56:10.790495,704733.0493124123,1014229.7136104628,469.8220328749415,676.1531424069752,1718962.7629228751,0,0
2026-01-04 10:56:11.790495,1070196.6991769455,776280.1915939728,713.4644661179636,517.5201277293153,1846476.8907709182,0,0
2026-01-04 10:56:12.790495,567553.7043063276,582054.1949517344,378.3691362042184,388.03612996782294,1149607.899258062,0,0
2026-01-04 10:56:13.790495,659235.9236296404,557413.5919855048,439.4906157530936,371.6090613236699,1216649.5156151452,0,0
2026-01-04 10:56:14.790495,470648.71920461144,788617.358190591,313.7658128030743,525.744905460394,1259266.0773952024,0,0
2026-01-04 10:56:15.790495,1376765.8736285826,661178.4662441873,917.8439157523884,440.7856441627915,2037944.33987277,0,0
2026-01-04 10:56:16.790495,633932.2491509493,665148.7609952684,422.6214994339662,443.4325073301789,1299081.0101462177,0,0
2026-01-04 10:56:17.790495,1380063.6726485917,625888.8756408934,920.0424484323945,417.25925042726226,2005952.548289485,0,0
2026-01-04 10:56:18.790495,365323.5192268364,762056.5039433654,243.54901281789094,508.03766929557696,1127380.0231702018,0,0
2026-01-04 10:56:19.790495,505063.5495446757,767542.0498606202,336.70903302978377,511.6946999070801,1272605.599405296,0,0
2026-01-04 10:56:20.790495,569204.8013007707,873355.3697428829,379.46986753384715,582.236913161922,1442560.1710436535,0,0
2026-01-04 10:56:21.790495,644155.5754451844,743045.6115550804,429.43705029678955,495.3637410367203,1387201.1870002646,0,0
2026-01-04 10:56:22.790495,2017458.807777775,1041212.2141068806,315.505743577978,162.83278378115455,3058671.0218846556,0,0
2026-01-04 10:56:23.790495,1050143.886370013,649550.555412476,700.0959242466753,433.0337036083173,1699694.441782489,0,0
2026-01-04 10:56:24.790495,744784.3293675317,885942.4578640717,496.52288624502114,590.6283052427144,1630726.7872316034,0,0
2026-01-04 10:56:25.790495,960191.6137662533,1170698.9496233107,640.1277425108356,780.4659664155405,2130890.563389564,0,0
2026-01-04 10:56:26.790495,587822.4888969746,783279.8570736056,391.8816592646497,522.1865713824037,1371102.3459705804,0,0
2026-01-04 10:56:27.790495,962062.9352883234,1109297.2539748375,641.3752901922156,739.5315026498916,2071360.189263161,0,0
2026-01-04 10:56:28.790495,1390251.0750406864,2748693.7777579287,198.26061419285352,391.9851071436239,4138944.8527986156,0,0
2026-01-04 10:56:29.790495,934286.14173255,955996.3162918987,622.8574278217,637.3308775279324,1890282.4580244487,0,0
2026-01-04 10:56:30.790495,482481.6774414179,981104.754434555,321.65445162761193,654.0698362897033,1463586.4318759728,0,0
2026-01-04 10:56:31.790495,811745.90830961,773798.4000920911,541.1639388730733,515.865600061394,1585544.308401701,0,0
2026-01-04 10:56:32.790495,1337758.5542581016,639978.3070829613,891.8390361720677,426.6522047219742,1977736.861341063,0,0
2026-01-04 10:56:33.790495,683016.5472435103,406151.84342249605,455.34436482900685,270.76789561499737,1089168.3906660064,0,0
2026-01-04 10:56:34.790495,420968.80414917675,698990.8365821926,280.6458694327845,465.99389105479503,1119959.6407313694,0,0
2026-01-04 10:56:35.790495,858975.3836081775,516789.5453833534,572.6502557387851,344.52636358890226,1375764.928991531,0,0
2026-01-04 10:56:36.790495,703409.8186523016,436729.54777017864,468.93987910153436,291.1530318467858,1140139.3664224802,0,0
2026-01-04 10:56:37.790495,694088.8867527213,1254974.7430753338,462.7259245018142,836.6498287168891,1949063.6298280552,0,0
2026-01-04 10:56:38.790495,568273.0448148617,1105662.7779950423,378.84869654324115,737.1085186633616,1673935.8228099039,0,0
2026-01-04 10:56:39.790495,596687.2299225148,1137491.6969421916,397.79148661500983,758.3277979614611,1734178.9268647064,0,0
2026-01-04 10:56:40.790495,898817.4507483164,903868.6947888389,599.211633832211,602.5791298592259,1802686.1455371552,0,0
2026-01-04 10:56:41.790495,976764.9184516096,791128.1774928044,651.1766123010731,527.4187849952029,1767893.095944414,0,0
2026-01-04 10:56:42.790495,439274.9004148228,762118.3858137766,292.8499336098819,508.0789238758511,1201393.2862285995,0,0
2026-01-04 10:56:43.790495,1283285.1638519051,643760.4066291639,855.5234425679367,429.1736044194426,1927045.570481069,0,0
2026-01-04 10:56:44.790495,624776.569700654,891451.9020407308,416.51771313376935,594.3012680271539,1516228.4717413848,0,0
2026-01-04 10:56:45.790495,729336.8928482666,1287299.9358951396,486.22459523217776,858.1999572634264,2016636.828743406,0,0
2026-01-04 10:56:46.790495,688611.210636479,1239253.705360192,459.0741404243193,826.1691369067947,1927864.9159966712,0,0
2026-01-04 10:56:47.790495,1072776.9658164259,514559.5465760579,715.1846438776172,343.03969771737195,1587336.512392484,0,0
2026-01-04 10:56:48.790495,544584.8476513851,1170731.4707512213,363.0565651009234,780.4876471674809,1715316.3184026063,0,0
2026-01-04 10:56:49.790495,1210280.0645492736,665791.9428627016,806.8533763661824,443.8612952418011,1876072.0074119752,0,0
2026-01-04 10:56:50.790495,621597.2126738409,1027001.8603144764,414.39814178256063,684.6679068763176,1648599.0729883173,0,0
2026-01-04 10:56:51.790495,738074.6876280069,870010.6779271805,492.0497917520046,580.0071186181203,1608085.3655551875,0,0
2026-01-04 10:56:52.790495,663469.3489640672,394488.3316528042,442.3128993093781,262.99222110186946,1057957.6806168715,0,0
2026-01-04 10:56:53.790495,503200.68825679785,1112179.1746206437,335.4671255045319,741.4527830804292,1615379.8628774416,0,0
2026-01-04 10:56:54.790495,687646.6072750647,662890.9970186144,458.4310715167098,441.92733134574297,1350537.6042936791,0,0
2026-01-04 10:56:55.790495,1175224.5330314059,987080.9362328937,783.4830220209373,658.0539574885959,2162305.4692642996,0,0
2026-01-04 10:56:56.790495,555169.3645035117,1116751.609180749,370.1129096690078,744.501072787166,1671920.9736842604,0,0
2026-01-04 10:56:57.790495,994782.1134650987,641135.3840853788,663.1880756433991,427.4235893902526,1635917.4975504775,0,0
2026-01-04 10:56:58.790495,1029449.2494815611,734908.583242052,686.2994996543741,489.93905549470134,1764357.8327236131,0,0
2026-01-04 10:56:59.790495,1223843.6501961802,592238.4551486147,815.8957667974535,394.8256367657431,1816082.105344795,0,0
2026-01-04 10:57:00.790495,1193710.1619765714,553500.4532120888,795.8067746510476,369.0003021413925,1747210.6151886603,0,0
2026-01-04 10:57:01.790495,889185.1912926841,1051969.9548591985,592.7901275284561,701.3133032394657,1941155.1461518826,0,0
2026-01-04 10:57:02.790495,614592.1261251451,975200.0260249982,409.7280840834301,650.1333506833321,1589792.1521501434,0,0
2026-01-04 10:57:03.790495,735496.9727079836,1065078.5883464867,490.3313151386557,710.0523922309911,1800575.5610544703,0,0
2026-01-04 10:57:04.790495,824115.0812070388,567472.3806790612,549.4100541380259,378.31492045270744,1391587.4618861,0,0
2026-01-04 10:57:05.790495,583087.2224635717,662990.7933380401,388.7248149757145,441.9938622253601,1246078.0158016118,0,0
2026-01-04 10:57:06.790495,703301.3762956528,943679.0966550785,468.8675841971019,629.1193977700523,1646980.4729507314,0,0
2026-01-04 10:57:07.790495,598609.9760935048,1046297.8500959567,399.07331739566985,697.5319000639711,1644907.8261894614,0,0
2026-01-04 10:57:08.790495,626403.85670617,815623.4836100469,417.60257113744666,543.7489890733646,1442027.340316217,0,0
2026-01-04 10:57:09.790495,645213.1136425544,919672.7745812918,430.1420757617029,613.1151830541945,1564885.8882238462,0,0
2026-01-04 10:57:10.790495,643806.6434433185,791221.295198991,429.2044289622124,527.4808634659939,1435027.9386423095,0,0
2026-01-04 10:57:11.790495,465993.2792735205,447368.69788290624,310.662186182347,298.24579858860415,913361.9771564268,0,0
2026-01-04 10:57:12.790495,867528.0858165046,444068.79694786767,578.3520572110031,296.0458646319118,1311596.8827643723,0,0
2026-01-04 10:57:13.790495,496587.6306482203,959673.2418902518,331.0584204321469,639.7821612601679,1456260.872538472,0,0
2026-01-04 10:57:14.790495,2388790.884261741,3930608.798841237,351.1981878104243,577.8750648453571,6319399.683102978,0,0
2026-01-04 10:57:15.790495,1032972.3311997832,547844.8984660826,688.6482207998555,365.2299323107218,1580817.229665866,0,0
2026-01-04 10:57:16.790495,955770.0057221107,579046.4498757141,637.1800038147405,386.0309665838094,1534816.4555978249,0,0
2026-01-04 10:57:17.790495,415966.81786728,824779.7401532864,277.31121191152,549.8531601021909,1240746.5580205664,0,0
2026-01-04 10:57:18.790495,1024861.3192543138,556004.1939387948,683.2408795028759,370.66946262586316,1580865.5131931086,0,0
2026-01-04 10:57:19.790495,832279.4091369769,718488.104069034,554.8529394246513,478.992069379356,1550767.513206011,0,0
2026-01-04 10:57:20.790495,731385.9727280566,972876.8199234961,487.59064848537105,648.5845466156641,1704262.7926515527,0,0
2026-01-04 10:57:21.790495,836700.4560928624,664731.4613106907,557.8003040619083,443.1543075404605,1501431.9174035531,0,0
2026-01-04 10:57:22.790495,749215.0058940508,861836.7202436357,499.4766705960339,574.5578134957572,1611051.7261376865,0,0
2026-01-04 10:57:23.790495,713193.3143067409,999718.937426681,475.4622095378273,666.4792916177873,1712912.251733422,0,0
2026-01-04 10:57:24.790495,868944.331976831,559514.7558133053,579.2962213178873,373.0098372088702,1428459.0877901362,0,0
2026-01-04 10:57:25.790495,618584.5665376537,487739.27694792737,412.38971102510243,325.1595179652849,1106323.843485581,0,0
2026-01-04 10:57:26.790495,398295.5575968271,631429.0351233463,265.53037173121805,420.95269008223084,1029724.5927201733,0,0
2026-01-04 10:57:27.790495,780937.3093839886,547815.8511095741,520.624872922659,365.2105674063827,1328753.1604935627,0,0
2026-01-04 10:57:28.790495,1280178.337932874,887573.2048641372,853.4522252885827,591.7154699094248,2167751.5427970113,0,0
2026-01-04 10:57:29.790495,947492.1470293289,498050.5503717442,631.6614313528859,332.0337002478295,1445542.697401073,0,0
2026-01-04 10:57:30.790495,962293.0491748312,809705.2007792394,641.5286994498875,539.8034671861597,1771998.2499540707,0,0
2026-01-04 10:57:31.790495,619315.0247942223,659664.65972032,412.87668319614824,439.7764398135467,1278979.6845145423,0,0
2026-01-04 10:57:32.790495,910534.7638712457,534927.0066821842,607.0231759141637,356.61800445478946,1445461.7705534298,0,0
2026-01-04 10:57:33.790495,446056.47749536764,919491.6103605491,297.3709849969118,612.9944069070327,1365548.0878559167,0,0
2026-01-04 10:57:34.790495,482878.3962208962,1046742.4802915363,321.9189308139308,697.8283201943575,1529620.8765124325,0,0
2026-01-04 10:57:35.790495,1352181.5806324144,767503.0318357961,901.4543870882762,511.6686878905307,2119684.6124682105,0,0
2026-01-04 10:57:36.790495,956266.9459925897,534060.0262917597,637.5112973283931,356.0400175278398,1490326.9722843494,0,0
2026-01-04 10:57:37.790495,1002564.8105500152,504426.3883038996,668.3765403666767,336.2842588692664,1506991.1988539149,0,0
2026-01-04 10:57:38.790495,718519.3828950145,1116839.7378119782,479.01292193000967,744.5598252079855,1835359.1207069927,0,0
2026-01-04 10:57:39.790495,790234.8784134295,1249577.4361498845,526.8232522756197,833.051624099923,2039812.314563314,0,0
2026-01-04 10:57:40.790495,748438.6446873379,951300.1668602988,498.9590964582253,634.2001112401992,1699738.8115476368,0,0
2026-01-04 10:57:41.790495,490618.42295468075,1020031.3189156081,327.07894863645384,680.020879277072,1510649.741870289,0,0
2026-01-04 10:57:42.790495,1252701.4273566403,847930.6784857676,835.1342849044269,565.2871189905117,2100632.105842408,0,0
2026-01-04 10:57:43.790495,1051739.4339445808,554515.6602509022,701.1596226297206,369.6771068339348,1606255.094195483,0,0
2026-01-04 10:57:44.790495,988677.8036823743,426013.97433904675,659.1185357882496,284.00931622603116,1414691.778021421,0,0
2026-01-04 10:57:45.790495,3980313.7477198965,2402450.407060822,565.1085147662552,341.0899912378633,6382764.1547807185,0,0
2026-01-04 10:57:46.790495,966081.4170364051,553208.546024119,644.05427802427,368.8056973494127,1519289.963060524,0,0
2026-01-04 10:57:47.790495,1282900.6907396424,594706.6715043804,855.2671271597616,396.4711143362536,1877607.3622440228,0,0
2026-01-04 10:57:48.790495,811223.751680852,1220741.6619460317,540.8158344539014,813.8277746306878,2031965.4136268839,0,0
2026-01-04 10:57:49.790495,1320216.5281233003,736761.2259818289,880.1443520822002,491.1741506545526,2056977.7541051293,0,0
2026-01-04 10:57:50.790495,998518.7410578585,688932.5816475124,665.6791607052389,459.2883877650083,1687451.3227053708,0,0
2026-01-04 10:57:51.790495,1136868.7114157386,804375.4391119875,757.912474277159,536.250292741325,1941244.150527726,0,0
2026-01-04 10:57:52.790495,617168.0484580941,1001640.9615842486,411.4453656387294,667.7606410561657,1618809.0100423426,0,0
2026-01-04 10:57:53.790495,642090.2955632865,1104688.226433187,428.060197042191,736.4588176221247,1746778.5219964734,0,0
2026-01-04 10:57:54.790495,647523.338659328,920671.7020296731,431.6822257728853,613.7811346864488,1568195.040689001,0,0
2026-01-04 10:57:55.790495,786296.7601661957,965393.8002454448,524.1978401107971,643.5958668302965,1751690.5604116404,0,0
2026-01-04 10:57:56.790495,1079671.476624556,550131.6860983142,719.7809844163706,366.7544573988762,1629803.16272287,0,0
2026-01-04 10:57:57.790495,758016.0907115972,931182.396469134,505.34406047439813,620.788264312756,1689198.4871807313,0,0
2026-01-04 10:57:58.790495,1228835.459907785,555809.3647452088,819.2236399385233,370.53957649680586,1784644.8246529938,0,0
2026-01-04 10:57:59.790495,1080000.7140395099,691203.8776002176,720.0004760263399,460.80258506681173,1771204.5916397276,0,0
2026-01-04 10:58:00.790495,594705.2560503774,1342608.2955398369,396.4701707002516,895.0721970265579,1937313.5515902143,0,0
2026-01-04 10:58:01.790495,1186637.0167038399,931414.486633508,791.0913444692266,620.9429910890053,2118051.503337348,0,0
2026-01-04 10:58:02.790495,677163.0732555079,647340.1982587335,451.44204883700525,431.560132172489,1324503.2715142414,0,0
2026-01-04 10:58:03.790495,773137.6563080519,1363961.4578818155,515.4251042053679,909.307638587877,2137099.1141898674,0,0
2026-01-04 10:58:04.790495,757320.3687017395,922023.658412011,504.8802458011597,614.6824389413407,1679344.0271137503,0,0
2026-01-04 10:58:05.790495,301614.0755780556,686800.7889191374,201.0760503853704,457.8671926127583,988414.864497193,0,0
2026-01-04 10:58:06.790495,1031260.0924942786,461574.1424619487,687.5067283295191,307.7160949746324,1492834.2349562272,0,0
2026-01-04 10:58:07.790495,406061.8306352941,934713.2940883953,270.70788709019604,623.1421960589302,1340775.1247236894,0,0
2026-01-04 10:58:08.790495,840024.5004651886,966801.1301003307,560.0163336434591,644.5340867335537,1806825.6305655192,0,0
2026-01-04 10:58:09.790495,535561.4669686495,890487.5325407078,357.0409779790997,593.6583550271386,1426048.9995093574,0,0
2026-01-04 10:58:10.790495,743882.0510077769,671786.0356135973,495.92136733851794,447.8573570757315,1415668.0866213741,0,0
2026-01-04 10:58:11.790495,1028603.0300242096,636372.3058333186,685.7353533494731,424.24820388887906,1664975.3358575283,0,0
2026-01-04 10:58:12.790495,694837.2383504434,362216.54353200586,463.2248255669623,241.4776956880039,1057053.7818824493,0,0
2026-01-04 10:58:13.790495,399513.2108902274,650801.9654877235,266.34214059348494,433.8679769918156,1050315.176377951,0,0
2026-01-04 10:58:14.790495,513120.40298712195,713914.9560624046,342.0802686580813,475.943304041603,1227035.3590495265,1,0
2026-01-04 10:58:15.790495,705223.3624592033,786670.1857455639,470.1489083061356,524.4467904970426,1491893.5482047673,0,0
2026-01-04 10:58:16.790495,845112.3374058458,767763.8447761615,563.4082249372306,511.84256318410763,1612876.1821820072,0,0
2026-01-04 10:58:17.790495,896320.9820474533,673324.2666292903,597.5473213649689,448.88284441952686,1569645.2486767436,0,0
2026-01-04 10:58:18.790495,603661.2256424755,1067380.4228715396,402.4408170949837,711.5869485810264,1671041.6485140154,0,0
2026-01-04 10:58:19.790495,442673.7928073517,823059.83755598,295.1158618715678,548.7065583706533,1265733.6303633316,0,0
2026-01-04 10:58:20.790495,524861.620499645,739528.2919330914,349.90774699976333,493.0188612887276,1264389.9124327365,0,0
2026-01-04 10:58:21.790495,619233.4168209279,1142291.3538502448,412.82227788061857,761.5275692334965,1761524.7706711725,0,0
2026-01-04 10:58:22.790495,708057.8712133837,599803.9901063615,472.0385808089225,399.8693267375743,1307861.8613197452,0,0
2026-01-04 10:58:23.790495,481166.63210801897,768956.0935935613,320.77775473867933,512.6373957290409,1250122.7257015803,0,0
2026-01-04 10:58:24.790495,967696.9831464015,578942.1231886895,645.131322097601,385.96141545912633,1546639.106335091,0,0
2026-01-04 10:58:25.790495,588388.6271608165,672806.274198847,392.25908477387765,448.5375161325647,1261194.9013596636,0,0
2026-01-04 10:58:26.790495,923287.3944532451,523266.62813080254,615.5249296354967,348.84441875386835,1446554.0225840476,0,0
2026-01-04 10:58:27.790495,747004.7545443347,321469.55915344943,498.00316969622315,214.31303943563296,1068474.3136977842,0,0
2026-01-04 10:58:28.790495,2455307.171179371,3491864.7472243337,474.11027172278335,674.2655108731377,5947171.918403705,0,0
2026-01-04 10:58:29.790495,326737.69526651147,669241.7473577018,217.8251301776743,446.1611649051345,995979.4426242133,0,0
2026-01-04 10:58:30.790495,772225.2678646386,687488.1211022459,514.8168452430924,458.3254140681639,1459713.3889668845,0,0
2026-01-04 10:58:31.790495,2959562.0343402894,2743401.1803685203,493.46599434523597,457.42416467381577,5702963.21470881,0,0
2026-01-04 10:58:32.790495,526525.1199596375,680741.6055301861,351.01674663975837,453.82773702012406,1207266.7254898236,0,0
2026-01-04 10:58:33.790495,934144.2364764536,1277571.372343563,622.7628243176357,851.714248229042,2211715.6088200165,0,0
2026-01-04 10:58:34.790495,1057127.5284417705,870348.420066122,704.751685627847,580.2322800440813,1927475.9485078924,0,0
2026-01-04 10:58:35.790495,738007.7331193947,674755.9035416535,492.0051554129298,449.837269027769,1412763.6366610483,0,0
2026-01-04 10:58:36.790495,721244.7133896796,724622.5807613416,480.82980892645304,483.0817205075611,1445867.2941510212,0,0
2026-01-04 10:58:37.790495,1259868.4922086208,673616.2636937161,839.9123281390805,449.0775091291441,1933484.755902337,0,0
2026-01-04 10:58:38.790495,1034986.1625474071,519386.72001452104,689.9907750316047,346.25781334301405,1554372.8825619281,0,0
2026-01-04 10:58:39.790495,496576.80059470184,1106887.245752601,331.0512003964679,737.9248305017339,1603464.0463473029,0,0
2026-01-04 10:58:40.790495,806743.9100244072,607377.9580606151,537.8292733496048,404.91863870707675,1414121.8680850223,0,0
2026-01-04 10:58:41.790495,577950.9820324527,774195.0324875535,385.3006546883018,516.1300216583691,1352146.0145200063,0,0
2026-01-04 10:58:42.790495,757018.3016704298,1465619.9270944744,504.6788677802865,977.0799513963163,2222638.228764904,0,0
2026-01-04 10:58:43.790495,1174090.9551024856,737262.1815141877,782.7273034016571,491.5081210094585,1911353.1366166733,0,0
2026-01-04 10:58:44.790495,1472639.4906686177,1097499.1115215733,981.7596604457451,731.6660743477155,2570138.602190191,0,0
2026-01-04 10:58:45.790495,689671.9903783317,1329415.206337737,459.7813269188878,886.276804225158,2019087.1967160685,0,0
2026-01-04 10:58:46.790495,896668.3129673107,933765.604577292,597.7788753115404,622.510403051528,1830433.9175446026,0,0
2026-01-04 10:58:47.790495,920307.1333275684,557904.6881716824,613.5380888850456,371.9364587811216,1478211.8214992508,0,0
2026-01-04 10:58:48.790495,743694.3984444231,621266.7891100823,495.7962656296154,414.17785940672155,1364961.1875545054,0,0
2026-01-04 10:58:49.790495,633810.6664576372,949944.4954835447,422.54044430509146,633.2963303223631,1583755.1619411819,0,0
2026-01-04 10:58:50.790495,1126125.9202923325,955544.5042582802,750.7506135282217,637.0296695055201,2081670.4245506127,0,0
2026-01-04 10:58:51.790495,1054106.6127827587,547084.788672622,702.7377418551724,364.72319244841464,1601191.4014553807,0,0
2026-01-04 10:58:52.790495,672886.829538179,1213104.6810411767,448.5912196921193,808.7364540274511,1885991.5105793558,0,0
2026-01-04 10:58:53.790495,697050.8367874383,1118470.1759562832,464.70055785829214,745.6467839708555,1815521.0127437215,0,0
2026-01-04 10:58:54.790495,1320187.603862001,966855.6186339911,880.125069241334,644.5704124226608,2287043.222495992,0,0
2026-01-04 10:58:55.790495,740503.5911273258,716191.6723998694,493.66906075155055,477.4611149332463,1456695.2635271952,0,0
2026-01-04 10:58:56.790495,977968.0380119758,874536.7830834945,651.9786920079839,583.024522055663,1852504.8210954703,0,0
2026-01-04 10:58:57.790495,416932.9489201868,675876.9052185329,277.9552992801245,450.58460347902195,1092809.8541387196,0,0
2026-01-04 10:58:58.790495,796283.4315835166,724919.4662918729,530.8556210556777,483.2796441945819,1521202.8978753895,0,0
2026-01-04 10:58:59.790495,383619.0194858517,509392.9398733031,255.7460129905678,339.59529324886876,893011.9593591548,0,0
2026-01-04 10:59:00.790495,652191.7184231908,1062988.922598884,434.7944789487938,708.6592817325893,1715180.6410220745,0,0
2026-01-04 10:59:01.790495,613817.8054612849,856632.9471421347,409.21187030752327,571.0886314280898,1470450.7526034196,0,0
2026-01-04 10:59:02.790495,990204.8357279553,1065525.6625060972,660.1365571519702,710.3504416707315,2055730.4982340527,0,0
2026-01-04 10:59:03.790495,630080.4606021908,791398.7937393518,420.05364040146054,527.5991958262346,1421479.2543415425,0,0
2026-01-04 10:59:04.790495,534094.8655076966,1060405.9774207983,356.06324367179775,706.9373182805322,1594500.8429284948,0,0
2026-01-04 10:59:05.790495,1174812.1562577928,634931.3199636546,783.2081041718619,423.28754664243644,1809743.4762214476,0,0
2026-01-04 10:59:06.790495,642975.3833026079,766757.6181846414,428.65025553507195,511.1717454564276,1409733.0014872493,0,0
2026-01-04 10:59:07.790495,466360.2407083577,787957.0609037484,310.90682713890516,525.3047072691655,1254317.3016121062,0,0
2026-01-04 10:59:08.790495,632102.5886416222,460783.03011117165,421.4017257610815,307.1886867407811,1092885.6187527939,0,0
2026-01-04 10:59:09.790495,916359.9641770964,861102.8544642463,610.9066427847309,574.0685696428309,1777462.8186413427,0,0
2026-01-04 10:59:10.790495,452972.3322379975,847463.9869613751,301.98155482533167,564.9759913075834,1300436.3191993725,0,0
2026-01-04 10:59:11.790495,2666911.5732667283,4999025.512105555,436.96141598712717,819.0677517101719,7665937.085372283,0,0
2026-01-04 10:59:12.790495,1006537.6274360551,435853.90319607384,671.02508495737,290.56926879738256,1442391.530632129,0,0
2026-01-04 10:59:13.790495,1068217.0897952071,562077.9508224556,712.1447265301381,374.71863388163706,1630295.0406176627,0,0
2026-01-04 10:59:14.790495,231178.88983872748,142423.31407770113,154.119259892485,94.94887605180075,373602.2039164286,0,0
2026-01-04 10:59:15.790495,731511.4732112049,562984.8560732151,487.67431547413656,375.3232373821434,1294496.32928442,0,0
2026-01-04 10:59:16.790495,2210262.4443526324,3152525.698048754,417.04350080634396,594.8344988874352,5362788.142401386,0,0
2026-01-04 10:59:17.790495,789683.9637827068,715293.8663471497,526.4559758551378,476.86257756476647,1504977.8301298565,0,0
2026-01-04 10:59:18.790495,1325331.6981263696,653631.2295125786,883.5544654175798,435.75415300838574,1978962.9276389482,0,0
2026-01-04 10:59:19.790495,328842.14441853546,277604.5399300649,219.22809627902365,185.0696932867099,606446.6843486003,0,0
2026-01-04 10:59:20.790495,355510.2759607279,584050.7667802993,237.00685064048525,389.36717785353284,939561.0427410271,0,0
2026-01-04 10:59:21.790495,1013804.4376381262,619209.13074134,675.8696250920841,412.80608716089336,1633013.5683794662,0,0
2026-01-04 10:59:22.790495,829029.4619953631,823680.4340521687,552.6863079969088,549.1202893681125,1652709.8960475319,0,0
2026-01-04 10:59:23.790495,590178.1285691845,408774.0295297977,393.45208571278965,272.5160196865318,998952.1580989822,0,0
2026-01-04 10:59:24.790495,277269.10558165406,505430.32170651306,184.84607038776937,336.95354780434207,782699.4272881671,0,0
2026-01-04 10:59:25.790495,1030818.4933089678,601109.623046782,687.2123288726452,400.7397486978547,1631928.1163557498,0,0
2026-01-04 10:59:26.790495,921643.1630211821,406526.5172757926,614.4287753474547,271.01767818386173,1328169.6802969747,0,0
2026-01-04 10:59:27.790495,467473.3902744656,779998.4610297515,311.6489268496437,519.9989740198343,1247471.851304217,0,0
2026-01-04 10:59:28.790495,399569.27868246177,516514.54376106226,266.3795191216412,344.34302917404153,916083.822443524,0,0
2026-01-04 10:59:29.790495,705529.9890478217,1246127.0006686081,470.3533260318811,830.7513337790721,1951656.98971643,0,0
2026-01-04 10:59:30.790495,931977.8963853326,609065.484849757,621.3185975902217,406.0436565665047,1541043.3812350896,0,0
2026-01-04 10:59:31.790495,490361.1095128849,602687.0707655612,326.90740634192326,401.79138051037415,1093048.180278446,0,0
2026-01-04 10:59:32.790495,647859.01835018,517970.13854045136,431.90601223345334,345.31342569363426,1165829.1568906314,0,0
2026-01-04 10:59:33.790495,3115683.2803877173,4576609.6629012665,510.4071533925433,749.7341995363397,7692292.943288984,0,0
2026-01-04 10:59:34.790495,1063372.2807886195,734928.1069926447,708.9148538590797,489.95207132842984,1798300.3877812643,0,0
2026-01-04 10:59:35.790495,749498.4537351696,1421880.263658809,499.6656358234464,947.9201757725393,2171378.7173939785,0,0
2026-01-04 10:59:36.790495,747027.5486216914,561779.099321657,498.0183657477943,374.51939954777134,1308806.6479433484,0,0
2026-01-04 10:59:37.790495,649017.9437294187,643968.7083684,432.6786291529458,429.3124722456,1292986.6520978187,0,0
2026-01-04 10:59:38.790495,461298.97323948465,743619.641924349,307.5326488263231,495.746427949566,1204918.6151638336,0,0
2026-01-04 10:59:39.790495,993486.5384252564,708060.4499198467,662.3243589501709,472.04029994656446,1701546.988345103,0,0
2026-01-04 10:59:40.790495,965091.7954312508,702477.802010473,643.3945302875005,468.3185346736486,1667569.5974417238,0,0
2026-01-04 10:59:41.790495,889149.0356391388,1244515.6499223956,592.7660237594258,829.6770999482637,2133664.6855615345,0,0
2026-01-04 10:59:42.790495,712687.861288815,603919.2531041254,475.12524085921,402.61283540275025,1316607.1143929404,0,0
2026-01-04 10:59:43.790495,526263.7757519664,1118682.5714714988,350.8425171679776,745.7883809809992,1644946.3472234653,0,0
2026-01-04 10:59:44.790495,1195811.3958534945,686287.4161826675,797.207597235663,457.52494412177833,1882098.812036162,0,0
2026-01-04 10:59:45.790495,1186433.6266901987,683664.280052435,790.9557511267991,455.7761867016233,1870097.9067426338,0,0
2026-01-04 10:59:46.790495,734007.8789913931,675846.879808753,489.3385859942621,450.5645865391687,1409854.7588001462,0,0
2026-01-04 10:59:47.790495,488184.4801623659,1116730.235243395,325.4563201082439,744.4868234955967,1604914.7154057608,0,0
2026-01-04 10:59:48.790495,967862.4995898767,750259.4348940491,645.2416663932512,500.1729565960327,1718121.9344839258,0,0
2026-01-04 10:59:49.790495,630647.1927946894,828255.2947086319,420.4314618631263,552.1701964724213,1458902.4875033214,0,0
2026-01-04 10:59:50.790495,573438.5671284749,1155066.920165612,382.29237808564994,770.0446134437412,1728505.4872940867,0,0
2026-01-04 10:59:51.790495,655231.7201292432,1029491.9639640726,436.82114675282884,686.3279759760484,1684723.6840933159,0,0
2026-01-04 10:59:52.790495,709560.0164077769,686890.3471791842,473.0400109385179,457.92689811945615,1396450.363586961,0,0
2026-01-04 10:59:53.790495,565840.5072003418,1177042.5288415547,377.22700480022786,784.6950192277031,1742883.0360418966,0,0
2026-01-04 10:59:54.790495,1157073.184302607,685960.3928009296,771.3821228684047,457.30692853395306,1843033.5771035368,0,0
2026-01-04 10:59:55.790495,590121.2638807363,685993.825089188,393.4141759204909,457.3292167261253,1276115.0889699243,0,0
2026-01-04 10:59:56.790495,482735.7051864856,1080365.3837174687,321.82380345765705,720.2435891449792,1563101.0889039543,0,0
2026-01-04 10:59:57.790495,770417.2729985864,440610.4596987685,513.6115153323909,293.74030646584566,1211027.7326973549,0,0
2026-01-04 10:59:58.790495,704757.8912455371,773868.7448530052,469.83859416369137,515.9124965686701,1478626.6360985423,0,0
2026-01-04 10:59:59.790495,687748.7599055421,491762.0297171338,458.49917327036144,327.8413531447559,1179510.7896226759,0,0
2026-01-04 11:00:00.790495,644538.8733492902,912141.6581079221,429.69258223286016,608.0944387386147,1556680.5314572123,0,0
2026-01-04 11:00:01.790495,732587.2316346494,835150.7257116416,488.391487756433,556.7671504744277,1567737.957346291,0,0
2026-01-04 11:00:02.790495,662344.1448484516,734476.5589896344,441.56276323230105,489.6510393264229,1396820.703838086,0,0
2026-01-04 11:00:03.790495,948031.7073527502,820591.2487715844,632.0211382351669,547.0608325143895,1768622.9561243346,0,0
2026-01-04 11:00:04.790495,426390.4168140097,647815.302354017,284.26027787600646,431.8768682360114,1074205.7191680267,0,0
2026-01-04 11:00:05.790495,779061.0911441146,1058425.1589322016,519.374060762743,705.6167726214677,1837486.250076316,0,0
2026-01-04 11:00:06.790495,1088224.0275100123,734626.835673154,725.4826850066748,489.75122378210267,1822850.8631831664,0,0
2026-01-04 11:00:07.790495,644815.1285593865,364529.0944531859,429.87675237292433,243.01939630212394,1009344.2230125724,0,0
2026-01-04 11:00:08.790495,522130.8501196416,681397.6496382651,348.0872334130944,454.2650997588434,1203528.4997579067,0,0
2026-01-04 11:00:09.790495,1125310.619777393,498498.46386048145,750.2070798515954,332.33230924032097,1623809.0836378746,0,0
2026-01-04 11:00:10.790495,432714.01260012336,932211.0997924946,288.47600840008226,621.4740665283297,1364925.1123926179,0,0
2026-01-04 11:00:11.790495,1164238.2127308594,558374.419008128,776.1588084872396,372.24961267208533,1722612.6317389873,0,0
2026-01-04 11:00:12.790495,1254013.6460933993,596444.1995310701,836.0090973955995,397.6294663540467,1850457.8456244695,0,0
2026-01-04 11:00:13.790495,2663014.012004594,5124217.719983054,378.45218423080166,728.2242526174209,7787231.731987648,0,0
2026-01-04 11:00:14.790495,649829.5635759141,532744.0611037903,433.2197090506094,355.16270740252685,1182573.6246797044,0,0
2026-01-04 11:00:15.790495,740556.3925588678,712530.7253614282,493.70426170591185,475.0204835742855,1453087.117920296,0,0
2026-01-04 11:00:16.790495,910086.7335936548,571217.5442520818,606.7244890624365,380.81169616805454,1481304.2778457366,0,0
2026-01-04 11:00:17.790495,794604.462205571,950175.4071545558,529.7363081370473,633.4502714363705,1744779.8693601268,0,0
2026-01-04 11:00:18.790495,492278.2922381814,1048733.3813279837,328.1855281587876,699.1555875519891,1541011.6735661651,0,0
2026-01-04 11:00:19.790495,1168708.9731507367,753365.1160374298,779.1393154338244,502.24341069161983,1922074.0891881664,0,0
2026-01-04 11:00:20.790495,469290.0962664954,707946.8318163353,312.8600641776636,471.9645545442236,1177236.9280828307,0,0
2026-01-04 11:00:21.790495,776887.8836337001,891714.3470246617,517.9252557558001,594.4762313497745,1668602.2306583617,0,0
2026-01-04 11:00:22.790495,680021.7571022137,815658.8742150586,453.34783806814244,543.7725828100391,1495680.6313172723,0,0
2026-01-04 11:00:23.790495,446652.0008039199,609357.8517166757,297.7680005359466,406.2385678111171,1056009.8525205955,0,0
2026-01-04 11:00:24.790495,3531533.607678731,2325060.55122809,628.3376345696687,413.6794971491634,5856594.158906821,0,0
2026-01-04 11:00:25.790495,788413.232562414,609253.0896298174,525.608821708276,406.1687264198783,1397666.3221922314,0,0
2026-01-04 11:00:26.790495,687610.7197247875,1075211.8996173255,458.4071464831917,716.807933078217,1762822.6193421131,0,0
2026-01-04 11:00:27.790495,550578.8365084996,1051059.740936124,367.052557672333,700.706493957416,1601638.5774446235,0,0
2026-01-04 11:00:28.790495,681453.2227943024,880227.3933557718,454.3021485295349,586.8182622371812,1561680.6161500742,0,0
2026-01-04 11:00:29.790495,627608.7773634315,643186.9675206655,418.405851575621,428.79131168044364,1270795.744884097,0,0
2026-01-04 11:00:30.790495,1032954.0134391761,623903.0183924241,688.6360089594508,415.9353455949494,1656857.0318316002,0,0
2026-01-04 11:00:31.790495,1105213.913681593,600598.9899994959,736.8092757877287,400.3993266663306,1705812.903681089,0,0
2026-01-04 11:00:32.790495,803922.9834597695,579149.7992847085,535.9486556398464,386.09986618980565,1383072.782744478,0,0
2026-01-04 11:00:33.790495,471914.88971457887,863430.6510210702,314.6099264763859,575.6204340140469,1335345.5407356492,0,0
2026-01-04 11:00:34.790495,741188.9633574137,501257.56624176184,494.1259755716091,334.17171082784125,1242446.5295991756,0,0
2026-01-04 11:00:35.790495,439302.0423121105,904584.0234697153,292.86802820807367,603.0560156464768,1343886.0657818257,0,0
2026-01-04 11:00:36.790495,639870.4254749225,861830.997505856,426.58028364994834,574.5539983372373,1501701.4229807786,0,0
2026-01-04 11:00:37.790495,1954901.3670487138,3582263.592717043,374.9422773695499,687.0638551033784,5537164.959765757,0,0
2026-01-04 11:00:38.790495,1032188.8574703337,568238.5783489953,688.1259049802225,378.8257188993302,1600427.435819329,0,0
2026-01-04 11:00:39.790495,664736.0782190311,1240948.55698442,443.15738547935405,827.2990379896133,1905684.6352034512,0,0
2026-01-04 11:00:40.790495,580681.9704835224,1270218.377415426,387.1213136556816,846.8122516102841,1850900.3478989485,0,0
2026-01-04 11:00:41.790495,504540.50086774956,1155316.0951055,336.36033391183304,770.2107300703333,1659856.5959732495,0,0
2026-01-04 11:00:42.790495,638551.4570834718,597437.0147025769,425.7009713889812,398.29134313505125,1235988.4717860487,0,0
2026-01-04 11:00:43.790495,928962.7433075237,830561.0237642131,619.3084955383491,553.7073491761421,1759523.7670717367,0,0
2026-01-04 11:00:44.790495,924053.3808709608,681923.6924111074,616.0355872473071,454.6157949407382,1605977.0732820681,0,0
2026-01-04 11:00:45.790495,1571415.0789271796,896907.5777764923,1047.6100526181197,597.9383851843282,2468322.656703672,0,0
2026-01-04 11:00:46.790495,1335530.2125840804,793908.5694920362,890.3534750560536,529.2723796613575,2129438.7820761167,0,0
2026-01-04 11:00:47.790495,1201610.3696899652,692257.5058893033,801.0735797933102,461.50500392620216,1893867.8755792684,0,0
2026-01-04 11:00:48.790495,820059.7742319596,905099.0006964653,546.7065161546398,603.3993337976435,1725158.7749284247,0,0
2026-01-04 11:00:49.790495,724323.0980479959,1183800.2552579052,482.8820653653306,789.2001701719369,1908123.3533059012,0,0
2026-01-04 11:00:50.790495,1441830.3743326867,684939.1533842395,961.2202495551244,456.6261022561597,2126769.5277169263,0,0
2026-01-04 11:00:51.790495,745227.4385398403,1062029.559243558,496.8182923598935,708.019706162372,1807256.9977833983,0,0
2026-01-04 11:00:52.790495,817033.8185245997,956742.7715648125,544.6892123497331,637.8285143765416,1773776.5900894122,0,0
2026-01-04 11:00:53.790495,1149809.4559464143,605444.6275615747,766.5396372976095,403.6297517077165,1755254.0835079888,0,0
2026-01-04 11:00:54.790495,666186.4850702942,1270006.6081535276,444.12432338019613,846.6710721023518,1936193.093223822,0,0
2026-01-04 11:00:55.790495,1142285.731662325,659441.6329389698,761.5238211082167,439.6277552926465,1801727.3646012947,0,0
2026-01-04 11:00:56.790495,816768.2117897087,639682.1110884958,544.5121411931391,426.4547407256639,1456450.3228782045,0,0
2026-01-04 11:00:57.790495,529384.1727631852,1100664.0383721506,352.92278184212347,733.7760255814337,1630048.2111353357,0,0
2026-01-04 11:00:58.790495,556051.0883558181,842534.7022182579,370.7007255705454,561.6898014788386,1398585.790574076,0,0
2026-01-04 11:00:59.790495,649277.4241699383,452572.4830070671,432.8516161132922,301.7149886713781,1101849.9071770054,0,0
2026-01-04 11:01:00.790495,744745.8186717922,978496.5663096678,496.49721244786144,652.3310442064452,1723242.38498146,0,0
2026-01-04 11:01:01.790495,860660.8093042091,697565.4072788378,573.7738728694727,465.0436048525585,1558226.2165830468,0,0
2026-01-04 11:01:02.790495,656436.9945363285,721784.7812137379,437.624663024219,481.1898541424919,1378221.7757500664,0,0
2026-01-04 11:01:03.790495,389797.21623808186,591583.6609788261,259.8648108253879,394.38910731921743,981380.8772169079,0,0
2026-01-04 11:01:04.790495,802835.7553824015,815701.4697026792,535.223836921601,543.8009798017862,1618537.2250850806,0,0
2026-01-04 11:01:05.790495,888722.5795172272,976531.8811479384,592.4817196781515,651.0212540986256,1865254.4606651657,0,0
2026-01-04 11:01:06.790495,877970.6722553425,708727.3807238376,585.3137815035617,472.48492048255844,1586698.0529791801,0,0
2026-01-04 11:01:07.790495,740893.5767561542,1197520.4203575212,493.92905117076947,798.3469469050141,1938413.997113675,0,0
2026-01-04 11:01:08.790495,234049.28945889155,504422.18204143003,156.03285963926103,336.2814546942867,738471.4715003216,0,0
2026-01-04 11:01:09.790495,887482.7809896901,400118.32901662815,591.6551873264601,266.7455526777521,1287601.1100063182,0,0
2026-01-04 11:01:10.790495,699300.0043251701,921030.6500586018,466.2000028834467,614.0204333724012,1620330.6543837718,0,0
2026-01-04 11:01:11.790495,722072.5715984749,1012664.3051070743,481.38171439898326,675.1095367380495,1734736.8767055492,0,0
2026-01-04 11:01:12.790495,810047.8203069621,839596.6151760845,540.0318802046414,559.7310767840563,1649644.4354830466,0,0
2026-01-04 11:01:13.790495,749065.0580870699,417182.7203996948,499.3767053913799,278.12181359979655,1166247.7784867648,0,0
2026-01-04 11:01:14.790495,826323.9958873709,797465.596233467,550.8826639249139,531.6437308223113,1623789.592120838,0,0
2026-01-04 11:01:15.790495,389522.8690067174,622742.6093149862,259.6819126711449,415.16173954332413,1012265.4783217035,0,1
2026-01-04 11:01:16.790495,1029201.4841028346,603015.2253897808,686.134322735223,402.0101502598539,1632216.7094926154,0,0
2026-01-04 11:01:17.790495,700458.5602504612,1230397.170607352,466.97237350030747,820.2647804049013,1930855.730857813,0,0
2026-01-04 11:01:18.790495,1020192.2540283753,540591.7324822717,680.1281693522502,360.3944883215145,1560783.986510647,0,0
2026-01-04 11:01:19.790495,559074.5205005017,860846.1283907656,372.7163470003345,573.8974189271771,1419920.6488912674,0,0
2026-01-04 11:01:20.790495,645106.9771719029,1106068.4879574568,430.0713181146019,737.3789919716379,1751175.4651293599,0,0
2026-01-04 11:01:21.790495,377756.9832987518,413951.0351675285,251.83798886583455,275.9673567783523,791708.0184662803,0,0
2026-01-04 11:01:22.790495,960715.4764969781,507206.02716644376,640.4769843313187,338.13735144429586,1467921.5036634218,0,0
2026-01-04 11:01:23.790495,849518.8331384221,508941.9607793498,566.345888758948,339.29464051956654,1358460.793917772,0,0
2026-01-04 11:01:24.790495,3779587.1610237793,2157401.870612048,551.5758871489072,314.8414893009702,5936989.031635827,0,0
2026-01-04 11:01:25.790495,556910.1354488896,970206.4064003283,371.27342363259305,646.8042709335522,1527116.5418492178,0,0
2026-01-04 11:01:26.790495,592863.2228857764,732020.7387135654,395.2421485905176,488.0138258090436,1324883.9615993418,0,0
2026-01-04 11:01:27.790495,399299.6851259995,889208.53400152,266.1997900839997,592.8056893343467,1288508.2191275195,0,0
2026-01-04 11:01:28.790495,650479.2385863678,389499.14078280615,433.6528257242452,259.6660938552041,1039978.3793691739,0,0
2026-01-04 11:01:29.790495,778095.6563118871,670687.7758153006,518.7304375412581,447.1251838768671,1448783.4321271877,0,0
2026-01-04 11:01:30.790495,614708.9507297007,1302786.4758698042,409.80596715313385,868.5243172465362,1917495.426599505,0,0
2026-01-04 11:01:31.790495,1099763.318725444,484947.2225851067,733.1755458169627,323.2981483900711,1584710.5413105506,0,0
2026-01-04 11:01:32.790495,769666.3252798449,657629.5620272711,513.1108835198966,438.41970801818076,1427295.887307116,0,0
2026-01-04 11:01:33.790495,697183.624871458,815855.9102708002,464.7890832476387,543.9039401805335,1513039.5351422583,0,0
2026-01-04 11:01:34.790495,722964.9421996741,497732.30559439404,481.97662813311604,331.82153706292934,1220697.2477940682,0,0
2026-01-04 11:01:35.790495,759260.1593325221,724638.6618110634,506.17343955501474,483.0924412073756,1483898.8211435855,0,0
2026-01-04 11:01:36.790495,1004943.1356272235,1317532.4224061293,669.962090418149,878.3549482707529,2322475.5580333527,0,0
2026-01-04 11:01:37.790495,639920.0863159427,698341.4099863896,426.6133908772951,465.5609399909264,1338261.4963023323,0,0
2026-01-04 11:01:38.790495,814608.875025592,1364404.6913910897,543.0725833503947,909.6031275940597,2179013.5664166817,0,0
2026-01-04 11:01:39.790495,696682.0126023884,954127.5344905768,464.45467506825895,636.0850229937179,1650809.547092965,0,0
2026-01-04 11:01:40.790495,765232.2249253086,661983.409040131,510.1548166168724,441.3222726934207,1427215.6339654396,0,0
2026-01-04 11:01:41.790495,1201981.6510232352,550009.6729123036,801.3211006821567,366.6731152748691,1751991.3239355388,0,0
2026-01-04 11:01:42.790495,551865.2397761741,1036901.5661732914,367.9101598507827,691.2677107821943,1588766.8059494656,0,0
2026-01-04 11:01:43.790495,1266058.6932112388,761953.7744754917,844.0391288074926,507.96918298366114,2028012.4676867307,0,0
2026-01-04 11:01:44.790495,1169102.4906356817,554229.9683510406,779.4016604237878,369.4866455673604,1723332.4589867222,0,0
2026-01-04 11:01:45.790495,784078.5185823259,1053660.4932525747,522.7190123882173,702.4403288350499,1837739.0118349006,0,0
2026-01-04 11:01:46.790495,552440.728417201,730050.1588030506,368.29381894480065,486.7001058687004,1282490.8872202516,0,0
2026-01-04 11:01:47.790495,1002736.7427268012,587636.276220527,668.4911618178675,391.75751748035134,1590373.0189473282,0,0
2026-01-04 11:01:48.790495,912544.0710256895,979194.5051196947,608.3627140171263,652.7963367464631,1891738.5761453842,0,0
2026-01-04 11:01:49.790495,515863.959959593,1040295.0042139293,343.9093066397287,693.5300028092862,1556158.9641735223,0,0
2026-01-04 11:01:50.790495,539828.0068748463,867429.5202219544,359.8853379165642,578.2863468146363,1407257.5270968007,0,0
2026-01-04 11:01:51.790495,884715.2801021031,610139.1206284413,589.8101867347355,406.7594137522942,1494854.4007305445,0,0
2026-01-04 11:01:52.790495,3769960.050354588,5158604.877528541,625.7463611284861,856.2367206807755,8928564.927883128,0,0
2026-01-04 11:01:53.790495,834310.5202974102,836625.0831453109,556.2070135316068,557.7500554302072,1670935.603442721,0,0
2026-01-04 11:01:54.790495,940661.9967143168,676817.2055447968,627.1079978095445,451.21147036319786,1617479.2022591135,0,0
2026-01-04 11:01:55.790495,899647.199182962,835844.0898033482,599.764799455308,557.2293932022321,1735491.2889863101,0,0
2026-01-04 11:01:56.790495,1267977.1302771906,1388975.5723520175,845.3180868514604,925.983714901345,2656952.702629208,0,0
2026-01-04 11:01:57.790495,890701.207771849,662926.1594727264,593.8008051812327,441.9507729818176,1553627.3672445754,0,0
2026-01-04 11:01:58.790495,577409.7995381727,980237.6788055577,384.9398663587818,653.4917858703718,1557647.4783437303,0,0
2026-01-04 11:01:59.790495,570616.3913072784,1150690.931830917,380.4109275381856,767.127287887278,1721307.3231381953,0,0
2026-01-04 11:02:00.790495,520114.38608426973,518678.2445584185,346.74292405617985,345.785496372279,1038792.6306426883,0,0
2026-01-04 11:02:01.790495,1070610.1652094766,722687.1885229613,713.740110139651,481.79145901530757,1793297.3537324378,0,0
2026-01-04 11:02:02.790495,632950.449267103,415128.6271526766,421.9669661780687,276.7524181017844,1048079.0764197796,0,0
2026-01-04 11:02:03.790495,688008.024272495,759790.6166496262,458.6720161816633,506.52707776641745,1447798.640922121,0,0
2026-01-04 11:02:04.790495,804130.9580143905,725412.6435072917,536.087305342927,483.60842900486114,1529543.6015216822,0,0
2026-01-04 11:02:05.790495,445712.41292869265,805907.9098522296,297.1416086191284,537.2719399014865,1251620.3227809223,0,0
2026-01-04 11:02:06.790495,551169.8578530407,975895.9924789298,367.44657190202713,650.5973283192866,1527065.8503319705,0,0
2026-01-04 11:02:07.790495,585091.2896866613,529276.940289436,390.06085979110753,352.8512935262907,1114368.2299760974,0,0
2026-01-04 11:02:08.790495,649084.1184583064,898167.395586785,432.72274563887095,598.7782637245234,1547251.5140450916,0,0
2026-01-04 11:02:09.790495,742554.671848638,751596.0169444841,495.03644789909197,501.06401129632275,1494150.688793122,0,0
2026-01-04 11:02:10.790495,448442.637087689,750795.171096947,298.96175805845934,500.5301140646314,1199237.808184636,0,1
2026-01-04 11:02:11.790495,799169.1865667993,517139.8628115087,532.7794577111995,344.7599085410058,1316309.049378308,0,0
2026-01-04 11:02:12.790495,385489.7586359585,403010.85218166065,256.99317242397234,268.67390145444045,788500.6108176191,0,0
2026-01-04 11:02:13.790495,783103.4045574917,798908.6103592792,522.0689363716612,532.6057402395195,1582012.0149167709,0,0
2026-01-04 11:02:14.790495,611634.1623805881,652238.4099999291,407.7561082537254,434.8256066666194,1263872.5723805171,0,0
2026-01-04 11:02:15.790495,539372.8982290602,768981.4878815574,359.5819321527068,512.6543252543717,1308354.3861106178,0,0
2026-01-04 11:02:16.790495,799392.404565555,675134.2983822355,532.92826971037,450.08953225482367,1474526.7029477905,0,0
2026-01-04 11:02:17.790495,795010.8104604599,872380.741445811,530.0072069736399,581.587160963874,1667391.551906271,0,0
2026-01-04 11:02:18.790495,504265.6250152213,1026558.002101208,336.1770833434809,684.3720014008053,1530823.6271164292,0,0
2026-01-04 11:02:19.790495,1087164.4929030887,910283.809756155,724.7763286020592,606.85587317077,1997448.3026592436,0,0
2026-01-04 11:02:20.790495,886967.8115614488,582704.708293483,591.3118743742992,388.4698055289887,1469672.5198549319,0,0
2026-01-04 11:02:21.790495,1164411.2564618073,572582.4158002196,776.2741709745382,381.72161053347975,1736993.672262027,0,0
2026-01-04 11:02:22.790495,680875.0723773282,610740.3674819131,453.91671491821876,407.16024498794206,1291615.4398592412,0,0
2026-01-04 11:02:23.790495,716232.446710813,514404.68228573195,477.48829780720865,342.9364548571546,1230637.128996545,0,0
2026-01-04 11:02:24.790495,520378.961266006,1034375.1657308477,346.91930751067065,689.5834438205652,1554754.1269968536,0,0
2026-01-04 11:02:25.790495,592517.0152835258,688266.4717168339,395.01134352235056,458.84431447788927,1280783.4870003597,0,0
2026-01-04 11:02:26.790495,939601.4576122103,634168.7312026134,626.4009717414735,422.77915413507566,1573770.1888148237,0,0
2026-01-04 11:02:27.790495,425972.46981982456,778816.5746715822,283.9816465465497,519.2110497810548,1204789.0444914068,0,0
2026-01-04 11:02:28.790495,947565.3230176232,473972.7743494223,631.7102153450821,315.98184956628154,1421538.0973670455,0,0
2026-01-04 11:02:29.790495,567455.3309820119,767043.2740539458,378.30355398800793,511.36218270263055,1334498.6050359576,0,0
2026-01-04 11:02:30.790495,1036437.5115308879,627144.1084009666,690.958341020592,418.09607226731106,1663581.6199318545,0,0
2026-01-04 11:02:31.790495,733203.2335778959,776897.1932192435,488.80215571859725,517.9314621461624,1510100.4267971395,0,0
2026-01-04 11:02:32.790495,902571.3375192118,565102.7933254581,601.7142250128079,376.7351955503054,1467674.1308446699,0,0
2026-01-04 11:02:33.790495,723702.5591101733,1062288.0625438623,482.4683727401155,708.1920416959082,1785990.6216540353,0,0
2026-01-04 11:02:34.790495,614230.778582571,806507.9137191883,409.48718572171396,537.6719424794588,1420738.6923017593,0,0
2026-01-04 11:02:35.790495,985275.9614745632,762689.6808689679,656.8506409830421,508.4597872459786,1747965.6423435311,0,0
2026-01-04 11:02:36.790495,978713.3292982769,598959.6744648588,652.4755528655179,399.3064496432392,1577673.0037631358,0,0
2026-01-04 11:02:37.790495,510045.4428156495,747844.3541253561,340.030295210433,498.56290275023736,1257889.7969410056,0,0
2026-01-04 11:02:38.790495,765898.001465906,1276467.59330783,510.59866764393735,850.9783955385533,2042365.5947737359,0,0
2026-01-04 11:02:39.790495,841672.3610284658,1157276.1041669452,561.1149073523105,771.5174027779635,1998948.465195411,0,0
2026-01-04 11:02:40.790495,693360.7919655266,716159.0327763375,462.2405279770178,477.43935518422495,1409519.824741864,0,0
2026-01-04 11:02:41.790495,1058110.763941183,561003.9900133632,705.4071759607887,374.0026600089088,1619114.7539545463,0,0
2026-01-04 11:02:42.790495,729890.4091662477,818407.757908889,486.5936061108318,545.6051719392593,1548298.1670751367,0,0
2026-01-04 11:02:43.790495,938736.9780295419,613872.8961737342,625.8246520196946,409.24859744915614,1552609.8742032761,0,0
2026-01-04 11:02:44.790495,764436.7381269984,907083.3449538875,509.62449208466563,604.7222299692584,1671520.083080886,0,0
2026-01-04 11:02:45.790495,881262.6205098444,538070.5030864809,587.5084136732296,358.7136687243206,1419333.1235963253,0,0
2026-01-04 11:02:46.790495,1294102.452181543,781433.7920655693,862.7349681210287,520.9558613770462,2075536.2442471124,0,0
2026-01-04 11:02:47.790495,515413.79313658446,751311.9906114585,343.6091954243896,500.87466040763906,1266725.783748043,0,0
2026-01-04 11:02:48.790495,661932.3685820247,1524420.5364470044,441.2882457213498,1016.2803576313363,2186352.905029029,0,0
2026-01-04 11:02:49.790495,630757.956619694,1180886.118157866,420.50530441312935,787.2574121052439,1811644.0747775598,0,0
2026-01-04 11:02:50.790495,690543.6057766367,1349334.4069448384,460.3624038510912,899.5562712965589,2039878.0127214752,0,0
2026-01-04 11:02:51.790495,655729.2716307016,897635.4017435974,437.1528477538011,598.4236011623982,1553364.673374299,0,0
2026-01-04 11:02:52.790495,1180983.0731408116,1040936.692082521,787.3220487605411,693.9577947216807,2221919.7652233327,0,0
2026-01-04 11:02:53.790495,724783.5891484071,1102253.8629231884,483.1890594322714,734.835908615459,1827037.4520715955,0,0
2026-01-04 11:02:54.790495,1192789.5617728308,562470.7606651352,795.1930411818872,374.9805071100902,1755260.322437966,0,0
2026-01-04 11:02:55.790495,704062.9386123673,933983.9307057513,469.37529240824483,622.6559538038342,1638046.8693181186,0,0
2026-01-04 11:02:56.790495,447016.5334369566,968259.9884292103,298.0110222913044,645.5066589528068,1415276.521866167,0,0
2026-01-04 11:02:57.790495,935802.0423184733,892311.361294904,623.8680282123156,594.8742408632694,1828113.4036133774,0,0
2026-01-04 11:02:58.790495,597116.2102834154,1252337.3853115188,398.07747352227693,834.8915902076792,1849453.5955949342,0,0
2026-01-04 11:02:59.790495,948693.7422162157,925338.9462435988,632.4624948108104,616.8926308290659,1874032.6884598145,0,0
2026-01-04 11:03:00.790495,1109197.2041438608,592657.9278353235,739.4648027625739,395.105285223549,1701855.1319791842,1,0
2026-01-04 11:03:01.790495,515775.1147601575,884767.688682501,343.85007650677164,589.845125788334,1400542.8034426584,0,0
2026-01-04 11:03:02.790495,1187585.0378978893,702100.2003226593,791.7233585985929,468.06680021510624,1889685.2382205487,0,0
2026-01-04 11:03:03.790495,871658.1223469698,511233.61567338137,581.1054148979798,340.8224104489209,1382891.7380203512,0,0
2026-01-04 11:03:04.790495,1373738.4545150183,651702.1825940821,915.8256363433455,434.46812172938803,2025440.6371091004,0,0
2026-01-04 11:03:05.790495,817736.1803990419,1012744.4527007437,545.1574535993612,675.1629684671625,1830480.6330997855,0,0
2026-01-04 11:03:06.790495,661104.3803206729,898893.2571838321,440.73625354711527,599.262171455888,1559997.637504505,0,0
2026-01-04 11:03:07.790495,391928.4114263428,894722.3121337492,261.2856076175619,596.4815414224995,1286650.723560092,0,0
2026-01-04 11:03:08.790495,890891.710958167,601619.8366254282,593.9278073054446,401.0798910836188,1492511.5475835952,0,0
2026-01-04 11:03:09.790495,384759.13064635376,345887.2004207082,256.50608709756915,230.59146694713883,730646.331067062,0,0
2026-01-04 11:03:10.790495,633610.3364033483,916198.489328414,422.4068909355655,610.7989928856093,1549808.8257317622,0,0
2026-01-04 11:03:11.790495,1560182.8449025184,2001487.4033218336,253.48659145387833,325.18638527756985,3561670.248224352,0,0
2026-01-04 11:03:12.790495,820942.3666683591,931400.543236966,547.2949111122394,620.9336954913107,1752342.9099053252,0,0
2026-01-04 11:03:13.790495,476981.867162194,821433.1469612735,317.98791144146264,547.6220979741823,1298415.0141234675,0,0
2026-01-04 11:03:14.790495,612960.9141217949,325218.6325022117,408.64060941452993,216.81242166814116,938179.5466240066,0,0
2026-01-04 11:03:15.790495,772182.2243690667,404308.093861241,514.7881495793778,269.53872924082737,1176490.3182303077,0,0
2026-01-04 11:03:16.790495,585185.1556888917,1043813.9350903013,390.12343712592775,695.8759567268676,1628999.090779193,0,0
2026-01-04 11:03:17.790495,954040.2264519467,427812.45381362806,636.0268176346311,285.2083025424187,1381852.6802655747,0,0
2026-01-04 11:03:18.790495,817509.7908546758,353574.3661082687,545.0065272364506,235.7162440721791,1171084.1569629444,0,0
2026-01-04 11:03:19.790495,809914.134893445,858095.287087771,539.9427565956299,572.0635247251806,1668009.421981216,0,0
2026-01-04 11:03:20.790495,634748.140544023,517784.2366251989,423.1654270293487,345.18949108346595,1152532.3771692219,0,0
2026-01-04 11:03:21.790495,600646.4129965873,788876.6907663981,400.4309419977249,525.9177938442654,1389523.1037629854,0,0
2026-01-04 11:03:22.790495,1040145.0077749455,1117348.912489597,693.430005183297,744.8992749930646,2157493.9202645426,0,0
2026-01-04 11:03:23.790495,798091.3188163614,376820.9754536722,532.0608792109076,251.21398363578146,1174912.2942700335,0,0
2026-01-04 11:03:24.790495,1087339.972251183,617846.4273302611,724.893314834122,411.8976182201741,1705186.399581444,0,0
2026-01-04 11:03:25.790495,947410.3379957245,518289.4249732045,631.6068919971497,345.52628331546964,1465699.762968929,0,0
2026-01-04 11:03:26.790495,1336994.895555776,594253.5155682487,891.3299303705173,396.16901037883247,1931248.4111240248,0,0
2026-01-04 11:03:27.790495,3239266.890686254,4258242.000293355,524.9012258139697,690.0192300279969,7497508.890979609,0,0
2026-01-04 11:03:28.790495,433050.8067602174,501225.92371806956,288.70053784014493,334.1506158120464,934276.730478287,0,0
2026-01-04 11:03:29.790495,605780.8723703533,581131.9494698794,403.8539149135689,387.42129964658625,1186912.8218402327,0,0
2026-01-04 11:03:30.790495,660478.9991647305,334362.9102492154,440.31933277648704,222.90860683281025,994841.9094139459,0,0
2026-01-04 11:03:31.790495,733613.5997940537,337325.06018900085,489.0757331960358,224.8833734593339,1070938.6599830545,0,0
2026-01-04 11:03:32.790495,1393147.64000446,673740.0366765404,928.7650933363067,449.1600244510269,2066887.6766810005,0,0
2026-01-04 11:03:33.790495,906046.261951408,739816.6118268123,604.0308413009386,493.2110745512082,1645862.8737782203,0,0
2026-01-04 11:03:34.790495,801633.3690930058,396313.1404644931,534.4222460620039,264.20876030966207,1197946.5095574989,0,0
2026-01-04 11:03:35.790495,545664.536388752,870196.3279182313,363.77635759250137,580.1308852788209,1415860.8643069833,0,0
2026-01-04 11:03:36.790495,1203125.3425125454,747938.0881165323,802.0835616750303,498.6253920776882,1951063.4306290778,0,0
2026-01-04 11:03:37.790495,3129000.3756682,2701936.664394909,443.64194397807915,383.0911762168845,5830937.040063109,0,0
2026-01-04 11:03:38.790495,565558.7510103177,761764.0964016715,377.0391673402118,507.8427309344477,1327322.8474119892,0,0
2026-01-04 11:03:39.790495,1319260.2450936267,862996.2263687268,879.5068300624177,575.3308175791512,2182256.4714623536,0,0
2026-01-04 11:03:40.790495,953023.5915137568,710653.9447245061,635.3490610091712,473.7692964830041,1663677.536238263,0,0
2026-01-04 11:03:41.790495,775069.6436032976,801698.4520715358,516.7130957355317,534.4656347143572,1576768.0956748333,0,0
2026-01-04 11:03:42.790495,538595.7275648455,1137601.7319600352,359.06381837656363,758.4011546400235,1676197.4595248806,0,0
2026-01-04 11:03:43.790495,816799.9279262893,601719.178373787,544.5332852841929,401.146118915858,1418519.1063000762,0,0
2026-01-04 11:03:44.790495,1146518.4289057055,637898.4161196604,764.3456192704703,425.26561074644025,1784416.8450253657,0,0
2026-01-04 11:03:45.790495,470409.15417118004,1021317.364272233,313.60610278078667,680.8782428481553,1491726.518443413,0,0
2026-01-04 11:03:46.790495,726328.4179916162,1147075.4254766481,484.2189453277441,764.7169503177654,1873403.8434682644,0,0
2026-01-04 11:03:47.790495,616520.063055802,1387591.4124282852,411.0133753705347,925.0609416188569,2004111.4754840871,0,0
2026-01-04 11:03:48.790495,1088275.5851530866,1181491.6486748066,725.5170567687244,787.6610991165377,2269767.233827893,0,0
2026-01-04 11:03:49.790495,821608.3954102001,619228.1586096361,547.7389302734667,412.8187724064241,1440836.5540198362,0,0
2026-01-04 11:03:50.790495,648913.9075026772,1332787.720565731,432.60927166845147,888.5251470438207,1981701.628068408,0,0
2026-01-04 11:03:51.790495,804856.1757262998,955111.920728333,536.5707838175332,636.7412804855553,1759968.0964546327,0,0
2026-01-04 11:03:52.790495,751439.073829325,661636.7063333179,500.95938255288337,441.0911375555453,1413075.780162643,0,0
2026-01-04 11:03:53.790495,892005.9760270069,605530.8178463102,594.6706506846713,403.6872118975401,1497536.793873317,0,0
2026-01-04 11:03:54.790495,834280.8087662262,881705.1819636064,556.1872058441508,587.8034546424043,1715985.9907298326,0,0
2026-01-04 11:03:55.790495,603238.0734983124,924188.8820849364,402.1587156655416,616.1259213899576,1527426.9555832488,0,0
2026-01-04 11:03:56.790495,1221383.9686859155,670330.6787303744,814.2559791239437,446.88711915358294,1891714.64741629,0,0
2026-01-04 11:03:57.790495,627575.5442608753,891360.7551845823,418.38369617391686,594.2405034563882,1518936.2994454578,0,0
2026-01-04 11:03:58.790495,3571734.5435177586,3016228.0733003137,745.1167263051258,629.2298490787806,6587962.616818072,0,0
2026-01-04 11:03:59.790495,799865.6040971264,1258654.5255698683,533.2437360647509,839.1030170465789,2058520.1296669946,0,0
2026-01-04 11:04:00.790495,789375.1178750702,713973.9435162809,526.2500785833802,475.9826290108539,1503349.061391351,0,0
2026-01-04 11:04:01.790495,559265.5410437771,899510.5584778943,372.84369402918475,599.6737056519295,1458776.0995216714,0,0
2026-01-04 11:04:02.790495,884816.0508141607,565152.0365494114,589.8773672094405,376.76802436627423,1449968.087363572,0,0
2026-01-04 11:04:03.790495,581792.6114928097,1106100.286444954,387.8617409952065,737.4001909633027,1687892.897937764,0,0
2026-01-04 11:04:04.790495,935072.9790509755,417149.9039458057,623.3819860339837,278.09993596387045,1352222.8829967813,0,0
2026-01-04 11:04:05.790495,1164166.48263596,546981.6498702501,776.1109884239734,364.65443324683343,1711148.1325062101,0,0
2026-01-04 11:04:06.790495,567336.1852889479,1048205.8847143076,378.22412352596524,698.8039231428718,1615542.0700032555,0,0
2026-01-04 11:04:07.790495,1232403.537715094,580031.682255616,821.6023584767293,386.6877881704106,1812435.2199707099,0,0
2026-01-04 11:04:08.790495,916886.752339448,426960.9379043138,611.2578348929653,284.6406252695425,1343847.6902437618,0,0
2026-01-04 11:04:09.790495,693637.0751300617,584328.4260541215,462.42471675337447,389.55228403608095,1277965.5011841832,0,0
2026-01-04 11:04:10.790495,449503.6723222815,563438.3219020672,299.669114881521,375.62554793471145,1012941.9942243487,0,0
2026-01-04 11:04:11.790495,671386.3286092634,739081.8835579039,447.59088573950896,492.7212557052693,1410468.2121671673,0,0
2026-01-04 11:04:12.790495,299933.3217691992,613536.5513401572,199.95554784613282,409.0243675601048,913469.8731093564,0,0
2026-01-04 11:04:13.790495,852975.0312639478,423513.24691765185,568.6500208426319,282.3421646117679,1276488.2781815997,0,0
2026-01-04 11:04:14.790495,1039591.4538321598,492203.6592851553,693.0609692214398,328.1357728567702,1531795.113117315,0,0
2026-01-04 11:04:15.790495,716639.7812138797,901439.2060233123,477.75985414258645,600.9594706822082,1618078.987237192,0,0
2026-01-04 11:04:16.790495,521676.85283276986,893719.2621225704,347.78456855517993,595.8128414150469,1415396.1149553403,0,0
2026-01-04 11:04:17.790495,1194651.6030936236,530850.9539867085,796.4344020624158,353.90063599113904,1725502.5570803322,0,0
2026-01-04 11:04:18.790495,553415.1711396439,1098437.0011476947,368.94344742642926,732.2913340984632,1651852.1722873386,0,0
2026-01-04 11:04:19.790495,678793.1445502193,991611.3559938116,452.52876303347955,661.0742373292078,1670404.500544031,0,0
2026-01-04 11:04:20.790495,847276.8421297806,1024701.576309606,564.8512280865203,683.134384206404,1871978.4184393864,0,0
2026-01-04 11:04:21.790495,702258.9834000226,953109.2012821385,468.17265560001505,635.4061341880923,1655368.184682161,0,0
2026-01-04 11:04:22.790495,940968.8024449816,560551.4788615117,627.3125349633211,373.70098590767446,1501520.2813064933,0,0
2026-01-04 11:04:23.790495,576985.188792595,792079.3142351833,384.6567925283967,528.0528761567889,1369064.5030277784,0,0
2026-01-04 11:04:24.790495,579711.0313044734,648093.2358022624,386.47402086964894,432.0621572015083,1227804.2671067358,0,0
2026-01-04 11:04:25.790495,772466.6676326733,471349.6471763068,514.9777784217822,314.23309811753785,1243816.31480898,0,0
2026-01-04 11:04:26.790495,602920.2996038472,1161217.4340061715,401.9468664025648,774.1449560041143,1764137.7336100189,0,0
2026-01-04 11:04:27.790495,624253.0364096792,988560.2378142318,416.16869093978613,659.0401585428211,1612813.2742239109,0,0
2026-01-04 11:04:28.790495,1210516.0642314288,602469.8775014187,807.0107094876192,401.6465850009458,1812985.9417328476,0,0
2026-01-04 11:04:29.790495,984564.7180223829,1015988.1713166937,656.3764786815887,677.3254475444625,2000552.8893390766,0,0
2026-01-04 11:04:30.790495,782599.0339721735,801484.6582390484,521.7326893147823,534.3231054926989,1584083.692211222,0,0
2026-01-04 11:04:31.790495,2186947.2792670573,2268858.2218459924,329.0674745777872,341.39252112567186,4455805.50111305,0,0
2026-01-04 11:04:32.790495,1173196.116035313,651995.2730539828,782.1307440235421,434.66351536932183,1825191.3890892959,0,0
2026-01-04 11:04:33.790495,746192.0430110965,592826.5487230646,497.46136200739767,395.21769914870976,1339018.5917341611,0,0
2026-01-04 11:04:34.790495,4535149.145753942,4981790.493407676,640.8406022792593,703.9533910838389,9516939.639161618,0,0
2026-01-04 11:04:35.790495,799798.7725392327,1015179.9715660522,533.1991816928219,676.7866477107015,1814978.744105285,0,0
2026-01-04 11:04:36.790495,825430.1836755455,576040.5261003026,550.2867891170304,384.0270174002017,1401470.709775848,0,0
2026-01-04 11:04:37.790495,443282.18992222834,813784.3557620618,295.5214599481522,542.5229038413745,1257066.5456842901,0,0
2026-01-04 11:04:38.790495,579115.0477394493,628331.5613042001,386.0766984929662,418.8877075361334,1207446.6090436494,0,0
2026-01-04 11:04:39.790495,540694.1942296322,1259601.086816949,360.4627961530881,839.734057877966,1800295.281046581,0,0
2026-01-04 11:04:40.790495,782430.5630094532,716127.1810980306,521.6203753396355,477.41812073202044,1498557.744107484,0,0
2026-01-04 11:04:41.790495,1008343.2036968597,492611.04966629046,672.228802464573,328.40736644419366,1500954.2533631502,0,0
2026-01-04 11:04:42.790495,872007.203112232,654790.1385773467,581.3381354081547,436.52675905156445,1526797.3416895787,0,0
2026-01-04 11:04:43.790495,809118.0892820291,908346.4671132129,539.4120595213527,605.5643114088086,1717464.556395242,0,0
2026-01-04 11:04:44.790495,769404.5488268749,886913.1913678301,512.9363658845833,591.2754609118867,1656317.740194705,0,0
2026-01-04 11:04:45.790495,1100159.6562578226,629246.7510935914,733.4397708385484,419.4978340623943,1729406.407351414,0,0
2026-01-04 11:04:46.790495,864568.758053948,1193059.9677604015,576.3791720359653,795.3733118402677,2057628.7258143497,0,0
2026-01-04 11:04:47.790495,1297813.122095428,562673.5229646402,865.2087480636186,375.1156819764268,1860486.645060068,0,0
2026-01-04 11:04:48.790495,526647.831200492,780093.6121919014,351.0985541336613,520.0624081279343,1306741.4433923934,0,0
2026-01-04 11:04:49.790495,659342.6338539764,1062097.7641384008,439.56175590265093,708.0651760922672,1721440.3979923772,0,0
2026-01-04 11:04:50.790495,1455316.4553326247,746075.4954083684,970.2109702217498,497.38366360557893,2201391.950740993,0,0
2026-01-04 11:04:51.790495,719044.2285796535,1481220.8667999182,479.3628190531024,987.4805778666122,2200265.095379572,0,0
2026-01-04 11:04:52.790495,383345.44039503345,498144.56757653103,255.5636269300223,332.096378384354,881490.0079715644,0,0
2026-01-04 11:04:53.790495,1372157.4990445809,855254.3055701377,914.7716660297206,570.1695370467585,2227411.8046147185,0,0
2026-01-04 11:04:54.790495,713535.8356801986,1218723.8319525807,475.69055712013244,812.4825546350538,1932259.6676327793,0,0
2026-01-04 11:04:55.790495,1128443.067898515,670714.8796109542,752.29537859901,447.14325307396945,1799157.947509469,0,0
2026-01-04 11:04:56.790495,1173860.6122016346,788670.5297046435,782.5737414677563,525.780353136429,1962531.1419062782,0,0
2026-01-04 11:04:57.790495,947938.5990878904,1080574.9284225109,631.9590660585935,720.3832856150073,2028513.5275104013,0,0
2026-01-04 11:04:58.790495,5025153.85893674,2540148.648979029,759.601415618276,383.9684443121867,7565302.507915769,0,0
2026-01-04 11:04:59.790495,900370.9090588172,1428136.7053969556,600.2472727058781,952.0911369313037,2328507.614455773,0,0
2026-01-04 11:05:00.790495,984463.3342857105,1083904.0501111543,656.308889523807,722.6027000741029,2068367.3843968648,0,0
2026-01-04 11:05:01.790495,670796.3022683475,751226.8171354638,447.197534845565,500.8178780903092,1422023.1194038112,0,0
2026-01-04 11:05:02.790495,932567.6346189752,959217.4000130582,621.7117564126502,639.4782666753722,1891785.0346320334,0,0
2026-01-04 11:05:03.790495,606533.589030381,736890.6069639027,404.35572602025394,491.2604046426018,1343424.1959942835,0,0
2026-01-04 11:05:04.790495,676803.6744548209,1173678.0267975032,451.20244963654727,782.4520178650022,1850481.701252324,0,0
2026-01-04 11:05:05.790495,4430096.848463465,1971693.4223548414,974.5280159544102,433.7310322288478,6401790.270818307,0,0
2026-01-04 11:05:06.790495,518335.0770581651,784995.3710058968,345.55671803877675,523.3302473372645,1303330.4480640618,0,0
2026-01-04 11:05:07.790495,685665.1965669943,1039011.4728876213,457.11013104466286,692.6743152584141,1724676.6694546156,0,0
2026-01-04 11:05:08.790495,1199471.1469363268,690338.3098893841,799.6474312908845,460.22553992625603,1889809.4568257108,0,0
2026-01-04 11:05:09.790495,1145033.5400250582,904217.3883459164,763.3556933500388,602.8115922306109,2049250.9283709745,0,0
2026-01-04 11:05:10.790495,1128553.4628590178,516331.969153899,752.3689752393452,344.221312769266,1644885.4320129168,0,0
2026-01-04 11:05:11.790495,1136807.4035615725,579322.0336569048,757.8716023743817,386.2146891046032,1716129.4372184775,0,0
2026-01-04 11:05:12.790495,553169.7710377643,585712.3870426988,368.7798473585095,390.47492469513253,1138882.158080463,0,0
2026-01-04 11:05:13.790495,498707.24767708365,495383.063591083,332.4714984513891,330.25537572738864,994090.3112681666,0,0
2026-01-04 11:05:14.790495,442775.53619286296,977469.0515936953,295.18369079524194,651.6460343957968,1420244.5877865583,0,0
2026-01-04 11:05:15.790495,401470.18143886136,745036.5740344297,267.64678762590756,496.6910493562865,1146506.755473291,0,0
2026-01-04 11:05:16.790495,776452.2735702293,796972.9622437232,517.6348490468196,531.3153081624821,1573425.2358139525,0,0
2026-01-04 11:05:17.790495,2297896.5972377863,1611992.7713729104,340.96839064457083,239.1920426908688,3909889.368610697,0,0
2026-01-04 11:05:18.790495,384076.6247283821,546650.8839285733,256.0510831522547,364.4339226190489,930727.5086569554,0,0
2026-01-04 11:05:19.790495,826136.2279220007,405917.97572057374,550.7574852813337,270.6119838137158,1232054.2036425744,0,0
2026-01-04 11:05:20.790495,781268.1820861398,398811.7064625464,520.8454547240932,265.87447097503093,1180079.8885486862,0,0
2026-01-04 11:05:21.790495,691559.3382178388,716405.5245262928,461.0395588118925,477.6036830175285,1407964.8627441316,0,0
2026-01-04 11:05:22.790495,673982.9344049954,1183000.5637238137,449.3219562699969,788.6670424825425,1856983.4981288093,0,0
2026-01-04 11:05:23.790495,696436.6747310035,510390.1592349412,464.29111648733567,340.26010615662744,1206826.8339659446,0,0
2026-01-04 11:05:24.790495,552756.4328527031,623731.6146585522,368.5042885684688,415.8210764390348,1176488.0475112554,0,0
2026-01-04 11:05:25.790495,761173.8758132912,751690.1906256801,507.44925054219414,501.12679375045343,1512864.0664389713,0,0
2026-01-04 11:05:26.790495,792892.783099232,1098271.8652005969,528.5951887328214,732.1812434670645,1891164.6482998289,0,0
2026-01-04 11:05:27.790495,925272.425238722,828333.9788630141,616.8482834924813,552.2226525753427,1753606.4041017361,0,0
2026-01-04 11:05:28.790495,814137.9046979197,1023994.1016228502,542.7586031319465,682.6627344152334,1838132.00632077,0,0
2026-01-04 11:05:29.790495,1000057.5470922838,913479.3718804172,666.705031394856,608.9862479202782,1913536.918972701,0,0
2026-01-04 11:05:30.790495,722469.3761786475,1333169.4950345543,481.646250785765,888.7796633563695,2055638.8712132017,0,0
2026-01-04 11:05:31.790495,550352.3048309879,921801.0286903771,366.90153655399195,614.5340191269181,1472153.3335213652,0,0
2026-01-04 11:05:32.790495,606547.1533850182,944043.8920897765,404.3647689233455,629.3625947265176,1550591.0454747947,0,0
2026-01-04 11:05:33.790495,1032490.5823305503,779701.8263016182,688.3270548870336,519.8012175344122,1812192.4086321685,0,0
2026-01-04 11:05:34.790495,650997.8152464455,1483255.3159640606,433.9985434976303,988.8368773093738,2134253.131210506,0,0
2026-01-04 11:05:35.790495,771853.1766945705,918572.903208566,514.568784463047,612.3819354723773,1690426.0799031365,0,0
2026-01-04 11:05:36.790495,431226.00347731134,525724.0341183285,287.48400231820756,350.482689412219,956950.0375956398,0,0
2026-01-04 11:05:37.790495,5150033.7741088,4815242.637657068,785.0943625628485,734.0572926341666,9965276.411765868,0,0
2026-01-04 11:05:38.790495,732403.794607732,930828.066242758,488.2691964051547,620.5520441618386,1663231.86085049,0,0
2026-01-04 11:05:39.790495,860499.2769315746,998483.2970508502,573.6661846210498,665.6555313672335,1858982.5739824248,0,0
2026-01-04 11:05:40.790495,3700372.6974106245,1614043.3837037284,787.6574750071395,343.56359213483375,5314416.081114353,0,0
2026-01-04 11:05:41.790495,999277.2142065737,862056.6087052004,666.1848094710491,574.7044058034669,1861333.822911774,0,0
2026-01-04 11:05:42.790495,1004015.8126918336,1057903.7970878447,669.3438751278891,705.2691980585631,2061919.6097796783,0,0
2026-01-04 11:05:43.790495,1099724.597896785,674412.2405042973,733.14973193119,449.6081603361982,1774136.8384010822,0,0
2026-01-04 11:05:44.790495,727048.7063134618,1156046.400892565,484.6991375423078,770.6976005950434,1883095.1072060268,0,0
2026-01-04 11:05:45.790495,1120366.7881859946,676501.9599009274,746.9111921239964,451.00130660061825,1796868.7480869219,0,0
2026-01-04 11:05:46.790495,1178756.0013323647,528604.5341553715,785.8373342215765,352.4030227702477,1707360.5354877363,0,0
2026-01-04 11:05:47.790495,934687.2040765416,873432.9207879324,623.1248027176944,582.2886138586216,1808120.124864474,0,0
2026-01-04 11:05:48.790495,801459.503442598,1090404.6640829665,534.3063356283986,726.9364427219776,1891864.1675255646,0,0
2026-01-04 11:05:49.790495,887396.4346431978,1140044.139060734,591.5976230954652,760.0294260404894,2027440.5737039319,0,0
2026-01-04 11:05:50.790495,1370783.2290850235,650661.6239251147,913.8554860566824,433.7744159500765,2021444.8530101383,0,0
2026-01-04 11:05:51.790495,749479.6392730068,1321621.447971309,499.65309284867124,881.0809653142061,2071101.0872443158,0,0
2026-01-04 11:05:52.790495,967786.6188563084,507531.08074763336,645.1910792375389,338.35405383175555,1475317.6996039418,0,0
2026-01-04 11:05:53.790495,569710.4356646992,1077078.902120659,379.80695710979944,718.0526014137725,1646789.337785358,0,0
2026-01-04 11:05:54.790495,1269977.8750266072,689499.0243549669,846.6519166844048,459.6660162366446,1959476.8993815742,0,0
2026-01-04 11:05:55.790495,909810.3406270958,753439.8308881911,606.5402270847305,502.2932205921274,1663250.171515287,0,0
2026-01-04 11:05:56.790495,807665.5833308182,1273338.8674778552,538.4437222205455,848.8925783185701,2081004.4508086736,0,0
2026-01-04 11:05:57.790495,615379.6504635012,596325.9251828073,410.25310030900084,397.55061678853815,1211705.5756463085,0,0
2026-01-04 11:05:58.790495,641836.8325392228,1348790.6063156023,427.8912216928152,899.1937375437349,1990627.438854825,0,0
2026-01-04 11:05:59.790495,694755.7251432965,377020.80581868876,463.1704834288644,251.34720387912586,1071776.5309619852,0,0
2026-01-04 11:06:00.790495,907244.6246909463,619707.0420811846,604.8297497939642,413.138028054123,1526951.6667721309,0,0
2026-01-04 11:06:01.790495,1023689.7357433798,767015.6716311633,682.4598238289199,511.3437810874422,1790705.4073745431,0,0
2026-01-04 11:06:02.790495,1179406.0314091973,767433.6033148052,786.2706876061314,511.62240220987013,1946839.6347240023,0,0
2026-01-04 11:06:03.790495,758142.9641948065,562893.7689350902,505.4286427965377,375.26251262339343,1321036.7331298967,0,0
2026-01-04 11:06:04.790495,580459.4083910781,924056.1140523237,386.9729389273854,616.0374093682158,1504515.5224434019,0,0
2026-01-04 11:06:05.790495,614951.721611288,602437.540881165,409.96781440752534,401.62502725410997,1217389.262492453,0,0
2026-01-04 11:06:06.790495,584756.5202374648,1150540.5418942377,389.83768015830987,767.0270279294919,1735297.0621317027,0,0
2026-01-04 11:06:07.790495,784333.1105279817,792202.2373186195,522.8887403519877,528.1348248790797,1576535.3478466012,0,0
2026-01-04 11:06:08.790495,667700.0174939239,1163699.642349255,445.13334499594924,775.79976156617,1831399.659843179,0,0
2026-01-04 11:06:09.790495,964506.629853336,1162752.8106025734,643.0044199022241,775.1685404017156,2127259.4404559094,0,0
2026-01-04 11:06:10.790495,425919.4342389294,873947.3519567043,283.9462894926196,582.6315679711362,1299866.7861956337,0,0
2026-01-04 11:06:11.790495,1105199.4558799807,810481.3909004827,736.7996372533205,540.3209272669884,1915680.8467804634,0,0
2026-01-04 11:06:12.790495,856991.0152951159,497395.34233126434,571.3273435300772,331.59689488750956,1354386.3576263802,0,0
2026-01-04 11:06:13.790495,684576.4178245034,466106.1313247126,456.3842785496689,310.73742088314174,1150682.549149216,0,0
2026-01-04 11:06:14.790495,488573.321575518,568874.5322040292,325.715547717012,379.2496881360194,1057447.8537795471,0,0
2026-01-04 11:06:15.790495,880391.3262653274,558775.236175209,586.9275508435516,372.51682411680605,1439166.5624405365,0,0
2026-01-04 11:06:16.790495,390219.0609753837,707621.4015826815,260.14604065025577,471.747601055121,1097840.462558065,0,0
2026-01-04 11:06:17.790495,460826.7582594911,704266.2405738293,307.21783883966077,469.51082704921953,1165092.9988333203,0,0
2026-01-04 11:06:18.790495,533591.1310254234,676559.5232173352,355.7274206836156,451.03968214489015,1210150.6542427586,0,0
2026-01-04 11:06:19.790495,811403.7367803343,800460.9175538379,540.9358245202228,533.6406117025585,1611864.6543341721,0,0
2026-01-04 11:06:20.790495,322060.78714652633,647182.5590123349,214.70719143101755,431.4550393415566,969243.3461588612,0,0
2026-01-04 11:06:21.790495,546374.5809527894,785108.9100641739,364.24972063519294,523.4059400427826,1331483.4910169633,0,0
2026-01-04 11:06:22.790495,715747.9742813311,564626.0053489539,477.165316187554,376.4173368993026,1280373.979630285,0,0
2026-01-04 11:06:23.790495,594791.480906569,871417.9399127287,396.5276539377127,580.9452932751525,1466209.420819298,0,0
2026-01-04 11:06:24.790495,811355.3731336225,773670.6905690496,540.9035820890816,515.7804603793663,1585026.063702672,0,0
2026-01-04 11:06:25.790495,2975351.8472286994,5319851.076933774,433.179441471988,774.5134816128506,8295202.924162474,0,0
2026-01-04 11:06:26.790495,666913.0103337633,332588.96509436506,444.6086735558422,221.7259767295767,999501.9754281284,0,0
2026-01-04 11:06:27.790495,738213.9091727816,714355.6910085509,492.14260611518773,476.237127339034,1452569.6001813326,0,0
2026-01-04 11:06:28.790495,869285.7987238967,484875.33578938455,579.5238658159311,323.2502238595897,1354161.1345132813,0,0
2026-01-04 11:06:29.790495,1190402.3691467107,760815.8283439227,793.6015794311405,507.2105522292818,1951218.1974906335,0,0
2026-01-04 11:06:30.790495,816678.7794024439,617765.8537519304,544.4525196016293,411.84390250128695,1434444.6331543743,0,0
2026-01-04 11:06:31.790495,1062963.0485168318,939678.2424886547,708.6420323445545,626.4521616591031,2002641.2910054864,0,0
2026-01-04 11:06:32.790495,603771.0767421435,298930.58706730785,402.514051161429,199.28705804487188,902701.6638094514,0,0
2026-01-04 11:06:33.790495,1114271.08179475,749865.03096456,742.8473878631667,499.91002064304,1864136.1127593098,0,0
2026-01-04 11:06:34.790495,558735.0785818191,727775.3511646751,372.49005238787936,485.1835674431167,1286510.4297464942,0,0
2026-01-04 11:06:35.790495,709531.0450795655,1158609.1686326785,473.0206967197103,772.4061124217857,1868140.213712244,0,0
2026-01-04 11:06:36.790495,762865.0379853826,1224558.3584397733,508.5766919902551,816.3722389598489,1987423.3964251562,0,0
2026-01-04 11:06:37.790495,759647.7696302803,1046938.4026318721,506.4318464201869,697.9589350879147,1806586.1722621524,0,0
2026-01-04 11:06:38.790495,733596.1505605759,1637099.0530122505,489.0641003737173,1091.3993686748336,2370695.2035728265,0,0
2026-01-04 11:06:39.790495,505135.8124569618,443728.9703777382,336.7572083046412,295.8193135851588,948864.7828347,0,0
2026-01-04 11:06:40.790495,1912354.5849209,4303128.119505745,315.44038249634525,709.7953437352811,6215482.704426645,0,0
2026-01-04 11:06:41.790495,1373497.7877747824,655890.9775244877,915.665191849855,437.26065168299175,2029388.7652992702,0,0
2026-01-04 11:06:42.790495,901323.3039997432,1006560.5782653454,600.8822026664955,671.0403855102303,1907883.8822650886,0,0
2026-01-04 11:06:43.790495,392832.07628714555,643657.7706526354,261.888050858097,429.10518043509023,1036489.846939781,0,0
2026-01-04 11:06:44.790495,832523.407084769,968669.4805053208,555.0156047231793,645.7796536702139,1801192.8875900898,0,0
2026-01-04 11:06:45.790495,1275045.5205081147,857110.4049790975,850.0303470054098,571.4069366527317,2132155.9254872124,0,0
2026-01-04 11:06:46.790495,3511334.9592177663,4415238.608668039,500.7594764821939,629.6672347981078,7926573.567885805,0,0
2026-01-04 11:06:47.790495,759664.2623585821,1585429.8757478455,506.4428415723881,1056.9532504985636,2345094.1381064276,0,0
2026-01-04 11:06:48.790495,730349.5223074459,1103511.597597021,486.8996815382973,735.674398398014,1833861.119904467,0,0
2026-01-04 11:06:49.790495,1068984.5054136545,903009.1413213835,712.6563369424364,602.0060942142557,1971993.6467350381,0,0
2026-01-04 11:06:50.790495,896967.0924485433,472381.04428231274,597.9780616323621,314.92069618820847,1369348.136730856,0,0
2026-01-04 11:06:51.790495,4001864.6776462654,4117701.3352786293,729.9741003498573,751.1036903669923,8119566.012924895,0,0
2026-01-04 11:06:52.790495,1164799.9504404084,1244358.2470421742,776.5333002936056,829.5721646947828,2409158.1974825826,0,0
2026-01-04 11:06:53.790495,1244801.7389780493,607931.3484465245,829.8678259853662,405.2875656310163,1852733.0874245737,0,0
2026-01-04 11:06:54.790495,562223.4421209602,1032105.3509024543,374.8156280806401,688.0702339349696,1594328.7930234144,0,0
2026-01-04 11:06:55.790495,921822.4480032729,1290310.4334179433,614.5482986688486,860.2069556119623,2212132.8814212163,0,0
2026-01-04 11:06:56.790495,1052583.6924183045,596684.7609412799,701.722461612203,397.78984062751994,1649268.4533595843,0,0
2026-01-04 11:06:57.790495,569595.2963144629,1093874.9680365985,379.73019754297525,729.2499786910657,1663470.2643510613,0,0
2026-01-04 11:06:58.790495,1089757.0085308258,694274.3430048106,726.5046723538838,462.8495620032071,1784031.3515356365,0,0
2026-01-04 11:06:59.790495,731206.5108403487,1100607.4801246622,487.47100722689913,733.7383200831081,1831813.9909650108,0,0
2026-01-04 11:07:00.790495,1051001.3085494882,950380.6375745751,700.6675390329922,633.5870917163834,2001381.9461240633,0,0
2026-01-04 11:07:01.790495,888785.2166394996,1045805.2218601997,592.5234777596664,697.2034812401331,1934590.4384996993,0,0
2026-01-04 11:07:02.790495,956203.9504581916,462952.8037314923,637.469300305461,308.63520248766156,1419156.7541896838,0,0
2026-01-04 11:07:03.790495,745414.1097645108,725991.9591042835,496.9427398430072,483.9946394028556,1471406.0688687942,0,0
2026-01-04 11:07:04.790495,694394.4932586652,424225.28800729,462.92966217244344,282.81685867152663,1118619.7812659552,0,0
2026-01-04 11:07:05.790495,727399.6642278356,699888.7725398769,484.9331094852237,466.5925150265846,1427288.4367677125,0,0
2026-01-04 11:07:06.790495,815920.6248004092,510936.7067765086,543.9470832002728,340.6244711843391,1326857.3315769178,0,0
2026-01-04 11:07:07.790495,772980.9489140208,876661.3940542208,515.3206326093472,584.4409293694805,1649642.3429682415,0,0
2026-01-04 11:07:08.790495,415997.14389893285,577750.3306925466,277.33142926595525,385.16688712836435,993747.4745914794,0,0
2026-01-04 11:07:09.790495,982057.8305279972,490215.29290970525,654.7052203519982,326.81019527313686,1472273.1234377024,0,0
2026-01-04 11:07:10.790495,407639.99764471565,879343.4864326798,271.7599984298104,586.2289909551199,1286983.4840773954,0,0
2026-01-04 11:07:11.790495,691827.2722199387,921714.4220074788,461.2181814799591,614.4762813383192,1613541.6942274175,0,0
2026-01-04 11:07:12.790495,861294.0232474821,652123.1719616723,574.1960154983215,434.7487813077815,1513417.1952091544,0,0
2026-01-04 11:07:13.790495,567241.2666502965,1134458.0256593006,378.160844433531,756.3053504395338,1701699.2923095971,0,0
2026-01-04 11:07:14.790495,600541.9616187924,1254612.6862089185,400.3613077458616,836.4084574726123,1855154.647827711,0,0
2026-01-04 11:07:15.790495,624249.7257361794,809014.7701044291,416.1664838241196,539.3431800696194,1433264.4958406084,0,0
2026-01-04 11:07:16.790495,581332.2524815113,857672.0593408142,387.5548349876742,571.7813728938762,1439004.3118223255,0,0
2026-01-04 11:07:17.790495,860787.5839108411,805864.3635908075,573.8583892738941,537.2429090605384,1666651.9475016487,0,1
2026-01-04 11:07:18.790495,356150.0577286613,769582.6607925205,237.43337181910752,513.0551071950136,1125732.7185211817,0,0
2026-01-04 11:07:19.790495,541762.2735700624,939169.3318902099,361.17484904670823,626.1128879268066,1480931.6054602724,0,0
2026-01-04 11:07:20.790495,406652.00622812915,851848.8931671644,271.10133748541944,567.8992621114429,1258500.8993952936,0,0
2026-01-04 11:07:21.790495,486594.375196057,1123543.4756266146,324.3962501307047,749.0289837510765,1610137.8508226718,0,0
2026-01-04 11:07:22.790495,700902.0262356492,845383.8759367265,467.26801749043284,563.5892506244843,1546285.9021723757,0,0
2026-01-04 11:07:23.790495,454436.2597432309,568414.0918603142,302.9575064954873,378.94272790687614,1022850.3516035452,0,0
2026-01-04 11:07:24.790495,396339.9830870672,607130.072489063,264.22665539137813,404.75338165937535,1003470.0555761303,0,0
2026-01-04 11:07:25.790495,641744.3329200482,371628.5069797283,427.8295552800321,247.75233798648551,1013372.8398997765,0,0
2026-01-04 11:07:26.790495,869049.8540372517,579910.9345883065,579.3665693581678,386.60728972553767,1448960.7886255581,0,0
2026-01-04 11:07:27.790495,662886.7552231746,919759.1552179677,441.9245034821164,613.1727701453118,1582645.9104411423,0,0
2026-01-04 11:07:28.790495,640836.920589522,1255635.5404852983,427.22461372634797,837.0903603235322,1896472.4610748203,0,0
2026-01-04 11:07:29.790495,819710.061516008,1126779.5329332787,546.4733743440054,751.1863552888525,1946489.5944492868,0,0
2026-01-04 11:07:30.790495,770249.3150779475,480422.1896494336,513.4995433852984,320.28145976628906,1250671.504727381,0,0
2026-01-04 11:07:31.790495,732716.4227612,1310358.3661627532,488.47761517413335,873.5722441085021,2043074.7889239532,0,0
2026-01-04 11:07:32.790495,812823.357086846,938831.0011376734,541.8822380578973,625.8873340917822,1751654.3582245195,0,0
2026-01-04 11:07:33.790495,686130.8792901643,1214317.344790302,457.4205861934429,809.544896526868,1900448.2240804664,0,0
2026-01-04 11:07:34.790495,1064159.365878911,1019070.3585335105,709.4395772526074,679.3802390223403,2083229.7244124215,0,0
2026-01-04 11:07:35.790495,773069.6903321069,969206.6946743343,515.379793554738,646.1377964495562,1742276.3850064413,0,0
2026-01-04 11:07:36.790495,1061379.42154943,1151738.5129148264,707.5862810329533,767.8256752765509,2213117.9344642563,0,0
2026-01-04 11:07:37.790495,818958.7024685992,1136009.4372904527,545.9724683123994,757.3396248603018,1954968.1397590516,0,0
2026-01-04 11:07:38.790495,4537548.150390554,2121483.776009289,663.260972990549,310.10081806811763,6659031.926399844,0,0
2026-01-04 11:07:39.790495,854749.5322862188,1261643.0867216047,569.8330215241459,841.0953911477364,2116392.6190078235,0,0
2026-01-04 11:07:40.790495,1488111.2747339844,821479.1144953138,992.0741831559895,547.6527429968759,2309590.389229298,0,0
2026-01-04 11:07:41.790495,1301453.542710231,792798.1873538049,867.635695140154,528.5321249025367,2094251.7300640359,0,0
2026-01-04 11:07:42.790495,612015.7451683439,463981.8164087578,408.0104967788959,309.32121093917186,1075997.5615771017,0,0
2026-01-04 11:07:43.790495,3182768.6531620803,1677157.3099779752,678.4256855082214,357.4958539938182,4859925.963140056,0,0
2026-01-04 11:07:44.790495,1049791.850399843,532543.9131309278,699.8612335998953,355.02927542061855,1582335.7635307708,0,0
2026-01-04 11:07:45.790495,697348.2339217399,1076879.9229400433,464.8988226144932,717.9199486266955,1774228.156861783,0,0
2026-01-04 11:07:46.790495,1196718.7251036474,596929.3486998994,797.8124834024317,397.95289913326627,1793648.0738035468,0,0
2026-01-04 11:07:47.790495,1239409.007110114,748106.3073244991,826.2726714067427,498.7375382163327,1987515.314434613,0,0
2026-01-04 11:07:48.790495,1042166.6719442575,948096.9133863925,694.7777812961716,632.0646089242617,1990263.58533065,0,0
2026-01-04 11:07:49.790495,637149.1558520634,802279.8824622968,424.76610390137563,534.8532549748645,1439429.0383143602,0,0
2026-01-04 11:07:50.790495,870897.7820116665,751321.574107329,580.598521341111,500.881049404886,1622219.3561189955,0,0
2026-01-04 11:07:51.790495,748379.446026717,830220.2477167115,498.91963068447797,553.4801651444743,1578599.6937434284,0,0
2026-01-04 11:07:52.790495,1560689.678252332,770741.9676838596,1040.4597855015545,513.8279784559064,2331431.6459361915,0,0
2026-01-04 11:07:53.790495,1245105.6797785938,650885.9482156548,830.0704531857292,433.9239654771032,1895991.6279942486,0,0
2026-01-04 11:07:54.790495,687632.9219675361,1492190.7397166204,458.4219479783574,994.793826477747,2179823.6616841564,0,0
2026-01-04 11:07:55.790495,714267.2911635849,1061653.2812205008,476.1781941090566,707.7688541470005,1775920.5723840857,0,0
2026-01-04 11:07:56.790495,4263421.260753896,2784857.40874749,745.6510787265757,487.05764782086567,7048278.669501387,0,0
2026-01-04 11:07:57.790495,1289878.121489517,739834.6699900072,859.9187476596779,493.22311332667147,2029712.791479524,0,0
2026-01-04 11:07:58.790495,706124.1568237479,1351840.7312363952,470.7494378824986,901.2271541575968,2057964.888060143,0,0
2026-01-04 11:07:59.790495,469011.57321489404,1032463.856627008,312.6743821432627,688.3092377513386,1501475.429841902,0,0
2026-01-04 11:08:00.790495,931321.9142305641,589615.5994589352,620.8812761537095,393.0770663059568,1520937.5136894993,0,0
2026-01-04 11:08:01.790495,793054.4266466192,1158946.733889416,528.7029510977461,772.6311559262774,1952001.1605360354,0,0
2026-01-04 11:08:02.790495,1063191.396210896,477068.0306884468,708.7942641405974,318.0453537922979,1540259.4268993428,0,0
2026-01-04 11:08:03.790495,520431.02805485664,849685.4396435285,346.95401870323775,566.4569597623523,1370116.4676983852,0,0
2026-01-04 11:08:04.790495,706747.9003987459,1232914.763773951,471.1652669324973,821.9431758493007,1939662.664172697,0,0
2026-01-04 11:08:05.790495,1174239.3460329645,504544.79819675814,782.826230688643,336.3631987978388,1678784.1442297227,0,0
2026-01-04 11:08:06.790495,1159382.402492213,746735.3177188898,772.9216016614754,497.8235451459265,1906117.7202111029,0,0
2026-01-04 11:08:07.790495,695680.4102945685,472844.8739579235,463.786940196379,315.229915971949,1168525.284252492,0,0
2026-01-04 11:08:08.790495,325963.9662558157,589131.4276483955,217.30931083721046,392.7542850989304,915095.3939042112,0,0
2026-01-04 11:08:09.790495,760933.039600234,867544.1295071219,507.2886930668227,578.3627530047479,1628477.1691073559,0,0
2026-01-04 11:08:10.790495,885195.1584955341,823762.652989712,590.1301056636894,549.1751019931413,1708957.811485246,0,0
2026-01-04 11:08:11.790495,866860.9187065272,491707.13331931457,577.9072791376848,327.8047555462097,1358568.0520258418,0,0
2026-01-04 11:08:12.790495,606980.682078914,1224081.3119464067,404.65378805260934,816.0542079642712,1831061.9940253205,0,0
2026-01-04 11:08:13.790495,785930.560806292,722801.9023669843,523.9537072041946,481.86793491132283,1508732.4631732763,0,0
2026-01-04 11:08:14.790495,2483090.108182616,2324015.483255463,466.1117353369841,436.25113977158867,4807105.591438079,0,1
2026-01-04 11:08:15.790495,1086342.2367690227,541402.0744522731,724.228157846015,360.9347163015154,1627744.3112212957,0,0
2026-01-04 11:08:16.790495,545683.4163026977,686596.6374838839,363.7889442017985,457.73109165592257,1232280.0537865816,0,0
2026-01-04 11:08:17.790495,764697.6413496523,354301.1839776354,509.7984275664349,236.2007893184236,1118998.8253272877,0,1
2026-01-04 11:08:18.790495,849610.9924985615,1290540.1925299747,566.4073283323744,860.3601283533164,2140151.1850285362,0,0
2026-01-04 11:08:19.790495,534706.1158298533,751469.0723045588,356.47074388656887,500.97938153637256,1286175.188134412,0,0
2026-01-04 11:08:20.790495,1000031.949438834,1146121.999212804,666.687966292556,764.081332808536,2146153.948651638,0,0
2026-01-04 11:08:21.790495,1007646.3594644798,526691.4764623337,671.7642396429866,351.12765097488915,1534337.8359268135,0,0
2026-01-04 11:08:22.790495,844164.4100718121,708221.6613163201,562.7762733812081,472.1477742108801,1552386.0713881322,0,0
2026-01-04 11:08:23.790495,789967.5080821839,439127.3689420781,526.6450053881226,292.75157929471874,1229094.877024262,0,0
2026-01-04 11:08:24.790495,364579.52200310957,643043.3762894608,243.0530146687397,428.69558419297385,1007622.8982925704,0,0
2026-01-04 11:08:25.790495,755349.7198167697,483524.2387987492,503.56647987784646,322.3494925324995,1238873.9586155189,0,0
2026-01-04 11:08:26.790495,646713.2457128934,978375.1924052808,431.1421638085956,652.2501282701871,1625088.4381181742,0,0
2026-01-04 11:08:27.790495,522401.33455750847,600704.1854399513,348.2675563716723,400.4694569599675,1123105.5199974596,0,0
2026-01-04 11:08:28.790495,1018649.7232796933,538483.005943718,679.0998155197955,358.98867062914536,1557132.7292234113,0,0
2026-01-04 11:08:29.790495,579630.2474202807,1085976.6149196764,386.4201649468538,723.9844099464509,1665606.8623399572,0,0
2026-01-04 11:08:30.790495,695804.1471680392,1432547.9083513652,463.8694314453595,955.0319389009102,2128352.0555194044,0,0
2026-01-04 11:08:31.790495,563429.2280408321,1202165.0343479966,375.61948536055473,801.4433562319978,1765594.2623888287,0,0
2026-01-04 11:08:32.790495,1053386.500091571,489395.41585167695,702.257666727714,326.2636105677846,1542781.915943248,0,0
2026-01-04 11:08:33.790495,780411.3751663545,533035.7572418149,520.2742501109029,355.35717149454325,1313447.1324081693,0,0
2026-01-04 11:08:34.790495,1104236.9845599122,944341.8748203582,736.1579897066082,629.5612498802388,2048578.8593802706,0,0
2026-01-04 11:08:35.790495,604946.8899976751,693999.1022046804,403.29792666511673,462.66606813645365,1298945.9922023555,0,0
2026-01-04 11:08:36.790495,1103235.6022856566,701099.9920627414,735.4904015237711,467.39999470849426,1804335.594348398,0,0
2026-01-04 11:08:37.790495,921091.063759559,456869.13554017147,614.0607091730393,304.57942369344767,1377960.1992997304,0,0
2026-01-04 11:08:38.790495,903090.455960166,1226652.419583461,602.060303973444,817.7682797223074,2129742.875543627,0,0
2026-01-04 11:08:39.790495,739000.5121576769,781342.6266676561,492.66700810511793,520.8950844451041,1520343.138825333,0,0
2026-01-04 11:08:40.790495,848429.7000485347,1445331.9858779004,565.6198000323565,963.5546572519336,2293761.685926435,0,0
2026-01-04 11:08:41.790495,3500958.379931458,3648968.9213740174,513.3270875126956,535.0290936249115,7149927.301305475,0,0
2026-01-04 11:08:42.790495,1044948.1046750464,581424.0412521332,696.6320697833643,387.61602750142214,1626372.1459271796,0,0
2026-01-04 11:08:43.790495,595076.8379253364,1315594.355677201,396.71789195022427,877.0629037848006,1910671.1936025373,0,0
2026-01-04 11:08:44.790495,1260468.0992353759,626545.9777385348,840.3120661569172,417.69731849235654,1887014.0769739107,0,0
2026-01-04 11:08:45.790495,867844.4804034907,1427056.9789820483,578.5629869356604,951.3713193213656,2294901.459385539,0,0
2026-01-04 11:08:46.790495,678814.0575054046,1178780.8937964216,452.54270500360303,785.8539291976144,1857594.9513018262,0,0
2026-01-04 11:08:47.790495,870432.8591937297,884011.6048113089,580.2885727958198,589.3410698742059,1754444.4640050386,0,0
2026-01-04 11:08:48.790495,908909.9398359219,818992.1269014056,605.9399598906145,545.9947512676038,1727902.0667373275,0,0
2026-01-04 11:08:49.790495,1160443.8360479916,1087699.0752574862,773.6292240319945,725.1327168383241,2248142.911305478,0,0
2026-01-04 11:08:50.790495,967403.136245721,1242010.2732721763,644.935424163814,828.0068488481176,2209413.4095178973,0,0
2026-01-04 11:08:51.790495,754386.3090597198,1198278.379311732,502.9242060398132,798.852252874488,1952664.6883714518,0,0
2026-01-04 11:08:52.790495,1001573.6044603495,574559.6030074211,667.7157363068997,383.03973533828076,1576133.2074677707,0,0
2026-01-04 11:08:53.790495,873470.7054294804,665453.8042763795,582.3138036196536,443.63586951758634,1538924.50970586,0,0
2026-01-04 11:08:54.790495,1240473.7550185577,821323.4198275445,826.9825033457051,547.5489465516963,2061797.1748461023,0,0
2026-01-04 11:08:55.790495,793264.7371143925,851164.6521580387,528.8431580762616,567.4431014386925,1644429.3892724311,0,0
2026-01-04 11:08:56.790495,1150140.5800814177,596352.1478811159,766.7603867209451,397.5680985874106,1746492.7279625335,0,0
2026-01-04 11:08:57.790495,483740.3256241976,1099929.0941112705,322.4935504161317,733.286062740847,1583669.419735468,0,0
2026-01-04 11:08:58.790495,708411.6322222739,1514965.6879869252,472.2744214815159,1009.9771253246168,2223377.320209199,0,0
2026-01-04 11:08:59.790495,356254.2754084178,730553.6172785562,237.50285027227852,487.03574485237084,1086807.892686974,0,0
2026-01-04 11:09:00.790495,1070982.5235023594,655545.4195119765,713.9883490015729,437.030279674651,1726527.943014336,0,0
2026-01-04 11:09:01.790495,947719.8063938651,1248286.3964481344,631.8132042625767,832.1909309654229,2196006.2028419995,0,0
2026-01-04 11:09:02.790495,442977.4162401289,975536.9490392975,295.31827749341926,650.3579660261984,1418514.3652794263,0,0
2026-01-04 11:09:03.790495,867191.7075995121,459398.79119513603,578.1278050663414,306.26586079675735,1326590.498794648,0,0
2026-01-04 11:09:04.790495,486511.1452519081,859332.9723865374,324.3407635012721,572.8886482576916,1345844.1176384455,0,0
2026-01-04 11:09:05.790495,432447.62885433406,986531.1877516969,288.2984192362227,657.6874585011312,1418978.816606031,0,0
2026-01-04 11:09:06.790495,2537659.305353373,2155690.2141446625,558.1697784739566,474.15392868115885,4693349.519498035,0,0
2026-01-04 11:09:07.790495,475736.06476033624,633836.1253163649,317.15737650689084,422.5574168775766,1109572.190076701,0,0
2026-01-04 11:09:08.790495,563409.5148803489,810703.910348929,375.60634325356597,540.4692735659527,1374113.425229278,0,0
2026-01-04 11:09:09.790495,542263.5695857427,801416.2037476364,361.5090463904951,534.2774691650909,1343679.773333379,0,0
2026-01-04 11:09:10.790495,713891.5216476251,347622.0240950599,475.92768109841677,231.74801606337326,1061513.545742685,0,0
2026-01-04 11:09:11.790495,911478.3695086583,564571.226263778,607.6522463391055,376.38081750918536,1476049.5957724364,0,0
2026-01-04 11:09:12.790495,664044.254549912,1321334.4021471567,442.6961696999413,880.8896014314378,1985378.6566970686,0,0
2026-01-04 11:09:13.790495,751395.3141489807,348730.7481866177,500.9302094326538,232.48716545774514,1100126.0623355983,0,0
2026-01-04 11:09:14.790495,640008.5279096183,456653.869223604,426.67235193974557,304.435912815736,1096662.3971332223,0,0
2026-01-04 11:09:15.790495,614500.0274597845,826327.4589991955,409.66668497318966,550.8849726661304,1440827.48645898,0,0
2026-01-04 11:09:16.790495,661444.8526310031,912921.715634029,440.9632350873354,608.6144770893527,1574366.5682650323,0,0
2026-01-04 11:09:17.790495,455070.0536027776,769801.762012768,303.38003573518506,513.2011746751787,1224871.8156155455,0,0
2026-01-04 11:09:18.790495,658131.6057164996,1052425.7918833192,438.75440381099975,701.6171945888794,1710557.3975998189,0,0
2026-01-04 11:09:19.790495,413309.73190387985,604482.7158417546,275.53982126925325,402.98847722783637,1017792.4477456344,0,0
2026-01-04 11:09:20.790495,694996.0032237518,932445.1052901415,463.33066881583454,621.6300701934277,1627441.1085138933,0,0
2026-01-04 11:09:21.790495,562911.8435345973,371932.75066038227,375.27456235639823,247.95516710692152,934844.5941949796,0,0
2026-01-04 11:09:22.790495,427099.28442025714,466268.4295622892,284.7328562801714,310.8456197081928,893367.7139825464,0,0
2026-01-04 11:09:23.790495,744159.3689801504,676359.6038563058,496.10624598676696,450.90640257087057,1420518.9728364563,0,0
2026-01-04 11:09:24.790495,849807.1927980145,722039.8896636686,566.5381285320096,481.3599264424457,1571847.082461683,0,0
2026-01-04 11:09:25.790495,1342331.5597382502,768079.9056126137,894.8877064921668,512.053270408409,2110411.465350864,0,0
2026-01-04 11:09:26.790495,558934.4002224548,1110355.1384148984,372.62293348163655,740.2367589432656,1669289.5386373533,0,0
2026-01-04 11:09:27.790495,759418.4681014968,561047.6252062141,506.2789787343312,374.0317501374761,1320466.093307711,0,0
2026-01-04 11:09:28.790495,681841.1082256978,552222.863866853,454.56073881713183,368.1485759112353,1234063.9720925507,0,0
2026-01-04 11:09:29.790495,784067.7150554514,838691.4049923144,522.7118100369676,559.1276033282096,1622759.1200477658,0,0
2026-01-04 11:09:30.790495,844112.7268658093,939540.2566748731,562.7418179105396,626.360171116582,1783652.9835406824,0,0
2026-01-04 11:09:31.790495,556525.7848762895,1201748.9626169037,371.01718991752637,801.1659750779359,1758274.7474931933,0,0
2026-01-04 11:09:32.790495,627109.208353191,1355642.9639698057,418.072805568794,903.7619759798705,1982752.1723229967,0,0
2026-01-04 11:09:33.790495,943142.1988061763,769755.709475696,628.7614658707843,513.1704729837974,1712897.9082818723,0,0
2026-01-04 11:09:34.790495,3095046.655105913,2585348.0224206,494.67144216616174,413.20793424629915,5680394.677526513,0,0
2026-01-04 11:09:35.790495,518745.9723387939,731145.3224242228,345.8306482258626,487.43021494948187,1249891.2947630167,0,0
2026-01-04 11:09:36.790495,704901.2571248715,1330446.654611373,469.93417141658097,886.9644364075821,2035347.9117362446,0,0
2026-01-04 11:09:37.790495,3218171.905693095,2951884.834357937,656.341093378825,602.0322644304465,6170056.740051032,0,0
2026-01-04 11:09:38.790495,1082648.452606347,800990.8489591548,721.7656350708979,533.9938993061032,1883639.3015655018,0,0
2026-01-04 11:09:39.790495,672369.3401816416,1179147.787286376,448.2462267877611,786.098524857584,1851517.1274680179,0,0
2026-01-04 11:09:40.790495,1075428.5709247445,1150433.7238397137,716.9523806164963,766.9558158931425,2225862.294764458,0,0
2026-01-04 11:09:41.790495,595766.1223939728,1281430.9915461736,397.1774149293152,854.2873276974491,1877197.1139401463,0,0
2026-01-04 11:09:42.790495,719509.7700201911,706098.4765533865,479.67318001346075,470.7323177022577,1425608.2465735776,0,0
2026-01-04 11:09:43.790495,1054768.655159702,937133.0405367787,703.1791034398013,624.7553603578525,1991901.6956964808,0,0
2026-01-04 11:09:44.790495,672040.6658807857,1045299.2390174938,448.02711058719046,696.8661593449958,1717339.9048982796,0,0
2026-01-04 11:09:45.790495,756421.0132452439,882370.0151291958,504.2806754968293,588.2466767527972,1638791.0283744396,0,0
2026-01-04 11:09:46.790495,584937.5711219052,883707.2173394663,389.9583807479368,589.1381448929776,1468644.7884613716,0,0
2026-01-04 11:09:47.790495,960621.8973858001,754631.912273195,640.4145982572,503.08794151546334,1715253.8096589951,0,0
2026-01-04 11:09:48.790495,3809611.487279454,2293407.6331671285,743.7113589834252,447.7184388121751,6103019.120446582,0,0
2026-01-04 11:09:49.790495,708911.4285597216,1290755.294700339,472.6076190398144,860.503529800226,1999666.7232600607,0,0
2026-01-04 11:09:50.790495,775385.2229713637,986795.1997218862,516.9234819809092,657.8634664812574,1762180.4226932498,0,0
2026-01-04 11:09:51.790495,1187172.1274091848,553349.8680913849,791.4480849394565,368.89991206092327,1740521.9955005697,0,0
2026-01-04 11:09:52.790495,652272.7063701061,1121827.9444955995,434.84847091340407,747.8852963303997,1774100.6508657055,0,0
2026-01-04 11:09:53.790495,761964.4176661898,1450029.8447127433,507.97627844412654,966.6865631418289,2211994.2623789334,0,0
2026-01-04 11:09:54.790495,951436.9638179529,614659.9259446496,634.2913092119686,409.77328396309974,1566096.8897626025,0,0
2026-01-04 11:09:55.790495,1176166.6409583804,881835.7121580837,784.1110939722536,587.8904747720558,2058002.353116464,0,0
2026-01-04 11:09:56.790495,470094.2161926073,1030493.5833244916,313.39614412840484,686.9957222163277,1500587.799517099,0,0
2026-01-04 11:09:57.790495,778201.8731421018,774493.4857764621,518.8012487614012,516.3289905176414,1552695.358918564,0,0
2026-01-04 11:09:58.790495,1030057.149335795,793353.4484615164,686.7047662238633,528.9022989743443,1823410.5977973114,0,0
2026-01-04 11:09:59.790495,389368.7889711891,773593.699419379,259.5791926474594,515.7291329462527,1162962.4883905682,0,0
2026-01-04 11:10:00.790495,2857436.1096095773,3790592.3247331614,545.399608075081,723.5113888738362,6648028.434342738,0,0
2026-01-04 11:10:01.790495,1137721.4267067562,595944.6808814005,758.4809511378375,397.29645392093363,1733666.1075881568,0,0
2026-01-04 11:10:02.790495,1009207.560504108,474340.56834712083,672.805040336072,316.22704556474724,1483548.1288512289,0,0
2026-01-04 11:10:03.790495,2828061.164138617,4928538.746287175,378.16449969556794,659.0375105227242,7756599.910425792,0,0
2026-01-04 11:10:04.790495,1176688.0680786888,1147713.137040651,784.4587120524592,765.1420913604339,2324401.2051193397,0,0
2026-01-04 11:10:05.790495,671575.4374694129,1093145.8461858267,447.7169583129419,728.7638974572178,1764721.2836552395,0,0
2026-01-04 11:10:06.790495,974904.6001385362,735779.81684853,649.9364000923574,490.51987789902,1710684.4169870662,0,0
2026-01-04 11:10:07.790495,607011.6470789112,686909.4808266101,404.6744313859408,457.93965388440677,1293921.1279055213,0,0
2026-01-04 11:10:08.790495,878619.5095322279,814203.3864607732,585.7463396881519,542.8022576405154,1692822.895993001,0,0
2026-01-04 11:10:09.790495,538142.742985333,498488.9511065482,358.76182865688867,332.3259674043655,1036631.6940918812,0,0
2026-01-04 11:10:10.790495,548766.4698194333,350036.3220589148,365.8443132129555,233.35754803927654,898802.7918783481,0,0
2026-01-04 11:10:11.790495,645923.0853683393,399416.95650789846,430.6153902455595,266.2779710052656,1045340.0418762377,0,0
2026-01-04 11:10:12.790495,449872.6252511737,946992.8145802009,299.91508350078243,631.3285430534673,1396865.4398313747,0,0
2026-01-04 11:10:13.790495,768188.0166054163,631389.8583456099,512.1253444036108,420.9265722304066,1399577.8749510262,0,0
2026-01-04 11:10:14.790495,2641406.0496198055,3442347.49362726,409.31994070633374,533.4361493511823,6083753.5432470655,0,0
2026-01-04 11:10:15.790495,541934.1253047219,1108318.2236247694,361.2894168698146,738.8788157498462,1650252.3489294911,0,0
2026-01-04 11:10:16.790495,1156629.947285984,544125.5210887109,771.0866315239892,362.75034739247394,1700755.468374695,0,0
2026-01-04 11:10:17.790495,421505.4783325751,733204.9741060032,281.0036522217167,488.8033160706688,1154710.4524385782,0,0
2026-01-04 11:10:18.790495,1973138.8455455333,1711043.456911693,396.7072258733109,344.0119303679553,3684182.3024572264,0,0
2026-01-04 11:10:19.790495,721228.8428051901,391488.86259649403,480.81922853679345,260.99257506432934,1112717.7054016842,0,0
2026-01-04 11:10:20.790495,687660.6803878448,466529.72382158757,458.4404535918965,311.0198158810584,1154190.4042094324,0,0
2026-01-04 11:10:21.790495,810414.9512814402,636294.0539786201,540.2766341876268,424.19603598574673,1446709.0052600603,0,0
2026-01-04 11:10:22.790495,6372788.401439812,2795474.0599078634,925.0773063596467,405.7924805338848,9168262.461347675,0,0
2026-01-04 11:10:23.790495,458492.2982816236,232000.81446676602,305.66153218774906,154.66720964451068,690493.1127483896,0,0
2026-01-04 11:10:24.790495,1458354.325650604,950498.41361554,972.2362171004027,633.6656090770267,2408852.739266144,0,0
2026-01-04 11:10:25.790495,789084.1089515394,773349.8757135103,526.0560726343596,515.5665838090068,1562433.9846650497,0,0
2026-01-04 11:10:26.790495,705880.6325652999,753475.2920639041,470.5870883768666,502.31686137593607,1459355.924629204,0,0
2026-01-04 11:10:27.790495,620546.1566469404,705984.3244916305,413.69743776462695,470.65621632775367,1326530.481138571,0,0
2026-01-04 11:10:28.790495,903299.6834916957,456609.52299714554,602.1997889944638,304.4063486647637,1359909.2064888412,0,0
2026-01-04 11:10:29.790495,1000467.9339360778,873399.9077709323,666.9786226240518,582.2666051806216,1873867.84170701,0,0
2026-01-04 11:10:30.790495,1030713.9212709741,479219.27887478366,687.1426141806494,319.4795192498558,1509933.2001457578,1,0
2026-01-04 11:10:31.790495,1113769.6565877383,591467.5630371672,742.5131043918256,394.3117086914448,1705237.2196249056,0,0
2026-01-04 11:10:32.790495,1139172.6452294593,542177.2194303375,759.4484301529728,361.45147962022503,1681349.864659797,0,0
2026-01-04 11:10:33.790495,399610.30546218896,680416.5657868593,266.406870308126,453.61104385790617,1080026.8712490483,0,0
2026-01-04 11:10:34.790495,963272.3433153189,493877.7226991472,642.1815622102126,329.25181513276476,1457150.066014466,0,0
2026-01-04 11:10:35.790495,1100346.105708677,600186.2531753839,733.5640704724514,400.12416878358925,1700532.358884061,0,0
2026-01-04 11:10:36.790495,922626.5157386105,561294.9390422389,615.0843438257403,374.19662602815924,1483921.4547808494,0,0
2026-01-04 11:10:37.790495,525876.5155009123,235982.01933540928,350.5843436672749,157.32134622360618,761858.5348363216,0,0
2026-01-04 11:10:38.790495,863418.1339996404,884472.7510901007,575.6120893330935,589.6485007267338,1747890.885089741,0,0
2026-01-04 11:10:39.790495,943150.8733926063,645903.9345692556,628.7672489284042,430.6026230461704,1589054.8079618618,0,0
2026-01-04 11:10:40.790495,721505.0179373723,1478719.763012683,481.0033452915815,985.8131753417887,2200224.7809500555,0,0
2026-01-04 11:10:41.790495,881364.2841948754,1001726.8684156904,587.5761894632502,667.8179122771269,1883091.1526105658,0,0
2026-01-04 11:10:42.790495,788543.1507403699,988476.9500434739,525.6954338269132,658.9846333623159,1777020.1007838438,0,0
2026-01-04 11:10:43.790495,1095386.2557502778,757181.4146777629,730.2575038335185,504.7876097851753,1852567.6704280407,0,0
2026-01-04 11:10:44.790495,1003449.8164302314,804013.3877450231,668.966544286821,536.0089251633487,1807463.2041752546,0,0
2026-01-04 11:10:45.790495,1132522.8620258884,1116150.2615954026,755.0152413505923,744.1001743969351,2248673.123621291,0,0
2026-01-04 11:10:46.790495,1131612.720334159,1235925.2793058755,754.4084802227726,823.950186203917,2367537.9996400345,0,0
2026-01-04 11:10:47.790495,871856.0609613224,964141.1696854085,581.237373974215,642.7607797902723,1835997.2306467309,0,0
2026-01-04 11:10:48.790495,991946.2332448658,477194.14627813234,661.2974888299105,318.1294308520882,1469140.3795229981,0,0
2026-01-04 11:10:49.790495,445619.6686222073,1039131.0212223493,297.07977908147154,692.7540141482328,1484750.6898445566,0,0
2026-01-04 11:10:50.790495,1449348.767735772,644911.8611147483,966.2325118238481,429.9412407431655,2094260.6288505204,0,0
2026-01-04 11:10:51.790495,470736.8393356487,767382.4469506376,313.8245595570991,511.58829796709176,1238119.2862862863,0,0
2026-01-04 11:10:52.790495,1026340.3413756673,811061.0242506386,684.2268942504448,540.7073495004257,1837401.3656263058,0,0
2026-01-04 11:10:53.790495,801216.3537919109,493147.36957191187,534.144235861274,328.76491304794126,1294363.7233638228,0,0
2026-01-04 11:10:54.790495,1016617.3940443089,557207.1038931094,677.7449293628727,371.47140259540623,1573824.4979374183,0,0
2026-01-04 11:10:55.790495,838499.476689029,1122392.226701368,558.9996511260193,748.2614844675787,1960891.7033903971,0,0
2026-01-04 11:10:56.790495,552072.4928697954,1175757.0954591956,368.0483285798636,783.8380636394637,1727829.5883289909,0,0
2026-01-04 11:10:57.790495,821476.8710012165,581006.2306106676,547.6512473341443,387.3374870737784,1402483.101611884,0,0
2026-01-04 11:10:58.790495,562612.0433293318,927989.9673080517,375.0746955528879,618.6599782053678,1490602.0106373834,0,0
2026-01-04 11:10:59.790495,847024.6739218679,571740.0695622225,564.6831159479119,381.16004637481495,1418764.7434840903,0,0
2026-01-04 11:11:00.790495,1135516.276362011,710188.278992104,757.0108509080073,473.45885266140266,1845704.5553541149,0,0
2026-01-04 11:11:01.790495,1122072.7482293546,688384.8643493991,748.0484988195698,458.9232428995994,1810457.6125787538,0,0
2026-01-04 11:11:02.790495,880656.6775927113,1025150.5730990501,587.1044517284741,683.4337153993667,1905807.2506917615,0,0
2026-01-04 11:11:03.790495,716964.2501566225,656957.9055945718,477.97616677108164,437.9719370630479,1373922.1557511943,0,0
2026-01-04 11:11:04.790495,466827.9093398138,568944.4460226262,311.21860622654253,379.2962973484175,1035772.3553624401,1,0
2026-01-04 11:11:05.790495,4433217.3696927205,1903534.1772306354,594.887983894428,255.4329089993078,6336751.546923356,0,0
2026-01-04 11:11:06.790495,1095971.33920195,504627.68310794135,730.6475594679666,336.41845540529425,1600599.0223098914,0,0
2026-01-04 11:11:07.790495,653356.3747725986,782772.5908150938,435.57091651506573,521.8483938767292,1436128.9655876926,0,0
2026-01-04 11:11:08.790495,868765.5022357451,625235.7887873987,579.1770014904968,416.8238591915991,1494001.2910231438,0,0
2026-01-04 11:11:09.790495,518516.3039894499,1071220.7213561754,345.6775359929666,714.1471475707835,1589737.0253456251,0,0
2026-01-04 11:11:10.790495,401520.17377350654,466050.4285066306,267.6801158490044,310.70028567108704,867570.6022801371,0,0
2026-01-04 11:11:11.790495,893939.1374164445,623822.4623914878,595.9594249442963,415.8816415943252,1517761.5998079323,0,0
2026-01-04 11:11:12.790495,448422.2455886262,1008684.5591394592,298.9481637257508,672.4563727596394,1457106.8047280854,0,0
2026-01-04 11:11:13.790495,669493.0216969199,417888.8622063228,446.32868113127995,278.5925748042152,1087381.8839032426,0,0
2026-01-04 11:11:14.790495,680822.5671128252,440440.41083757585,453.88171140855013,293.6269405583839,1121262.9779504011,0,0
2026-01-04 11:11:15.790495,873296.0300292507,793309.0974775521,582.1973533528337,528.8727316517014,1666605.1275068028,0,0
2026-01-04 11:11:16.790495,634904.4464737172,904766.5728390052,423.26963098247813,603.1777152260034,1539671.0193127224,0,0
2026-01-04 11:11:17.790495,967000.2864076359,599107.9865357989,644.6668576050906,399.4053243571993,1566108.2729434348,0,0
2026-01-04 11:11:18.790495,513061.2803094343,666475.7588102641,342.04085353962284,444.31717254017605,1179537.0391196983,0,0
2026-01-04 11:11:19.790495,1155558.7952311784,607964.5513038265,770.372530154119,405.3097008692177,1763523.346535005,0,0
2026-01-04 11:11:20.790495,1136488.2967369398,553809.6510950932,757.6588644912932,369.2064340633955,1690297.947832033,0,0
2026-01-04 11:11:21.790495,532262.2845035463,1110372.2378040687,354.8415230023642,740.2481585360458,1642634.522307615,0,0
2026-01-04 11:11:22.790495,761333.2006430138,998517.959638077,507.5554670953425,665.678639758718,1759851.1602810908,0,0
2026-01-04 11:11:23.790495,394732.93649823486,499653.91519892786,263.15529099882326,333.10261013261857,894386.8516971627,0,0
2026-01-04 11:11:24.790495,728806.3369447048,490894.7493900432,485.87089129646984,327.2631662600288,1219701.086334748,0,0
2026-01-04 11:11:25.790495,1264814.0789142763,2459832.3191269296,246.32291736306433,479.0530744181918,3724646.398041206,0,0
2026-01-04 11:11:26.790495,715845.9351219048,602574.8722823416,477.2306234146032,401.71658152156107,1318420.8074042464,0,0
2026-01-04 11:11:27.790495,590414.1564197306,673124.6538477173,393.6094376131538,448.74976923181157,1263538.810267448,0,0
2026-01-04 11:11:28.790495,546170.5287394822,1066336.2024846806,364.11368582632144,710.8908016564537,1612506.7312241627,0,0
2026-01-04 11:11:29.790495,679290.854561693,723404.5619298613,452.8605697077954,482.26970795324087,1402695.4164915544,0,0
2026-01-04 11:11:30.790495,589344.202263532,713552.4426176051,392.8961348423546,475.70162841173675,1302896.644881137,0,0
2026-01-04 11:11:31.790495,472526.3631843715,850106.380768419,315.01757545624764,566.737587178946,1322632.7439527905,0,0
2026-01-04 11:11:32.790495,450464.16599152016,580856.5250620377,300.3094439943468,387.2376833746918,1031320.6910535579,0,0
2026-01-04 11:11:33.790495,627482.5337737268,776589.1577896962,418.32168918248453,517.7261051931308,1404071.691563423,0,0
2026-01-04 11:11:34.790495,632429.951949646,825365.2023564994,421.6199679664307,550.2434682376662,1457795.1543061454,0,0
2026-01-04 11:11:35.790495,1283049.463895782,1006944.8213393259,855.3663092638546,671.2965475595506,2289994.285235108,0,0
2026-01-04 11:11:36.790495,491914.79759120126,1037171.1592610271,327.9431983941342,691.4474395073514,1529085.9568522284,0,1
2026-01-04 11:11:37.790495,1107768.3055089868,524571.3475795443,738.5122036726578,349.7142317196962,1632339.6530885312,0,0
2026-01-04 11:11:38.790495,692922.8996254773,1028125.1127552851,461.9485997503182,685.4167418368568,1721048.0123807623,0,0
2026-01-04 11:11:39.790495,618723.1015023307,775281.3140087498,412.4820676682205,516.8542093391666,1394004.4155110805,0,0
2026-01-04 11:11:40.790495,654073.7510002011,1033617.4923498621,436.0491673334674,689.0783282332415,1687691.2433500632,0,0
2026-01-04 11:11:41.790495,692060.7838806447,1144718.1430492664,461.37385592042983,763.145428699511,1836778.9269299111,0,0
2026-01-04 11:11:42.790495,1009162.0947507041,487118.83771833876,672.7747298338028,324.74589181222586,1496280.932469043,0,0
2026-01-04 11:11:43.790495,1147001.7615100276,927436.6552884697,764.6678410066851,618.2911035256465,2074438.4167984973,0,0
2026-01-04 11:11:44.790495,736399.3840698433,1326076.6483806567,490.9329227132289,884.0510989204378,2062476.0324505002,0,0
2026-01-04 11:11:45.790495,1475992.1189496694,736872.4881390728,983.9947459664463,491.2483254260485,2212864.6070887423,0,0
2026-01-04 11:11:46.790495,640560.7274886613,1179330.062582786,427.0404849924409,786.2200417218573,1819890.7900714474,0,0
2026-01-04 11:11:47.790495,830065.7461203455,767831.9121409534,553.3771640802304,511.8879414273022,1597897.658261299,0,0
2026-01-04 11:11:48.790495,830179.0916383824,621291.7130102388,553.4527277589216,414.1944753401592,1451470.8046486212,0,0
2026-01-04 11:11:49.790495,945608.7166319676,738592.7636849454,630.4058110879783,492.3951757899636,1684201.480316913,0,0
2026-01-04 11:11:50.790495,1162499.1188650525,999977.7735617759,774.9994125767016,666.6518490411839,2162476.8924268284,0,0
2026-01-04 11:11:51.790495,743842.6422716683,827357.4764622268,495.89509484777886,551.5716509748179,1571200.118733895,0,0
2026-01-04 11:11:52.790495,757435.5765858961,916516.8319785106,504.95705105726404,611.0112213190071,1673952.4085644067,0,0
2026-01-04 11:11:53.790495,769624.2223897629,906175.0836024774,513.0828149265086,604.1167224016516,1675799.3059922403,0,0
2026-01-04 11:11:54.790495,1087238.196732065,881590.5200429831,724.8254644880433,587.7270133619887,1968828.716775048,0,0
2026-01-04 11:11:55.790495,692339.4723134035,1123005.584573311,461.55964820893564,748.6703897155406,1815345.0568867147,0,0
2026-01-04 11:11:56.790495,831597.5922112041,1065112.740729026,554.3983948074695,710.0751604860174,1896710.3329402301,0,0
2026-01-04 11:11:57.790495,1162611.9892058761,865623.2419931234,775.074659470584,577.082161328749,2028235.2311989996,0,0
2026-01-04 11:11:58.790495,1072928.6286964477,830745.7074887123,715.2857524642985,553.8304716591415,1903674.3361851599,0,0
2026-01-04 11:11:59.790495,760780.7157424393,1199047.314428647,507.18714382829285,799.3648762857647,1959828.030171086,0,0
2026-01-04 11:12:00.790495,547953.672479867,1105773.980103501,365.3024483199113,737.1826534023339,1653727.652583368,0,0
2026-01-04 11:12:01.790495,958035.6941879413,462743.36829799926,638.6904627919608,308.49557886533285,1420779.0624859405,0,0
2026-01-04 11:12:02.790495,622345.7477038214,1294760.5634421967,414.8971651358809,863.1737089614645,1917106.3111460183,0,0
2026-01-04 11:12:03.790495,567937.4547293929,492989.36540681287,378.62496981959526,328.6595769378753,1060926.8201362058,0,0
2026-01-04 11:12:04.790495,1149202.9865678202,493497.1505166875,766.1353243785468,328.99810034445835,1642700.1370845076,0,0
2026-01-04 11:12:05.790495,655132.0543135231,666535.3563073355,436.7547028756821,444.3569042048904,1321667.4106208587,0,0
2026-01-04 11:12:06.790495,454870.6205558639,544094.8585968892,303.24708037057593,362.72990573125946,998965.4791527531,0,0
2026-01-04 11:12:07.790495,475989.12039270176,736992.0283506877,317.32608026180117,491.32801890045846,1212981.1487433894,0,0
2026-01-04 11:12:08.790495,564844.4169084112,1005065.0159149378,376.56294460560747,670.0433439432919,1569909.432823349,0,0
2026-01-04 11:12:09.790495,861007.2676385657,845914.9694511318,574.0048450923772,563.9433129674212,1706922.2370896975,0,0
2026-01-04 11:12:10.790495,518224.2070874553,957168.7451228588,345.4828047249702,638.1124967485725,1475392.952210314,0,0
2026-01-04 11:12:11.790495,763713.5536740187,1237286.7621109874,509.14236911601245,824.8578414073249,2001000.315785006,0,0
2026-01-04 11:12:12.790495,701281.3795221376,679865.6547860086,467.520919681425,453.2437698573391,1381147.0343081462,0,0
2026-01-04 11:12:13.790495,846942.0920219547,503251.88760715513,564.6280613479698,335.5012584047701,1350193.9796291098,0,0
2026-01-04 11:12:14.790495,496635.23093049636,902059.2185330214,331.09015395366424,601.3728123553476,1398694.4494635179,0,0
2026-01-04 11:12:15.790495,724209.547671782,660920.3689976787,482.8063651145213,440.61357933178584,1385129.9166694607,0,0
2026-01-04 11:12:16.790495,667625.6710055523,425231.51313751534,445.0837806703682,283.48767542501025,1092857.1841430676,0,0
2026-01-04 11:12:17.790495,655307.7106404564,584958.5296849565,436.8718070936376,389.97235312330434,1240266.240325413,0,0
2026-01-04 11:12:18.790495,991349.1319732087,637034.9366214984,660.8994213154725,424.68995774766563,1628384.0685947072,0,0
2026-01-04 11:12:19.790495,1256504.4705348369,715667.7455530752,837.6696470232246,477.1118303687168,1972172.216087912,0,0
2026-01-04 11:12:20.790495,379862.9226209192,825927.2266323243,253.24194841394612,550.6181510882162,1205790.1492532436,0,0
2026-01-04 11:12:21.790495,687827.4665001218,867532.859653361,458.5516443334145,578.3552397689074,1555360.3261534828,0,0
2026-01-04 11:12:22.790495,817894.0336663799,624507.8829076994,545.26268911092,416.33858860513294,1442401.9165740793,0,0
2026-01-04 11:12:23.790495,3449493.69024816,1906941.0554117195,474.32449295335505,262.2149597655963,5356434.745659879,0,0
2026-01-04 11:12:24.790495,687412.7352134017,295233.2549095028,458.27515680893447,196.82216993966853,982645.9901229045,0,0
2026-01-04 11:12:25.790495,375087.97529576893,842721.4182237812,250.05865019717928,561.8142788158541,1217809.39351955,0,0
2026-01-04 11:12:26.790495,858096.5549893513,1017509.4216629145,572.0643699929009,678.339614441943,1875605.9766522658,0,0
2026-01-04 11:12:27.790495,790574.811791526,406211.0392690286,527.049874527684,270.8073595126857,1196785.8510605546,0,0
2026-01-04 11:12:28.790495,647866.5866226518,611020.1706618312,431.91105774843453,407.34678044122074,1258886.757284483,0,0
2026-01-04 11:12:29.790495,960566.5684371884,563044.2030262616,640.3777122914589,375.36280201750776,1523610.77146345,0,0
2026-01-04 11:12:30.790495,2745441.028756724,4658763.9832410505,366.08600869673614,621.2146952787275,7404205.011997775,0,0
2026-01-04 11:12:31.790495,721981.9965778592,1118831.959469207,481.3213310519061,745.8879729794714,1840813.9560470663,0,0
2026-01-04 11:12:32.790495,973676.9559932515,581977.4454845855,649.1179706621676,387.98496365639033,1555654.401477837,0,0
2026-01-04 11:12:33.790495,673897.6641003205,721468.5507130609,449.2651094002137,480.97903380870724,1395366.2148133814,0,1
2026-01-04 11:12:34.790495,841995.1083524004,652037.473530394,561.3300722349336,434.6916490202627,1494032.5818827944,0,0
2026-01-04 11:12:35.790495,1062087.020276538,659650.2915270098,708.0580135176921,439.7668610180065,1721737.311803548,0,0
2026-01-04 11:12:36.790495,521515.44761286787,783517.9929158471,347.6769650752452,522.3453286105647,1305033.440528715,0,0
2026-01-04 11:12:37.790495,630627.6777137002,1006747.5833668086,420.4184518091335,671.1650555778724,1637375.2610805088,0,0
2026-01-04 11:12:38.790495,686803.0325491778,1113515.2560913248,457.86868836611853,742.3435040608832,1800318.2886405026,0,0
2026-01-04 11:12:39.790495,830853.8129838357,813596.486048173,553.9025419892238,542.3976573654487,1644450.2990320087,0,0
2026-01-04 11:12:40.790495,972640.9248769642,633266.2018047506,648.4272832513094,422.1774678698337,1605907.1266817148,0,0
2026-01-04 11:12:41.790495,762989.2357600012,903966.5129189156,508.6594905066675,602.6443419459438,1666955.7486789168,0,0
2026-01-04 11:12:42.790495,3149041.053767957,4107120.7066625934,485.30654352391076,632.9585800734305,7256161.76043055,0,0
2026-01-04 11:12:43.790495,753812.1429969516,1259002.2550950015,502.5414286646344,839.334836730001,2012814.3980919532,0,0
2026-01-04 11:12:44.790495,694640.6073178984,935882.1275059492,463.0937382119323,623.9214183372995,1630522.7348238477,0,0
2026-01-04 11:12:45.790495,656208.8248163221,1109284.8333707694,437.47254987754803,739.5232222471795,1765493.6581870916,0,0
2026-01-04 11:12:46.790495,1104698.04173632,1044859.6585864668,736.4653611575466,696.5731057243112,2149557.700322787,0,0
2026-01-04 11:12:47.790495,538426.2557852534,1251273.272583793,358.9508371901689,834.1821817225286,1789699.5283690463,0,0
2026-01-04 11:12:48.790495,549392.1116873577,1149386.1104166317,366.26140779157174,766.2574069444211,1698778.2221039892,0,0
2026-01-04 11:12:49.790495,1184582.7886494661,724163.022196583,789.7218590996441,482.7753481310553,1908745.810846049,0,0
2026-01-04 11:12:50.790495,1190278.875386846,698628.4471828475,793.5192502578974,465.7522981218984,1888907.3225696934,0,0
2026-01-04 11:12:51.790495,907760.6250968912,960968.7197034009,605.1737500645942,640.6458131356005,1868729.344800292,0,0
2026-01-04 11:12:52.790495,623316.4396611867,1358195.1314644604,415.54429310745775,905.4634209763069,1981511.5711256468,0,0
2026-01-04 11:12:53.790495,1087116.3232885518,528345.8630924552,724.7442155257012,352.2305753949701,1615462.1863810068,0,0
2026-01-04 11:12:54.790495,1727894.3559155848,3582464.478843506,353.056144863291,731.995618644152,5310358.834759091,0,0
2026-01-04 11:12:55.790495,1012034.3422832271,605478.2445547018,674.6895615221514,403.65216303646787,1617512.586837929,0,0
2026-01-04 11:12:56.790495,734826.3774518814,942765.6621244479,489.8842516345876,628.5104414162986,1677592.0395763293,0,0
2026-01-04 11:12:57.790495,758313.1655494398,1096878.3898639055,505.54211036629323,731.2522599092704,1855191.5554133453,0,0
2026-01-04 11:12:58.790495,1145828.2713672274,1330399.060940278,763.8855142448183,886.9327072935187,2476227.3323075054,0,0
2026-01-04 11:12:59.790495,414942.70458600105,793048.1309143635,276.6284697240007,528.698753942909,1207990.8355003647,0,0
2026-01-04 11:13:00.790495,553418.4860761142,1000845.2041200794,368.9456573840761,667.230136080053,1554263.6901961935,0,0
2026-01-04 11:13:01.790495,457269.3210048364,734836.5162624868,304.84621400322425,489.8910108416579,1192105.8372673232,0,0
2026-01-04 11:13:02.790495,744660.0993499504,929009.0694121134,496.4400662333003,619.3393796080755,1673669.1687620638,0,0
2026-01-04 11:13:03.790495,484534.93225079146,1111737.1701521531,323.0232881671943,741.1581134347688,1596272.1024029446,0,0
2026-01-04 11:13:04.790495,720996.0329861568,847554.667405136,480.6640219907712,565.0364449367573,1568550.7003912928,0,0
2026-01-04 11:13:05.790495,828161.515398342,718157.2819115067,552.1076769322281,478.7715212743378,1546318.7973098487,0,0
2026-01-04 11:13:06.790495,812780.2798774482,698846.3299530381,541.8535199182988,465.8975533020254,1511626.6098304864,0,0
2026-01-04 11:13:07.790495,773157.0451193741,439202.04480708204,515.4380300795827,292.8013632047214,1212359.089926456,0,0
2026-01-04 11:13:08.790495,830141.3830452653,1222230.2000730538,553.4275886968436,814.8201333820359,2052371.5831183193,0,0
2026-01-04 11:13:09.790495,707771.3793972492,494547.3952187429,471.8475862648328,329.69826347916194,1202318.774615992,0,0
2026-01-04 11:13:10.790495,620328.115607018,891482.120958829,413.5520770713453,594.3214139725526,1511810.236565847,0,0
2026-01-04 11:13:11.790495,529885.57212107,688457.4797728449,353.25704808071333,458.9716531818966,1218343.0518939148,0,0
2026-01-04 11:13:12.790495,859556.6975566563,453453.0662361486,573.0377983711043,302.3020441574324,1313009.763792805,0,0
2026-01-04 11:13:13.790495,743614.4206405482,765038.2736533931,495.74294709369883,510.02551576892876,1508652.6942939414,0,0
2026-01-04 11:13:14.790495,892070.595557619,780399.6088866481,594.713730371746,520.2664059244321,1672470.204444267,0,0
2026-01-04 11:13:15.790495,1189632.841542648,1010483.1975347365,793.088561028432,673.6554650231576,2200116.0390773844,0,0
2026-01-04 11:13:16.790495,515996.6438037825,557774.2972380625,343.99776253585503,371.84953149204165,1073770.941041845,0,0
2026-01-04 11:13:17.790495,531228.9787441744,929776.9906305429,354.1526524961162,619.8513270870286,1461005.9693747172,0,0
2026-01-04 11:13:18.790495,580215.559587909,826871.497849096,386.810373058606,551.2476652327307,1407087.057437005,0,0
2026-01-04 11:13:19.790495,838284.5269361851,569693.54364472,558.85635129079,379.7956957631467,1407978.070580905,0,0
2026-01-04 11:13:20.790495,438945.52078115224,929861.7983435421,292.63034718743484,619.9078655623614,1368807.3191246944,0,0
2026-01-04 11:13:21.790495,840168.4405862202,1397549.3505638316,560.1122937241469,931.6995670425545,2237717.791150052,0,0
2026-01-04 11:13:22.790495,1004932.700718147,589403.20385205,669.955133812098,392.9354692347,1594335.904570197,0,0
2026-01-04 11:13:23.790495,900074.3248959433,544769.4632562669,600.0495499306288,363.1796421708446,1444843.7881522102,0,0
2026-01-04 11:13:24.790495,947247.9443917727,407560.57772196166,631.4986295945151,271.7070518146411,1354808.5221137344,0,0
2026-01-04 11:13:25.790495,626154.2480811514,721004.3755785382,417.43616538743424,480.66958371902547,1347158.6236596894,0,0
2026-01-04 11:13:26.790495,763713.447641088,424028.65235910506,509.142298427392,282.6857682394034,1187742.100000193,0,0
2026-01-04 11:13:27.790495,267967.7425227417,604208.3164682372,178.64516168182783,402.80554431215813,872176.0589909789,0,0
2026-01-04 11:13:28.790495,910646.213182479,599065.6343767355,607.097475454986,399.37708958449036,1509711.8475592146,0,0
2026-01-04 11:13:29.790495,1124007.1128346233,698391.5369036869,749.3380752230822,465.59435793579127,1822398.6497383104,0,0
2026-01-04 11:13:30.790495,688095.5264296874,915324.9362384847,458.7303509531249,610.2166241589898,1603420.462668172,0,0
2026-01-04 11:13:31.790495,539801.7303438149,925298.3534947061,359.86782022920994,616.8655689964708,1465100.083838521,0,0
2026-01-04 11:13:32.790495,654698.2811360441,694516.9089149882,436.4655207573627,463.0112726099921,1349215.1900510322,0,0
2026-01-04 11:13:33.790495,776465.6706302597,1251896.4257558852,517.6437804201731,834.5976171705902,2028362.0963861449,0,0
2026-01-04 11:13:34.790495,927926.176029809,1155937.788660586,618.6174506865393,770.6251924403907,2083863.9646903952,0,0
2026-01-04 11:13:35.790495,3895737.0427610762,2385683.409443168,708.1880425054791,433.68236747671364,6281420.452204244,0,0
2026-01-04 11:13:36.790495,495344.2563899508,1002136.6188356655,330.2295042599672,668.091079223777,1497480.8752256164,0,0
2026-01-04 11:13:37.790495,1305188.8697927,804844.4289899498,870.1259131951334,536.5629526599665,2110033.29878265,0,0
2026-01-04 11:13:38.790495,4112808.935195221,4163114.5170805794,560.3007466936649,567.1540324984155,8275923.4522758005,0,0
2026-01-04 11:13:39.790495,549556.0358736492,1049328.1661984276,366.37069058243276,699.5521107989517,1598884.2020720767,0,0
2026-01-04 11:13:40.790495,3886731.3936346523,2148336.7000546525,670.9963224688456,370.88388138226685,6035068.093689305,0,0
2026-01-04 11:13:41.790495,866394.0125957708,920839.3646573807,577.5960083971805,613.8929097715871,1787233.3772531515,0,0
2026-01-04 11:13:42.790495,502374.4175298736,817222.4726983882,334.9162783532491,544.8149817989255,1319596.8902282617,0,0
2026-01-04 11:13:43.790495,1161551.8811664754,576157.2176746316,774.3679207776503,384.10481178308777,1737709.098841107,0,0
2026-01-04 11:13:44.790495,1151053.227307335,854480.6814242087,767.36881820489,569.6537876161391,2005533.9087315437,0,0
2026-01-04 11:13:45.790495,1127801.8434029839,1142141.0898812825,751.8678956019893,761.4273932541884,2269942.9332842664,0,0
2026-01-04 11:13:46.790495,1122163.9706983,1229987.4224274692,748.1093137988667,819.991614951646,2352151.393125769,0,0
2026-01-04 11:13:47.790495,400726.35053256364,866360.7463398257,267.15090035504244,577.5738308932171,1267087.0968723893,0,0
2026-01-04 11:13:48.790495,1138563.1108538753,1030157.6086264767,759.0420739025835,686.7717390843178,2168720.719480352,0,0
2026-01-04 11:13:49.790495,561333.0313383233,1046089.1934143611,374.2220208922155,697.392795609574,1607422.2247526844,0,0
2026-01-04 11:13:50.790495,960988.5022463953,666199.0788579715,640.6590014975969,444.13271923864767,1627187.5811043668,0,0
2026-01-04 11:13:51.790495,1044028.6406663985,830856.3933062593,696.019093777599,553.9042622041728,1874885.0339726578,0,0
2026-01-04 11:13:52.790495,902546.5894207618,654686.4411814593,601.6977262805078,436.45762745430625,1557233.0306022211,0,0
2026-01-04 11:13:53.790495,736222.4688024856,1056523.7131180565,490.8149792016571,704.3491420787044,1792746.1819205421,0,0
2026-01-04 11:13:54.790495,839529.1956838826,947702.8072174268,559.6861304559217,631.8018714782845,1787232.0029013094,0,0
2026-01-04 11:13:55.790495,844302.041347731,752544.4043032693,562.868027565154,501.6962695355129,1596846.4456510004,0,0
2026-01-04 11:13:56.790495,806710.9069736508,1162245.9092486515,537.8072713157673,774.8306061657677,1968956.8162223021,0,0
2026-01-04 11:13:57.790495,1965275.265179777,4318940.94351774,405.8577549247493,891.923745261375,6284216.208697517,0,0
2026-01-04 11:13:58.790495,959315.510554336,1612129.7273127723,639.5436737028907,1074.7531515418482,2571445.237867108,0,0
2026-01-04 11:13:59.790495,769699.9996788908,942518.293864734,513.1333331192606,628.345529243156,1712218.293543625,0,0
2026-01-04 11:14:00.790495,691702.8788849328,1186641.20877799,461.1352525899552,791.0941391853266,1878344.0876629227,0,0
2026-01-04 11:14:01.790495,861487.2497873926,849750.9000795139,574.3248331915951,566.5006000530093,1711238.1498669065,0,0
2026-01-04 11:14:02.790495,856752.8527193494,395378.7489959704,571.1685684795663,263.5858326639803,1252131.6017153198,0,0
2026-01-04 11:14:03.790495,1101643.8390012279,1407460.1517928548,734.4292260008186,938.3067678619032,2509103.9907940826,0,0
2026-01-04 11:14:04.790495,892282.7252439928,489471.1952806728,594.8551501626619,326.3141301871152,1381753.9205246656,0,0
2026-01-04 11:14:05.790495,686721.9346496043,1520393.7092678023,457.8146230997362,1013.5958061785349,2207115.6439174064,0,0
2026-01-04 11:14:06.790495,480369.0779973161,972796.0044471285,320.2460519982107,648.530669631419,1453165.0824444445,0,0
2026-01-04 11:14:07.790495,654267.5402471827,867880.2095660346,436.1783601647885,578.5868063773564,1522147.7498132174,0,0
2026-01-04 11:14:08.790495,549664.6433213967,855574.1072025474,366.44309554759775,570.3827381350316,1405238.750523944,0,0
2026-01-04 11:14:09.790495,938699.5520374308,825866.9907859819,625.7997013582872,550.5779938573213,1764566.5428234127,0,0
2026-01-04 11:14:10.790495,601835.0554764852,675797.151213606,401.22337031765676,450.531434142404,1277632.2066900912,0,0
2026-01-04 11:14:11.790495,408425.7827854013,422725.5408276908,272.2838551902675,281.8170272184605,831151.3236130921,0,0
2026-01-04 11:14:12.790495,618967.1499106725,344308.98699010455,412.64476660711495,229.5393246600697,963276.136900777,0,0
2026-01-04 11:14:13.790495,446350.3856038237,520528.2011612541,297.5669237358825,347.0188007741694,966878.5867650778,0,0
2026-01-04 11:14:14.790495,733854.7730278387,736842.5567200412,489.2365153518924,491.22837114669414,1470697.3297478799,0,0
2026-01-04 11:14:15.790495,890835.516664453,576956.6030209408,593.8903444429686,384.63773534729387,1467792.1196853938,0,0
2026-01-04 11:14:16.790495,485679.17710354814,397505.43926210265,323.7861180690321,265.0036261747351,883184.6163656508,0,0
2026-01-04 11:14:17.790495,914558.1891708412,509805.38926250587,609.7054594472274,339.87025950833726,1424363.5784333472,0,0
2026-01-04 11:14:18.790495,690346.76008009,402680.5927643406,460.2311733867267,268.4537285095604,1093027.3528444306,0,0
2026-01-04 11:14:19.790495,645890.1848429528,1387638.4449275376,430.5934565619685,925.0922966183584,2033528.6297704903,0,0
2026-01-04 11:14:20.790495,233326.69523595864,542422.9514978651,155.55113015730575,361.61530099857674,775749.6467338237,0,0
2026-01-04 11:14:21.790495,737061.8642313208,794076.5349400747,491.37457615421386,529.3843566267165,1531138.3991713955,0,0
2026-01-04 11:14:22.790495,1085541.038395979,813304.4993898184,723.6940255973193,542.2029995932123,1898845.5377857974,0,0
2026-01-04 11:14:23.790495,993537.380665894,671480.337787643,662.3582537772627,447.6535585250953,1665017.718453537,0,0
2026-01-04 11:14:24.790495,935821.3088183966,477408.0379913827,623.8808725455978,318.2720253275885,1413229.3468097793,0,0
2026-01-04 11:14:25.790495,536327.3925162343,372307.35180920287,357.5515950108229,248.20490120613525,908634.7443254372,0,0
2026-01-04 11:14:26.790495,663290.8647013349,449947.15239646664,442.1939098008899,299.9647682643111,1113238.0170978014,0,0
2026-01-04 11:14:27.790495,511400.57691884274,1123538.022416835,340.9337179458952,749.02534827789,1634938.5993356777,0,0
2026-01-04 11:14:28.790495,958122.2019310374,637040.3729227317,638.7481346206915,424.6935819484878,1595162.574853769,0,0
2026-01-04 11:14:29.790495,3457922.3170457245,3022983.558877977,565.737644202061,494.5789524046659,6480905.875923702,0,0
2026-01-04 11:14:30.790495,865682.5502000197,785327.1390041574,577.1217001333465,523.5514260027716,1651009.6892041771,0,0
2026-01-04 11:14:31.790495,763702.9585859092,860717.2961917591,509.1353057239395,573.811530794506,1624420.2547776683,0,0
2026-01-04 11:14:32.790495,1019207.4217202836,722212.0355777633,679.471614480189,481.47469038517556,1741419.457298047,0,0
2026-01-04 11:14:33.790495,1122332.8923238972,513197.4496789739,748.2219282159315,342.1316331193159,1635530.342002871,0,0
2026-01-04 11:14:34.790495,999002.490689725,839002.4968710105,666.0016604598167,559.334997914007,1838004.9875607355,0,0
2026-01-04 11:14:35.790495,1077032.2874735417,566735.5557941733,718.0215249823611,377.82370386278217,1643767.8432677148,0,0
2026-01-04 11:14:36.790495,787301.7734701846,1554891.2494940811,524.8678489801231,1036.5941663293875,2342193.0229642657,0,0
2026-01-04 11:14:37.790495,3532542.6320002303,3460538.225828775,668.9836096873184,655.347605094588,6993080.857829005,0,0
2026-01-04 11:14:38.790495,769392.3169407679,496106.7541367868,512.9282112938453,330.7378360911912,1265499.0710775547,0,0
2026-01-04 11:14:39.790495,1228565.4005402534,782990.1200050354,819.043600360169,521.9934133366903,2011555.5205452887,0,0
2026-01-04 11:14:40.790495,763783.4561198755,840820.8615996469,509.1889707465837,560.5472410664312,1604604.3177195224,0,0
2026-01-04 11:14:41.790495,678672.7440790173,1151734.49355169,452.4484960526782,767.8229957011266,1830407.2376307074,0,0
2026-01-04 11:14:42.790495,1209702.4324465992,964701.7460977703,806.4682882977328,643.1344973985135,2174404.1785443695,0,0
2026-01-04 11:14:43.790495,890306.631318147,903430.4366778877,593.537754212098,602.2869577852584,1793737.0679960346,0,0
2026-01-04 11:14:44.790495,476958.29539212794,836622.1902224419,317.9721969280853,557.7481268149613,1313580.4856145699,0,0
2026-01-04 11:14:45.790495,1211518.432252151,1026284.9918813979,807.6789548347673,684.1899945875986,2237803.424133549,0,0
2026-01-04 11:14:46.790495,780308.4424317998,956046.5348611108,520.2056282878666,637.3643565740739,1736354.9772929107,0,0
2026-01-04 11:14:47.790495,959490.1202564104,932910.7336557263,639.6600801709403,621.9404891038175,1892400.8539121368,0,0
2026-01-04 11:14:48.790495,485845.4620311316,1008180.0805672773,323.89697468742105,672.1200537115182,1494025.5425984089,0,0
2026-01-04 11:14:49.790495,1404644.8145988258,687160.6457525392,936.4298763992172,458.1070971683594,2091805.460351365,0,0
2026-01-04 11:14:50.790495,1243882.7761439853,612706.3047901241,829.2551840959902,408.4708698600827,1856589.0809341094,0,0
2026-01-04 11:14:51.790495,769503.3670995282,930803.4471006703,513.0022447330188,620.5356314004468,1700306.8142001985,0,0
2026-01-04 11:14:52.790495,1019743.3678626221,580441.5420372818,679.8289119084147,386.9610280248545,1600184.909899904,0,0
2026-01-04 11:14:53.790495,1123265.0393333894,995414.5744114413,748.8433595555929,663.6097162742942,2118679.6137448307,0,0
2026-01-04 11:14:54.790495,773164.1466960841,1134125.154186151,515.442764464056,756.0834361241007,1907289.3008822352,0,0
2026-01-04 11:14:55.790495,880152.142828805,569101.3892015408,586.7680952192034,379.4009261343606,1449253.5320303459,0,0
2026-01-04 11:14:56.790495,950440.3323309841,948745.2293842533,633.626888220656,632.4968195895021,1899185.5617152373,0,0
2026-01-04 11:14:57.790495,892230.322730081,826772.6856532585,594.8202151533874,551.1817904355056,1719003.0083833395,0,0
2026-01-04 11:14:58.790495,877611.1551061498,714424.5615196729,585.0741034040999,476.2830410131152,1592035.7166258227,0,0
2026-01-04 11:14:59.790495,2782031.0110663576,5826605.009877722,398.79682379481443,835.2284939324012,8608636.02094408,0,0
2026-01-04 11:15:00.790495,1105892.5506609671,695682.0102541883,737.2617004406447,463.78800683612553,1801574.5609151556,0,0
2026-01-04 11:15:01.790495,584429.6532725509,898694.0353158592,389.61976884836724,599.1293568772395,1483123.6885884102,0,0
2026-01-04 11:15:02.790495,931703.9951102643,910722.9848942407,621.1359967401762,607.1486565961605,1842426.980004505,0,0
2026-01-04 11:15:03.790495,744953.6148434572,483685.8055491813,496.6357432289715,322.4572036994542,1228639.4203926385,0,0
2026-01-04 11:15:04.790495,967502.3245360276,456671.03264730907,645.0015496906851,304.44735509820606,1424173.3571833367,1,0
2026-01-04 11:15:05.790495,586497.7393902418,1089763.1983765145,390.99849292682785,726.5087989176764,1676260.9377667562,0,0
2026-01-04 11:15:06.790495,1222940.0908761,585150.2957793646,815.2933939174,390.1001971862431,1808090.3866554645,0,0
2026-01-04 11:15:07.790495,697967.6821646416,609598.7416489441,465.31178810976104,406.39916109929607,1307566.4238135857,0,0
2026-01-04 11:15:08.790495,884881.799333838,491334.67808155826,589.921199555892,327.5564520543722,1376216.4774153964,0,0
2026-01-04 11:15:09.790495,944272.0023883318,712867.083823622,629.5146682588879,475.2447225490813,1657139.0862119538,0,0
2026-01-04 11:15:10.790495,684994.7832556472,556636.822460406,456.6631888370981,371.091214973604,1241631.6057160532,0,0
2026-01-04 11:15:11.790495,579156.9509518291,881568.4222129384,386.10463396788606,587.7122814752922,1460725.3731647674,0,0
2026-01-04 11:15:12.790495,1192445.8582589542,538832.8381242435,794.9639055059695,359.221892082829,1731278.6963831978,0,0
2026-01-04 11:15:13.790495,613111.8319279612,421037.3095357208,408.74122128530746,280.6915396904805,1034149.141463682,0,0
2026-01-04 11:15:14.790495,1185191.5108875746,809505.248931238,790.1276739250497,539.6701659541586,1994696.7598188126,0,0
2026-01-04 11:15:15.790495,4161599.9805318415,3629132.326315471,578.9976558765973,504.9161667705758,7790732.3068473125,0,0
2026-01-04 11:15:16.790495,855660.6643076437,485769.7370213454,570.4404428717625,323.8464913475636,1341430.401328989,0,0
2026-01-04 11:15:17.790495,434685.2489930687,934320.6129578926,289.79016599537914,622.8804086385951,1369005.8619509612,0,1
2026-01-04 11:15:18.790495,525200.3640941592,965884.64860394,350.1335760627728,643.9230990692934,1491085.0126980992,0,0
2026-01-04 11:15:19.790495,757110.013531608,1304418.2111678857,504.740009021072,869.6121407785905,2061528.2246994937,0,0
2026-01-04 11:15:20.790495,891262.0104625308,1031146.2373273732,594.1746736416871,687.4308248849155,1922408.247789904,0,0
2026-01-04 11:15:21.790495,661136.4364986648,569100.6313639923,440.7576243324432,379.4004209093282,1230237.0678626571,0,0
2026-01-04 11:15:22.790495,981148.4075402452,760346.7779117599,654.0989383601635,506.89785194117326,1741495.1854520051,0,0
2026-01-04 11:15:23.790495,662686.8352349586,1130059.5074091814,441.79122348997237,753.3730049394543,1792746.34264414,0,0
2026-01-04 11:15:24.790495,713538.2998574595,753411.6475138736,475.692199904973,502.27443167591576,1466949.9473713331,0,0
2026-01-04 11:15:25.790495,670615.9293830602,929895.7510196392,447.07728625537345,619.9305006797595,1600511.6804026994,0,0
2026-01-04 11:15:26.790495,612414.2764402421,514755.5737571686,408.27618429349474,343.17038250477907,1127169.8501974107,0,0
2026-01-04 11:15:27.790495,329718.36325849977,724094.6028906022,219.81224217233319,482.72973526040147,1053812.966149102,0,0
2026-01-04 11:15:28.790495,837006.5857717049,609905.6843700943,558.00439051447,406.6037895800629,1446912.2701417992,0,0
2026-01-04 11:15:29.790495,841313.1156504686,1065934.0825641786,560.8754104336457,710.6227217094524,1907247.1982146474,0,0
2026-01-04 11:15:30.790495,4574470.530854768,3067924.2209755494,702.7097977880019,471.2808606830845,7642394.751830318,0,0
2026-01-04 11:15:31.790495,1200380.3110670936,641742.5953386427,800.2535407113958,427.8283968924285,1842122.9064057365,0,0
2026-01-04 11:15:32.790495,1288455.6884540452,797433.4170098657,858.9704589693634,531.6222780065772,2085889.1054639108,0,0
2026-01-04 11:15:33.790495,815554.3945645146,838629.3729171915,543.7029297096764,559.086248611461,1654183.767481706,0,0
2026-01-04 11:15:34.790495,756914.3564843424,1211308.5794281103,504.6095709895616,807.5390529520735,1968222.9359124529,0,0
2026-01-04 11:15:35.790495,720611.6606057719,968562.8601610758,480.4077737371813,645.7085734407173,1689174.5207668478,0,0
2026-01-04 11:15:36.790495,1106022.9627864833,692073.4034959344,737.3486418576556,461.3822689972896,1798096.366282418,0,0
2026-01-04 11:15:37.790495,900616.9844905142,445254.3050398421,600.4113229936761,296.83620335989474,1345871.2895303562,0,0
2026-01-04 11:15:38.790495,895778.6578067209,562439.421299125,597.1857718711473,374.95961419941665,1458218.079105846,0,1
2026-01-04 11:15:39.790495,779785.601360479,935191.3641987388,519.8570675736527,623.4609094658259,1714976.9655592178,0,0
2026-01-04 11:15:40.790495,960946.7526751857,858924.968764307,640.6311684501238,572.6166458428713,1819871.7214394927,1,0
2026-01-04 11:15:41.790495,1033195.5897899754,472580.4034141579,688.7970598599836,315.05360227610527,1505775.9932041334,0,0
2026-01-04 11:15:42.790495,1604849.371569632,799971.533807767,1069.8995810464214,533.3143558718447,2404820.905377399,0,0
2026-01-04 11:15:43.790495,750726.981979705,959014.0170753325,500.4846546531367,639.3426780502216,1709740.9990550375,0,0
2026-01-04 11:15:44.790495,683030.0926020924,1349292.4585214248,455.3533950680616,899.5283056809499,2032322.5511235173,0,0
2026-01-04 11:15:45.790495,825631.9635190102,540719.885994382,550.4213090126735,360.4799239962546,1366351.8495133922,0,0
2026-01-04 11:15:46.790495,3911415.9018385047,2458226.6172466828,625.0851068190841,392.85028393551846,6369642.519085187,0,0
2026-01-04 11:15:47.790495,727113.9400474164,1055064.794391059,484.7426266982776,703.3765295940394,1782178.7344384752,0,0
2026-01-04 11:15:48.790495,1603477.433781049,786937.91417284,1068.9849558540327,524.6252761152266,2390415.347953889,0,0
2026-01-04 11:15:49.790495,1114822.500506679,793564.27168789,743.215000337786,529.0428477919266,1908386.7721945692,0,0
2026-01-04 11:15:50.790495,1009162.0625897791,734722.5756883678,672.7747083931861,489.8150504589119,1743884.638278147,0,0
2026-01-04 11:15:51.790495,3210968.6369242393,5479690.9441058,452.0214469961746,771.3989483307993,8690659.58103004,0,0
2026-01-04 11:15:52.790495,546516.7255727496,1264039.5378206233,364.3444837151664,842.6930252137488,1810556.2633933728,0,0
2026-01-04 11:15:53.790495,467437.9921260993,1028099.7414635188,311.6253280840662,685.3998276423458,1495537.733589618,0,0
2026-01-04 11:15:54.790495,1036715.8998722159,787552.2967431119,691.143933248144,525.034864495408,1824268.1966153278,0,0
2026-01-04 11:15:55.790495,3127894.348524876,3567154.167261985,512.0592005294025,583.9692481668142,6695048.515786861,0,0
2026-01-04 11:15:56.790495,1002318.1365370953,833256.1153255587,668.2120910247302,555.5040768837058,1835574.251862654,0,0
2026-01-04 11:15:57.790495,1048119.1885817826,513388.81812343333,698.7461257211884,342.2592120822889,1561508.006705216,0,0
2026-01-04 11:15:58.790495,711048.6815969984,836221.2551903571,474.0324543979989,557.4808367935714,1547269.9367873555,0,0
2026-01-04 11:15:59.790495,1154074.860552164,834695.6344004535,769.3832403681093,556.463756266969,1988770.4949526174,0,0
2026-01-04 11:16:00.790495,391437.5954819184,861956.2368814455,260.9583969879456,574.6374912542971,1253393.832363364,0,0
2026-01-04 11:16:01.790495,1256432.9505289637,621024.2187614621,837.6219670193092,414.01614584097473,1877457.1692904257,0,0
2026-01-04 11:16:02.790495,858749.5278707684,546477.9677545426,572.499685247179,364.31864516969506,1405227.495625311,0,0
2026-01-04 11:16:03.790495,1010056.5734890025,600286.8480431231,673.3710489926683,400.19123202874874,1610343.4215321257,0,0
2026-01-04 11:16:04.790495,648624.7622739045,862664.2218554893,432.416508182603,575.1094812369929,1511288.9841293937,0,0
2026-01-04 11:16:05.790495,1095179.7143879673,534190.1128085972,730.1198095919782,356.1267418723981,1629369.8271965645,0,0
2026-01-04 11:16:06.790495,784799.7931679718,654955.4521645503,523.1998621119811,436.6369681097002,1439755.245332522,0,0
2026-01-04 11:16:07.790495,594898.5296128463,625635.7712894505,396.59901974189756,417.09051419296696,1220534.3009022968,0,0
2026-01-04 11:16:08.790495,1588955.5980323192,2284004.1689072233,287.32249809739585,413.00448186717796,3872959.7669395427,0,0
2026-01-04 11:16:09.790495,428803.6420104413,354476.4497150971,285.8690946736275,236.31763314339807,783280.0917255384,0,0
2026-01-04 11:16:10.790495,898346.9813786999,396540.3802882023,598.8979875857999,264.36025352546824,1294887.3616669022,0,0
2026-01-04 11:16:11.790495,1004233.3638626521,524932.4815268798,669.488909241768,349.95498768458657,1529165.845389532,0,0
2026-01-04 11:16:12.790495,865541.9054033367,546548.2940916843,577.0279369355578,364.3655293944562,1412090.199495021,0,0
2026-01-04 11:16:13.790495,935742.373582457,766064.9053108417,623.8282490549713,510.7099368738945,1701807.2788932987,0,0
2026-01-04 11:16:14.790495,866960.1976477825,538616.4733552658,577.9734650985217,359.0776489035105,1405576.6710030483,0,0
2026-01-04 11:16:15.790495,1159334.1589925815,502725.90829548996,772.8894393283877,335.15060553032663,1662060.0672880714,0,0
2026-01-04 11:16:16.790495,743243.9409833554,1320441.871300258,495.4959606555703,880.2945808668386,2063685.8122836133,0,0
2026-01-04 11:16:17.790495,887730.6052821715,491209.7540316895,591.8204035214477,327.4731693544597,1378940.359313861,0,0
2026-01-04 11:16:18.790495,370434.17252604506,813310.6338806454,246.95611501736337,542.2070892537636,1183744.8064066905,0,0
2026-01-04 11:16:19.790495,612947.4397052969,782078.7671810031,408.63162647019794,521.3858447873354,1395026.2068863001,0,0
2026-01-04 11:16:20.790495,882372.6859904205,655680.9204405005,588.248457326947,437.1206136270003,1538053.606430921,0,0
2026-01-04 11:16:21.790495,2473567.8218797334,3435634.662122828,388.52260479521226,539.6341738623975,5909202.484002561,0,0
2026-01-04 11:16:22.790495,858520.5563485413,527591.9158129368,572.3470375656942,351.7279438752912,1386112.4721614781,0,0
2026-01-04 11:16:23.790495,3712486.5708857225,2881530.9016122688,543.7767592573103,422.0647012346452,6594017.472497991,0,0
2026-01-04 11:16:24.790495,468631.55939023016,978580.0464176349,312.4210395934868,652.3866976117566,1447211.605807865,0,0
2026-01-04 11:16:25.790495,504342.10853790934,774291.8802212842,336.22807235860625,516.1945868141895,1278633.9887591936,0,0
2026-01-04 11:16:26.790495,677161.6580479419,1110449.777325689,451.44110536529456,740.2998515504594,1787611.435373631,0,0
2026-01-04 11:16:27.790495,471371.35381969006,935950.4328052163,314.2475692131267,623.9669552034775,1407321.7866249064,0,0
2026-01-04 11:16:28.790495,949154.8331735677,831458.8522631873,632.7698887823784,554.3059015087915,1780613.685436755,0,0
2026-01-04 11:16:29.790495,578939.2857313529,901518.0249566021,385.9595238209019,601.0120166377347,1480457.310687955,0,0
2026-01-04 11:16:30.790495,526174.1379378276,895520.6138867271,350.78275862521843,597.0137425911514,1421694.7518245548,0,0
2026-01-04 11:16:31.790495,1014781.9695570995,655885.5844084353,676.5213130380663,437.2570562722902,1670667.5539655348,0,0
2026-01-04 11:16:32.790495,1152914.9955084834,2026610.7553595959,245.3267554248809,431.2389404756237,3179525.7508680793,0,1
2026-01-04 11:16:33.790495,624318.7642443521,1092857.2788478835,416.21250949623476,728.5715192319223,1717176.0430922357,0,0
2026-01-04 11:16:34.790495,2107581.0163848298,1303672.1085858075,379.523729381631,234.75942167575388,3411253.1249706373,0,0
2026-01-04 11:16:35.790495,392729.6315579659,875776.8699425816,261.81975437197724,583.8512466283878,1268506.5015005474,0,0
2026-01-04 11:16:36.790495,777872.9872878878,895301.7174719938,518.5819915252586,596.8678116479958,1673174.7047598816,0,0
2026-01-04 11:16:37.790495,1160058.9468234072,601458.1213845753,773.3726312156048,400.97208092305016,1761517.0682079825,0,0
2026-01-04 11:16:38.790495,1374972.0377036643,889073.2226854992,916.6480251357762,592.7154817903328,2264045.2603891636,0,0
2026-01-04 11:16:39.790495,838578.2222202065,1199366.9630234546,559.0521481468044,799.5779753489697,2037945.185243661,0,0
2026-01-04 11:16:40.790495,991787.6874165752,513544.35140573926,661.1917916110501,342.3629009371595,1505332.0388223145,0,0
2026-01-04 11:16:41.790495,833200.1256951127,372073.2459575649,555.4667504634085,248.04883063837661,1205273.3716526777,0,0
2026-01-04 11:16:42.790495,751372.1865202474,1167541.6799913638,500.91479101349825,778.3611199942425,1918913.8665116113,0,0
2026-01-04 11:16:43.790495,739858.2934473709,1236578.2792321271,493.2388622982472,824.3855194880847,1976436.572679498,0,0
2026-01-04 11:16:44.790495,776796.5535833074,910001.9184646725,517.8643690555383,606.667945643115,1686798.47204798,0,0
2026-01-04 11:16:45.790495,908268.6539854602,980257.1782520043,605.5124359903068,653.5047855013362,1888525.8322374644,0,0
2026-01-04 11:16:46.790495,1070332.9932224958,673472.8487656582,713.5553288149972,448.9818991771055,1743805.841988154,0,0
2026-01-04 11:16:47.790495,995269.2550900949,925508.9457786661,663.5128367267299,617.0059638524441,1920778.200868761,0,0
2026-01-04 11:16:48.790495,941028.4721906265,698332.3492551445,627.352314793751,465.5548995034297,1639360.821445771,0,0
2026-01-04 11:16:49.790495,1383598.9921611273,624560.3441764724,922.3993281074182,416.3735627843149,2008159.3363375997,0,0
2026-01-04 11:16:50.790495,3941787.1701531424,4175671.1378643345,578.9122465257844,613.2617147566606,8117458.308017476,0,0
2026-01-04 11:16:51.790495,926169.536656719,623151.2637622793,617.446357771146,415.4341758415195,1549320.8004189983,0,0
2026-01-04 11:16:52.790495,1158590.2357447627,767200.417885601,772.3934904965084,511.4669452570674,1925790.6536303638,0,0
2026-01-04 11:16:53.790495,731622.9903102224,1514506.3176678848,487.7486602068149,1009.6708784452564,2246129.307978107,0,0
2026-01-04 11:16:54.790495,1185238.163440434,783384.1473213144,790.1587756269561,522.2560982142096,1968622.3107617483,0,0
2026-01-04 11:16:55.790495,971442.7548863571,648404.5783017718,647.6285032575714,432.26971886784787,1619847.333188129,0,0
2026-01-04 11:16:56.790495,793488.5285542124,468805.65577371855,528.9923523694749,312.5371038491457,1262294.184327931,0,0
2026-01-04 11:16:57.790495,790868.067480174,1173011.772682934,527.2453783201161,782.0078484552894,1963879.840163108,0,0
2026-01-04 11:16:58.790495,1322997.7489704823,787159.5193371207,881.9984993136549,524.7730128914138,2110157.268307603,0,0
2026-01-04 11:16:59.790495,910873.9211691254,936977.2907476596,607.249280779417,624.6515271651065,1847851.211916785,0,0
2026-01-04 11:17:00.790495,883939.567485948,443801.34899982775,589.293044990632,295.8675659998852,1327740.9164857757,0,0
2026-01-04 11:17:01.790495,1007001.1503397597,1151951.856448803,671.3341002265064,767.967904299202,2158953.006788563,0,0
2026-01-04 11:17:02.790495,844557.2817634834,719789.9210488322,563.0381878423223,479.85994736588816,1564347.2028123157,0,0
2026-01-04 11:17:03.790495,871887.3283666528,724702.8278900424,581.2582189111018,483.1352185933616,1596590.1562566953,0,0
2026-01-04 11:17:04.790495,888335.6341830556,866621.3345760322,592.2237561220371,577.7475563840216,1754956.9687590878,0,0
2026-01-04 11:17:05.790495,3195085.5487752305,3969527.364536445,581.4878515099003,722.4319673064364,7164612.913311676,0,0
2026-01-04 11:17:06.790495,596326.5668320383,1166883.3050691814,397.5510445546922,777.9222033794542,1763209.8719012197,0,0
2026-01-04 11:17:07.790495,992303.0309958742,954451.7521222192,661.5353539972494,636.3011680814794,1946754.7831180934,0,0
2026-01-04 11:17:08.790495,1156508.994099036,625303.8998901173,771.0059960660241,416.86926659341157,1781812.8939891534,0,0
2026-01-04 11:17:09.790495,735180.4224397504,650194.527589132,490.1202816265003,433.46301839275463,1385374.9500288824,0,0
2026-01-04 11:17:10.790495,484797.9179133102,755821.8472669721,323.19861194220675,503.8812315113147,1240619.7651802823,0,0
2026-01-04 11:17:11.790495,726448.5076179848,554153.9550431328,484.29900507865653,369.43597002875515,1280602.4626611175,0,0
2026-01-04 11:17:12.790495,527856.584056419,673543.587627512,351.904389370946,449.0290584183414,1201400.171683931,0,0
2026-01-04 11:17:13.790495,1093302.9776398572,885038.9764017056,728.8686517599048,590.0259842678038,1978341.9540415627,0,0
2026-01-04 11:17:14.790495,1093481.15577428,512625.7932202996,728.9874371828533,341.75052881353304,1606106.9489945795,0,0
2026-01-04 11:17:15.790495,494415.2036132539,819946.8272702318,329.61013574216923,546.6312181801545,1314362.0308834857,0,0
2026-01-04 11:17:16.790495,749719.085465503,596851.277831887,499.8127236436687,397.90085188792466,1346570.36329739,0,0
2026-01-04 11:17:17.790495,517092.9982527642,671412.4138527989,344.72866550184284,447.6082759018659,1188505.412105563,0,1
2026-01-04 11:17:18.790495,1191331.6253981024,593706.4834804798,794.2210835987349,395.80432232031984,1785038.1088785823,0,0
2026-01-04 11:17:19.790495,640273.1072665086,388365.1951169691,426.84873817767243,258.91013007797943,1028638.3023834778,0,0
2026-01-04 11:17:20.790495,1280722.5307363258,600011.194978732,853.8150204908839,400.0074633191547,1880733.7257150577,0,0
2026-01-04 11:17:21.790495,1123384.9320266894,631929.646734812,748.923288017793,421.2864311565413,1755314.5787615012,0,0
2026-01-04 11:17:22.790495,1039639.2502697245,479273.85140823614,693.0928335131497,319.5159009388241,1518913.1016779607,0,0
2026-01-04 11:17:23.790495,477281.3922659997,754374.5128011669,318.1875948439998,502.91634186744454,1231655.9050671665,0,0
2026-01-04 11:17:24.790495,3446064.1691255304,1577110.8484860214,683.1103830517461,312.6293484249701,5023175.017611552,0,0
2026-01-04 11:17:25.790495,1418858.0171722965,617281.1133163407,945.905344781531,411.5207422108938,2036139.1304886371,0,0
2026-01-04 11:17:26.790495,664731.2877249268,1059030.5949064447,443.15419181661787,706.0203966042965,1723761.8826313715,0,0
2026-01-04 11:17:27.790495,550994.7836113725,734267.1711006098,367.329855740915,489.51144740040655,1285261.9547119823,0,0
2026-01-04 11:17:28.790495,738764.5335541674,751660.976309914,492.5096890361116,501.1073175399427,1490425.5098640814,0,0
2026-01-04 11:17:29.790495,1121175.695336771,661384.9451782538,747.4504635578473,440.92329678550254,1782560.6405150248,0,0
2026-01-04 11:17:30.790495,1087019.4894758428,843063.7909559511,724.6796596505619,562.0425273039674,1930083.280431794,0,0
2026-01-04 11:17:31.790495,1164136.4389975327,741903.6865026632,776.0909593316885,494.6024576684421,1906040.125500196,0,0
2026-01-04 11:17:32.790495,1121339.1305896188,782089.6640366059,747.5594203930792,521.3931093577372,1903428.7946262248,0,0
2026-01-04 11:17:33.790495,921773.9151227662,900714.8089664761,614.5159434151774,600.4765393109841,1822488.7240892423,0,0
2026-01-04 11:17:34.790495,1070343.8018722339,599293.3893907904,713.5625345814892,399.52892626052693,1669637.1912630242,0,0
2026-01-04 11:17:35.790495,784354.3337672731,677805.2238092165,522.902889178182,451.87014920614433,1462159.5575764896,0,0
2026-01-04 11:17:36.790495,1075648.0454427162,503703.77432931133,717.0986969618108,335.8025162195409,1579351.8197720277,0,0
2026-01-04 11:17:37.790495,511565.29035034444,1119333.4979474016,341.0435269002296,746.2223319649344,1630898.788297746,0,0
2026-01-04 11:17:38.790495,624684.7453896661,733436.6818793381,416.45649692644406,488.9577879195587,1358121.427269004,0,0
2026-01-04 11:17:39.790495,984001.0719018992,707141.8660413794,656.0007146012662,471.42791069425294,1691142.9379432786,0,1
2026-01-04 11:17:40.790495,3429841.2658668365,1969033.2007175523,575.9368481087091,330.63885105366836,5398874.466584389,0,0
2026-01-04 11:17:41.790495,577361.4224314203,527708.1595790489,384.9076149542802,351.8054397193659,1105069.5820104692,0,0
2026-01-04 11:17:42.790495,829410.8425991014,973199.0257535484,552.9405617327343,648.7993505023655,1802609.8683526497,0,0
2026-01-04 11:17:43.790495,857461.8134305506,650423.633455187,571.6412089537005,433.61575563679133,1507885.4468857376,0,0
2026-01-04 11:17:44.790495,674065.7232656918,1326923.537206509,449.37714884379454,884.6156914710059,2000989.2604722008,0,0
2026-01-04 11:17:45.790495,564612.1606576955,1075485.5085782337,376.40810710513034,716.9903390521557,1640097.6692359291,0,0
2026-01-04 11:17:46.790495,374942.42436219,734154.7492572776,249.96161624146,489.4364995048517,1109097.1736194675,0,0
2026-01-04 11:17:47.790495,626215.3936982461,735125.2326071594,417.47692913216406,490.08348840477294,1361340.6263054055,0,0
2026-01-04 11:17:48.790495,468309.41709753964,804082.4098978917,312.2062780650264,536.0549399319278,1272391.8269954314,0,0
2026-01-04 11:17:49.790495,1419205.894739185,702773.5691619188,946.1372631594567,468.51571277461255,2121979.463901104,0,0
2026-01-04 11:17:50.790495,758232.841880106,1106374.2315309604,505.488561253404,737.5828210206403,1864607.0734110663,0,0
2026-01-04 11:17:51.790495,825912.8954001872,1020366.3859165944,550.6085969334581,680.2442572777296,1846279.2813167816,0,0
2026-01-04 11:17:52.790495,2985614.750984218,2688331.7249727976,656.0191813475102,590.6981725709315,5673946.4759570155,0,0
2026-01-04 11:17:53.790495,635409.0657638661,957482.3041328037,423.6060438425774,638.3215360885358,1592891.3698966696,0,0
2026-01-04 11:17:54.790495,2472053.0664905817,1956527.8433263577,481.50165267034527,381.08865979749663,4428580.909816939,0,0
2026-01-04 11:17:55.790495,674205.127604998,682448.1215800872,449.4700850699986,454.96541438672483,1356653.249185085,0,0
2026-01-04 11:17:56.790495,921987.9801917095,727283.3399878878,614.6586534611397,484.8555599919252,1649271.3201795972,0,0
2026-01-04 11:17:57.790495,904685.303815984,1125208.5606709775,603.1235358773228,750.1390404473183,2029893.8644869616,0,0
2026-01-04 11:17:58.790495,787655.5768585345,1267371.692009618,525.1037179056897,844.9144613397453,2055027.2688681525,0,0
2026-01-04 11:17:59.790495,1002403.1787306514,824012.5608069353,668.2687858204342,549.3417072046235,1826415.7395375867,0,0
2026-01-04 11:18:00.790495,518144.17186676036,1049156.4703801258,345.42944791117355,699.4376469200839,1567300.6422468862,0,1
2026-01-04 11:18:01.790495,765574.0446910956,687891.9957353335,510.3826964607304,458.59466382355566,1453466.0404264291,0,0
2026-01-04 11:18:02.790495,861426.5258914317,394246.75096156547,574.2843505942878,262.8311673077103,1255673.2768529973,0,0
2026-01-04 11:18:03.790495,615587.8351168905,1130540.4566214534,410.391890077927,753.6936377476356,1746128.291738344,0,0
2026-01-04 11:18:04.790495,3063347.0819233353,3021122.2831069394,533.419673690328,526.0670826179053,6084469.365030275,0,0
2026-01-04 11:18:05.790495,663509.0314350344,756839.1441783808,442.3393542900229,504.5594294522539,1420348.1756134152,0,0
2026-01-04 11:18:06.790495,1017479.0178151816,642261.4604682153,678.3193452101211,428.1743069788102,1659740.478283397,0,0
2026-01-04 11:18:07.790495,619437.9967315738,1180784.7720161912,412.9586644877159,787.1898480107941,1800222.768747765,0,0
2026-01-04 11:18:08.790495,1177373.296014544,549269.6616323398,784.9155306763628,366.1797744215599,1726642.9576468838,0,0
2026-01-04 11:18:09.790495,885637.6437607339,766772.1682807402,590.4250958404892,511.1814455204934,1652409.812041474,0,0
2026-01-04 11:18:10.790495,502869.0493828405,912862.5294033235,335.2460329218937,608.5750196022157,1415731.578786164,0,0
2026-01-04 11:18:11.790495,868986.42021204,1177718.7630442376,579.32428014136,785.1458420294917,2046705.1832562776,0,0
2026-01-04 11:18:12.790495,322713.7970880103,513925.0968336841,215.14253139200687,342.61673122245605,836638.8939216944,0,0
2026-01-04 11:18:13.790495,1037454.9868689117,606533.8154407563,691.6366579126078,404.3558769605042,1643988.802309668,0,0
2026-01-04 11:18:14.790495,941725.9507857553,445941.11037643015,627.8173005238368,297.29407358428676,1387667.0611621854,0,0
2026-01-04 11:18:15.790495,842114.8461877333,470235.81661622087,561.4098974584889,313.4905444108139,1312350.6628039542,0,0
2026-01-04 11:18:16.790495,542557.865306683,1063594.8712232313,361.70524353778865,709.0632474821542,1606152.7365299144,0,0
2026-01-04 11:18:17.790495,935379.1294066972,464734.2129971826,623.5860862711315,309.8228086647884,1400113.3424038799,0,0
2026-01-04 11:18:18.790495,611882.1024199829,288970.6973986021,407.9214016133219,192.64713159906805,900852.7998185849,0,0
2026-01-04 11:18:19.790495,598978.9851277146,572087.2464624686,399.31932341847636,381.39149764164574,1171066.2315901832,0,0
2026-01-04 11:18:20.790495,536183.1440489435,965261.2412349161,357.45542936596235,643.5074941566107,1501444.3852838597,0,0
2026-01-04 11:18:21.790495,423187.0051999748,915970.8442740781,282.12467013331656,610.6472295160521,1339157.849474053,0,0
2026-01-04 11:18:22.790495,764437.4965919141,860835.8344605976,509.62499772794274,573.890556307065,1625273.3310525117,0,0
2026-01-04 11:18:23.790495,803463.8038920887,615176.6886997231,535.6425359280591,410.11779246648206,1418640.4925918118,0,0
2026-01-04 11:18:24.790495,922086.2105758202,470058.0730831852,614.7241403838801,313.37204872212345,1392144.2836590053,0,0
2026-01-04 11:18:25.790495,890005.7946576541,494670.8419621019,593.3371964384361,329.78056130806794,1384676.636619756,0,0
2026-01-04 11:18:26.790495,455403.5790272568,1001583.9392260514,303.6023860181712,667.722626150701,1456987.5182533083,0,0
2026-01-04 11:18:27.790495,724555.603004044,624042.5408375779,483.03706866936267,416.02836055838526,1348598.143841622,0,0
2026-01-04 11:18:28.790495,825334.8692234436,558003.0105155131,550.2232461489624,372.0020070103421,1383337.8797389567,0,0
2026-01-04 11:18:29.790495,812000.1022199226,406248.578114363,541.3334014799484,270.83238540957535,1218248.6803342856,0,0
2026-01-04 11:18:30.790495,486811.3446855255,868223.649664534,324.540896457017,578.8157664430227,1355034.9943500594,0,0
2026-01-04 11:18:31.790495,678774.1018945292,1031582.2252851982,452.51606792968613,687.7214835234655,1710356.3271797274,0,0
2026-01-04 11:18:32.790495,3970241.3567543686,1919808.0244688508,718.0943318711853,347.2341192322105,5890049.381223219,0,0
2026-01-04 11:18:33.790495,767077.2421813959,520348.1014184747,511.3848281209306,346.8987342789831,1287425.3435998706,0,1
2026-01-04 11:18:34.790495,1182719.017914274,676200.8188763913,788.4793452761827,450.8005459175942,1858919.8367906653,0,0
2026-01-04 11:18:35.790495,629923.4034668936,486825.6069358326,419.94893564459574,324.55040462388837,1116749.0104027262,0,0
2026-01-04 11:18:36.790495,1138795.0450559498,498505.8218651745,759.1966967039665,332.337214576783,1637300.8669211243,0,0
2026-01-04 11:18:37.790495,469625.92659330176,901966.5999751418,313.08395106220115,601.3110666500945,1371592.5265684435,0,0
2026-01-04 11:18:38.790495,897377.2945209743,1019243.2025245255,598.2515296806495,679.4954683496836,1916620.4970454997,0,0
2026-01-04 11:18:39.790495,1333359.102469799,782914.1824936285,888.9060683131994,521.9427883290856,2116273.2849634276,0,0
2026-01-04 11:18:40.790495,999497.8972562596,964232.828901072,666.3319315041731,642.821885934048,1963730.7261573316,0,0
2026-01-04 11:18:41.790495,1189581.4608364312,1088397.6732913258,793.0543072242875,725.5984488608839,2277979.134127757,0,0
2026-01-04 11:18:42.790495,998968.0471315072,826001.7129886209,665.9786980876714,550.6678086590806,1824969.760120128,0,0
2026-01-04 11:18:43.790495,1096115.5871150552,535101.3119640558,730.7437247433701,356.73420797603717,1631216.899079111,0,0
2026-01-04 11:18:44.790495,1043907.7786215433,740058.8890022525,695.9385190810289,493.37259266816835,1783966.6676237958,0,0
2026-01-04 11:18:45.790495,785570.1829901912,820248.3246439175,523.7134553267941,546.8322164292783,1605818.5076341087,0,0
2026-01-04 11:18:46.790495,650530.2185644486,1198537.798532898,433.6868123762991,799.025199021932,1849068.0170973467,0,0
2026-01-04 11:18:47.790495,809779.0405003948,1126313.8644214128,539.8526936669299,750.8759096142752,1936092.9049218076,0,0
2026-01-04 11:18:48.790495,678687.0722521272,1548268.3967892537,452.4580481680848,1032.1789311928358,2226955.469041381,0,0
2026-01-04 11:18:49.790495,1078904.0946504634,497791.785273181,719.2693964336423,331.86119018212065,1576695.8799236445,0,0
2026-01-04 11:18:50.790495,922902.8396404771,1243849.8810174824,615.2685597603181,829.2332540116549,2166752.7206579596,0,0
2026-01-04 11:18:51.790495,354490.9703477544,536789.0179201668,236.32731356516962,357.8593452801112,891279.9882679213,0,0
2026-01-04 11:18:52.790495,735881.7646155908,1016974.0839990196,490.58784307706054,677.982722666013,1752855.8486146103,0,0
2026-01-04 11:18:53.790495,727627.9401516931,1095911.1431105519,485.085293434462,730.6074287403679,1823539.083262245,0,0
2026-01-04 11:18:54.790495,1009746.8432722094,499478.5452207332,673.1645621814729,332.98569681382213,1509225.3884929426,0,0
2026-01-04 11:18:55.790495,893625.8031021298,820830.6519987562,595.7505354014199,547.2204346658375,1714456.455100886,0,0
2026-01-04 11:18:56.790495,1139553.0146754794,863586.9364984924,759.7020097836529,575.7246243323283,2003139.9511739716,0,0
2026-01-04 11:18:57.790495,585714.7043116222,1109046.729363917,390.4764695410815,739.3644862426113,1694761.4336755392,0,0
2026-01-04 11:18:58.790495,1083235.2701546503,609927.0845795722,722.1568467697668,406.61805638638145,1693162.3547342226,0,0
2026-01-04 11:18:59.790495,581297.8412279771,1315806.6891940003,387.5318941519847,877.2044594626669,1897104.5304219774,0,0
2026-01-04 11:19:00.790495,870561.989239198,1025046.844723238,580.3746594927987,683.3645631488254,1895608.833962436,0,0
2026-01-04 11:19:01.790495,759137.3978136912,764867.6330493935,506.09159854246076,509.91175536626235,1524005.0308630846,0,0
2026-01-04 11:19:02.790495,668479.1019051047,956427.6909734068,445.65273460340313,637.6184606489378,1624906.7928785116,0,0
2026-01-04 11:19:03.790495,602089.2353511048,1056965.8917117205,401.3928235674032,704.6439278078136,1659055.1270628253,0,0
2026-01-04 11:19:04.790495,1005673.6950384983,602415.5864684781,670.4491300256655,401.6103909789854,1608089.2815069763,0,0
2026-01-04 11:19:05.790495,658495.395522316,1051872.927818863,438.99693034821064,701.2486185459086,1710368.323341179,0,0
2026-01-04 11:19:06.790495,570361.1636518242,415306.02339975187,380.24077576788284,276.87068226650126,985667.1870515761,0,0
2026-01-04 11:19:07.790495,1192738.327869149,512929.5567198872,795.1588852460993,341.9530378132581,1705667.8845890362,0,0
2026-01-04 11:19:08.790495,904331.6236908752,631000.0198187919,602.8877491272501,420.6666798791946,1535331.6435096671,0,0
2026-01-04 11:19:09.790495,950451.0063567676,429122.4309378837,633.634004237845,286.08162062525577,1379573.4372946513,0,0
2026-01-04 11:19:10.790495,1004627.0549791364,802781.2086398734,669.7513699860909,535.1874724265823,1807408.2636190099,0,0
2026-01-04 11:19:11.790495,651438.5769289903,687960.4160169024,434.29238461932687,458.6402773446016,1339398.9929458927,0,0
2026-01-04 11:19:12.790495,488650.30950616626,584672.2060486134,325.76687300411083,389.7814706990756,1073322.5155547797,0,0
2026-01-04 11:19:13.790495,753868.3034239726,802217.5845624434,502.57886894931505,534.811723041629,1556085.887986416,0,0
2026-01-04 11:19:14.790495,526198.4184305177,1123428.27830843,350.7989456203451,748.9521855389534,1649626.6967389476,0,0
2026-01-04 11:19:15.790495,472282.9571973711,714650.1596563661,314.8553047982474,476.43343977091075,1186933.1168537373,0,0
2026-01-04 11:19:16.790495,377483.1072568917,712999.196861577,251.6554048379278,475.332797907718,1090482.3041184687,0,0
2026-01-04 11:19:17.790495,582531.8791607154,649933.1756291877,388.3545861071436,433.2887837527918,1232465.054789903,0,0
2026-01-04 11:19:18.790495,654347.9691239571,887956.5971184281,436.2319794159714,591.9710647456187,1542304.5662423852,0,0
2026-01-04 11:19:19.790495,541968.4748433525,789714.8915606923,361.31231656223497,526.4765943737949,1331683.366404045,0,0
2026-01-04 11:19:20.790495,410907.38275896723,917476.3386122461,273.9382551726448,611.650892408164,1328383.7213712132,0,0
2026-01-04 11:19:21.790495,1117714.1352981492,909773.3193161312,745.1427568654328,606.5155462107541,2027487.4546142803,0,0
2026-01-04 11:19:22.790495,668086.3187243572,779845.3964899459,445.39087914957145,519.8969309932972,1447931.715214303,0,0
2026-01-04 11:19:23.790495,1130368.9671356871,999181.1552407482,753.5793114237914,666.1207701604988,2129550.1223764354,0,0
2026-01-04 11:19:24.790495,477177.3459798422,628068.139210061,318.1182306532281,418.71209280670735,1105245.4851899033,0,0
2026-01-04 11:19:25.790495,840850.1890152202,869292.146894881,560.5667926768134,579.5280979299207,1710142.3359101012,0,0
2026-01-04 11:19:26.790495,676275.7499733531,1182295.4637193491,450.8504999822354,788.1969758128994,1858571.2136927024,0,0
2026-01-04 11:19:27.790495,598803.6237106929,901136.5723865572,399.20241580712855,600.7577149243715,1499940.19609725,0,0
2026-01-04 11:19:28.790495,753526.8413739345,575548.9143514157,502.35122758262304,383.69927623427714,1329075.7557253502,0,0
2026-01-04 11:19:29.790495,669851.4607130025,620593.3079344631,446.567640475335,413.72887195630875,1290444.7686474656,0,0
2026-01-04 11:19:30.790495,1004287.1895679091,446172.4821568019,669.5247930452728,297.44832143786795,1450459.671724711,0,0
2026-01-04 11:19:31.790495,885348.7556409785,721712.79301867,590.2325037606523,481.1418620124467,1607061.5486596485,0,0
2026-01-04 11:19:32.790495,968838.7893514752,1110693.2163270023,645.8925262343168,740.4621442180015,2079532.0056784777,0,0
2026-01-04 11:19:33.790495,648021.8591262287,596193.0179282672,432.0145727508191,397.46201195217816,1244214.877054496,0,0
2026-01-04 11:19:34.790495,1093190.6320122238,538579.5009729821,728.7937546748159,359.05300064865474,1631770.1329852059,0,0
2026-01-04 11:19:35.790495,1060491.9904093232,498578.9856063182,706.9946602728821,332.3859904042121,1559070.9760156416,0,0
2026-01-04 11:19:36.790495,773924.1865802674,640294.4101397052,515.9494577201782,426.8629400931368,1414218.5967199726,0,0
2026-01-04 11:19:37.790495,692568.9595700627,896519.9368293294,461.71263971337515,597.6799578862195,1589088.896399392,0,0
2026-01-04 11:19:38.790495,804554.4865440477,1320705.355985688,536.3696576960318,880.470237323792,2125259.8425297355,0,0
2026-01-04 11:19:39.790495,729788.5599178615,732237.0385799328,486.52570661190765,488.15802571995516,1462025.5984977942,0,0
2026-01-04 11:19:40.790495,557593.3026585917,1138254.7006610036,371.7288684390611,758.8364671073357,1695848.0033195952,0,0
2026-01-04 11:19:41.790495,1571173.4157601616,712681.2594384833,1047.4489438401076,475.1208396256555,2283854.675198645,0,0
2026-01-04 11:19:42.790495,671825.6324929456,997233.5392399018,447.8837549952971,664.8223594932679,1669059.1717328476,0,0
2026-01-04 11:19:43.790495,539969.1168192867,999035.3511153318,359.9794112128578,666.0235674102212,1539004.4679346185,0,0
2026-01-04 11:19:44.790495,1099816.4201580924,739463.3258234911,733.2109467720616,492.9755505489941,1839279.7459815836,1,0
2026-01-04 11:19:45.790495,1176125.8971168844,554543.585888457,784.0839314112562,369.695723925638,1730669.4830053414,0,0
2026-01-04 11:19:46.790495,1187402.8005285144,1236968.9396630747,791.6018670190097,824.6459597753831,2424371.740191589,0,0
2026-01-04 11:19:47.790495,829043.9156946682,423615.127375033,552.6959437964455,282.4100849166887,1252659.0430697012,0,0
2026-01-04 11:19:48.790495,795072.6948918847,1003678.0897503196,530.0484632612564,669.118726500213,1798750.7846422044,0,0
2026-01-04 11:19:49.790495,624984.9900509717,1139389.219542241,416.65666003398115,759.5928130281607,1764374.2095932127,0,0
2026-01-04 11:19:50.790495,1014169.0656923522,1249042.2183358404,676.1127104615682,832.6948122238936,2263211.2840281925,0,0
2026-01-04 11:19:51.790495,639707.467119327,1450708.6275087004,426.47164474621803,967.1390850058002,2090416.0946280274,0,0
2026-01-04 11:19:52.790495,633613.0533701805,1121531.609849308,422.408702246787,747.6877398995387,1755144.6632194885,0,0
2026-01-04 11:19:53.790495,1143633.9453738916,986512.7935810372,762.422630249261,657.6751957206915,2130146.7389549287,0,0
2026-01-04 11:19:54.790495,882609.1580515587,1067273.3856911657,588.4061053677058,711.5155904607772,1949882.5437427245,0,0
2026-01-04 11:19:55.790495,1264302.6970862912,572426.2192500557,842.8684647241942,381.6174795000372,1836728.9163363469,0,0
2026-01-04 11:19:56.790495,938133.1529010477,537561.7279634738,625.4221019340318,358.3744853089825,1475694.8808645215,0,0
2026-01-04 11:19:57.790495,859078.1174079803,468024.8092342712,572.7187449386535,312.0165394895141,1327102.9266422514,0,0
2026-01-04 11:19:58.790495,520409.94268691516,559644.0724446339,346.9399617912768,373.0960482964226,1080054.015131549,0,0
2026-01-04 11:19:59.790495,576577.5530132229,946189.9061506216,384.38503534214857,630.793270767081,1522767.4591638446,0,0
2026-01-04 11:20:00.790495,678336.1994372737,807800.4761983997,452.22413295818245,538.5336507989331,1486136.6756356733,0,0
2026-01-04 11:20:01.790495,894404.2687321716,852079.5619136448,596.2695124881144,568.0530412757632,1746483.8306458164,0,0
2026-01-04 11:20:02.790495,614691.5184487577,952063.5875313138,409.79434563250516,634.7090583542092,1566755.1059800715,0,0
2026-01-04 11:20:03.790495,1137709.583414875,769043.4403408777,758.4730556099166,512.6956268939185,1906753.0237557527,0,0
2026-01-04 11:20:04.790495,1583106.449704234,685992.1975173483,1055.4042998028226,457.32813167823224,2269098.6472215825,0,0
2026-01-04 11:20:05.790495,508251.6349019909,998031.4413557574,338.83442326799394,665.3542942371716,1506283.0762577483,0,0
2026-01-04 11:20:06.790495,1107557.4382881525,598048.8981928376,738.371625525435,398.69926546189174,1705606.33648099,0,0
2026-01-04 11:20:07.790495,1355660.3734630705,618926.6145810641,903.7735823087137,412.6177430540427,1974586.9880441346,0,0
2026-01-04 11:20:08.790495,921032.9271471504,1266312.0646605492,614.0219514314336,844.2080431070327,2187344.9918076997,0,0
2026-01-04 11:20:09.790495,1042732.4038276083,680409.2131064786,695.1549358850722,453.6061420709857,1723141.616934087,0,0
2026-01-04 11:20:10.790495,431871.05709041096,781745.3494320805,287.914038060274,521.1635662880536,1213616.4065224915,0,0
2026-01-04 11:20:11.790495,777245.9662516606,875614.3890162802,518.1639775011071,583.7429260108535,1652860.3552679408,0,0
2026-01-04 11:20:12.790495,1119834.269104516,666421.6400669522,746.5561794030106,444.28109337796815,1786255.909171468,0,0
2026-01-04 11:20:13.790495,409242.24628751486,752708.6272809822,272.8281641916766,501.8057515206548,1161950.8735684971,0,0
2026-01-04 11:20:14.790495,465711.22571054223,1059459.5048285872,310.4741504736948,706.3063365523915,1525170.7305391293,0,0
2026-01-04 11:20:15.790495,553458.1795543453,838964.5197122891,368.97211970289686,559.3096798081928,1392422.6992666344,0,0
2026-01-04 11:20:16.790495,672338.3018628082,982917.0009267145,448.2255345752055,655.2780006178097,1655255.3027895228,0,0
2026-01-04 11:20:17.790495,1397690.2725482963,739452.1463107162,931.7935150321975,492.96809754047746,2137142.4188590124,0,0
2026-01-04 11:20:18.790495,646679.2563848128,551002.557386786,431.11950425654186,367.3350382578573,1197681.8137715987,0,0
2026-01-04 11:20:19.790495,541715.7109200231,897479.2539030203,361.14380728001544,598.3195026020135,1439194.9648230434,0,0
2026-01-04 11:20:20.790495,854151.021610152,610123.5491525705,569.434014406768,406.74903276838035,1464274.5707627225,0,0
2026-01-04 11:20:21.790495,3168115.3336123135,3713336.680636875,499.6729588989562,585.6648925991752,6881452.014249189,0,0
2026-01-04 11:20:22.790495,1264065.5532364268,589702.2426905545,842.7103688242845,393.13482846036965,1853767.7959269811,0,0
2026-01-04 11:20:23.790495,646564.6033950164,624829.6923615381,431.0430689300109,416.5531282410254,1271394.2957565545,0,1
2026-01-04 11:20:24.790495,929420.1527674387,441363.57848391775,619.6134351782924,294.24238565594516,1370783.7312513564,0,0
2026-01-04 11:20:25.790495,603988.9083855214,699575.4894160222,402.65927225701427,466.3836596106815,1303564.3978015436,0,0
2026-01-04 11:20:26.790495,863213.3791844967,641812.6590954479,575.4755861229978,427.8751060636319,1505026.0382799446,0,0
2026-01-04 11:20:27.790495,382506.49232256593,740770.2221671722,255.00432821504396,493.84681477811483,1123276.7144897382,0,0
2026-01-04 11:20:28.790495,579032.9570059557,397259.05657614983,386.02197133730385,264.83937105076654,976292.0135821056,0,0
2026-01-04 11:20:29.790495,581674.0495674601,344119.6894607654,387.7826997116401,229.41312630717692,925793.7390282254,0,0
2026-01-04 11:20:30.790495,3312977.20956385,4627349.177538854,452.9570660135997,632.6607079661674,7940326.3871027045,0,0
2026-01-04 11:20:31.790495,674773.680275527,844211.4005372318,449.84912018368465,562.8076003581546,1518985.0808127588,0,0
2026-01-04 11:20:32.790495,415837.9868633461,857274.2257864128,277.22532457556406,571.5161505242752,1273112.212649759,0,0
2026-01-04 11:20:33.790495,915029.4250159513,792815.2358913224,610.0196166773009,528.5434905942149,1707844.6609072736,0,0
2026-01-04 11:20:34.790495,888559.6909052972,427289.34714073245,592.3731272701981,284.8595647604883,1315849.0380460296,0,0
2026-01-04 11:20:35.790495,622672.1820921103,580955.9318344115,415.11478806140684,387.3039545562743,1203628.1139265217,0,0
2026-01-04 11:20:36.790495,604707.4444105744,640581.7575360262,403.13829627371626,427.05450502401743,1245289.2019466006,0,0
2026-01-04 11:20:37.790495,328858.2685992163,762269.9203283056,219.23884573281086,508.17994688553705,1091128.188927522,0,0
2026-01-04 11:20:38.790495,1503069.706263546,705802.1556811463,1002.046470842364,470.53477045409755,2208871.861944692,0,0
2026-01-04 11:20:39.790495,566967.9536308437,933421.4722095104,377.9786357538958,622.2809814730069,1500389.425840354,0,0
2026-01-04 11:20:40.790495,1283286.0908615896,811207.9366918836,855.524060574393,540.8052911279224,2094494.0275534734,0,0
2026-01-04 11:20:41.790495,1007571.548272618,564135.0964374583,671.7143655150786,376.09006429163884,1571706.6447100763,0,0
2026-01-04 11:20:42.790495,765223.3928212173,1120969.467281109,510.1489285474782,747.312978187406,1886192.8601023264,0,0
2026-01-04 11:20:43.790495,554952.6796418617,967496.0663687019,369.96845309457444,644.9973775791345,1522448.7460105636,0,0
2026-01-04 11:20:44.790495,794237.6315168442,864626.7617631481,529.4917543445628,576.417841175432,1658864.3932799923,0,0
2026-01-04 11:20:45.790495,1226674.2222990545,848715.287727247,817.7828148660363,565.8101918181646,2075389.5100263015,0,0
2026-01-04 11:20:46.790495,2859476.4678166485,5754946.048918142,395.03719160113724,795.0468383174177,8614422.51673479,0,0
2026-01-04 11:20:47.790495,816909.1480407988,964928.6053503499,544.6060986938659,643.2857369002332,1781837.7533911488,0,0
2026-01-04 11:20:48.790495,1132616.9679285998,567421.4030444603,755.0779786190666,378.28093536297354,1700038.3709730601,0,0
2026-01-04 11:20:49.790495,915973.804954642,882614.5497945,610.6492033030946,588.409699863,1798588.354749142,0,0
2026-01-04 11:20:50.790495,4045625.547658219,4558969.916614469,586.0175763245493,660.3766140980102,8604595.464272687,0,0
2026-01-04 11:20:51.790495,858334.9355446508,798838.6888856026,572.2232903631005,532.5591259237351,1657173.6244302534,0,0
2026-01-04 11:20:52.790495,948205.1734595157,517118.0798781829,632.1367823063438,344.74538658545526,1465323.2533376985,0,0
2026-01-04 11:20:53.790495,1410822.410336321,726947.3244798224,940.5482735575473,484.63154965321496,2137769.7348161433,0,0
2026-01-04 11:20:54.790495,888679.5706137109,904167.0724313258,592.4530470758073,602.7780482875505,1792846.6430450366,0,0
2026-01-04 11:20:55.790495,1224554.2696259061,546796.4105995513,816.3695130839375,364.53094039970085,1771350.6802254573,0,0
2026-01-04 11:20:56.790495,681238.2201457911,785362.020560464,454.1588134305274,523.5746803736427,1466600.240706255,0,0
2026-01-04 11:20:57.790495,1234319.8791327483,726800.8523211299,822.8799194218323,484.53390154741993,1961120.7314538783,0,0
2026-01-04 11:20:58.790495,417410.95724515314,870725.4856026019,278.27397149676875,580.4836570684013,1288136.442847755,0,0
2026-01-04 11:20:59.790495,589443.6795687794,825611.0781773692,392.96245304585295,550.4073854515794,1415054.7577461486,0,0
2026-01-04 11:21:00.790495,662808.8709229203,1386376.2047559393,441.8725806152802,924.2508031706262,2049185.0756788596,0,0
2026-01-04 11:21:01.790495,1051902.4497221974,631356.841151274,701.2682998147983,420.90456076751605,1683259.2908734714,0,0
2026-01-04 11:21:02.790495,1065003.8706720702,794243.2057228717,710.0025804480468,529.4954704819145,1859247.076394942,0,0
2026-01-04 11:21:03.790495,578921.8070109702,906772.5719058505,385.94787134064677,604.5150479372337,1485694.3789168207,0,0
2026-01-04 11:21:04.790495,429668.43188884767,812800.4659252027,286.44562125923176,541.8669772834685,1242468.8978140503,0,0
2026-01-04 11:21:05.790495,666357.9532943029,286813.5200883867,444.23863552953526,191.20901339225782,953171.4733826896,0,0
2026-01-04 11:21:06.790495,622889.8622798951,743756.3786082008,415.25990818659676,495.83758573880056,1366646.240888096,0,0
2026-01-04 11:21:07.790495,546537.1458615353,451913.346803143,364.35809724102353,301.27556453542866,998450.4926646784,0,0
2026-01-04 11:21:08.790495,1025889.944891479,527165.0040179066,683.9266299276527,351.44333601193773,1553054.9489093856,0,0
2026-01-04 11:21:09.790495,1163794.930478947,710343.4756962714,775.8632869859647,473.5623171308476,1874138.4061752183,0,0
2026-01-04 11:21:10.790495,1072959.9561532626,615229.7291607818,715.3066374355084,410.1531527738546,1688189.6853140446,0,0
2026-01-04 11:21:11.790495,664711.9016366836,1092426.0127687154,443.1412677577891,728.2840085124769,1757137.914405399,0,0
2026-01-04 11:21:12.790495,528307.7789702014,870888.0601319527,352.2051859801343,580.5920400879685,1399195.8391021541,0,0
2026-01-04 11:21:13.790495,517848.6518307462,433002.5318945376,345.2324345538308,288.6683545963584,950851.1837252838,0,0
2026-01-04 11:21:14.790495,502931.7026938946,715164.7829727387,335.28780179592974,476.7765219818258,1218096.4856666334,0,0
2026-01-04 11:21:15.790495,632758.6137880597,302089.5581989134,421.83907585870645,201.39303879927562,934848.1719869731,0,0
2026-01-04 11:21:16.790495,892191.526903594,525108.4090870927,594.7943512690626,350.07227272472846,1417299.9359906868,0,0
2026-01-04 11:21:17.790495,1171121.0510895508,620729.1466544145,780.7473673930339,413.819431102943,1791850.1977439653,0,0
2026-01-04 11:21:18.790495,869848.4323713584,629455.4189228895,579.898954914239,419.636945948593,1499303.851294248,0,0
2026-01-04 11:21:19.790495,879791.4606963817,671133.9129263419,586.5276404642545,447.42260861756125,1550925.3736227236,0,0
2026-01-04 11:21:20.790495,612367.8666414239,1042316.362564439,408.24524442761594,694.8775750429593,1654684.2292058629,0,0
2026-01-04 11:21:21.790495,610285.7921175485,778482.4543016232,406.85719474503236,518.9883028677488,1388768.2464191718,0,0
2026-01-04 11:21:22.790495,741630.9499969144,810716.3601548945,494.42063333127624,540.4775734365963,1552347.310151809,0,0
2026-01-04 11:21:23.790495,1153994.2432706181,683509.5013625167,769.3294955137454,455.6730009083444,1837503.744633135,0,0
2026-01-04 11:21:24.790495,624110.2510411432,1233549.565712648,416.07350069409546,822.3663771417653,1857659.8167537912,0,0
2026-01-04 11:21:25.790495,670598.2960171151,728095.1729173207,447.06553067807675,485.3967819448805,1398693.4689344359,0,0
2026-01-04 11:21:26.790495,369706.18032905745,762107.8850653204,246.4707868860383,508.07192337688025,1131814.0653943778,0,0
2026-01-04 11:21:27.790495,539058.0952542681,968868.2151780598,359.37206350284544,645.9121434520398,1507926.310432328,0,0
2026-01-04 11:21:28.790495,990552.7916384417,1050325.9611790131,660.3685277589611,700.2173074526754,2040878.7528174547,0,0
2026-01-04 11:21:29.790495,739736.7778268768,702734.4753576373,493.15785188458455,468.4896502384249,1442471.2531845141,0,0
2026-01-04 11:21:30.790495,589298.8303561708,854964.4904989144,392.86588690411384,569.9763269992762,1444263.320855085,0,0
2026-01-04 11:21:31.790495,796306.5771212401,1185690.7983997832,530.8710514141601,790.4605322665221,1981997.3755210233,0,0
2026-01-04 11:21:32.790495,1340221.941741884,594961.6304976369,893.4812944945893,396.64108699842456,1935183.572239521,0,0
2026-01-04 11:21:33.790495,682895.2114657875,785437.2779370545,455.263474310525,523.6248519580364,1468332.489402842,0,0
2026-01-04 11:21:34.790495,834120.1219885142,879789.111932073,556.0800813256761,586.526074621382,1713909.2339205872,0,0
2026-01-04 11:21:35.790495,720858.4466645388,880411.4552135749,480.5722977763592,586.9409701423833,1601269.9018781136,0,0
2026-01-04 11:21:36.790495,890882.9717067045,880714.8250459603,593.921981137803,587.1432166973068,1771597.7967526647,0,0
2026-01-04 11:21:37.790495,659748.6176184813,986290.1526547204,439.8324117456542,657.5267684364802,1646038.7702732016,0,0
2026-01-04 11:21:38.790495,958580.3858225046,525021.9476702769,639.0535905483364,350.0146317801846,1483602.3334927815,0,0
2026-01-04 11:21:39.790495,671743.9330792583,1037785.2560387562,447.82928871950554,691.8568373591709,1709529.1891180144,0,0
2026-01-04 11:21:40.790495,816637.7686534682,869564.2751210309,544.4251791023122,579.7095167473539,1686202.043774499,0,0
2026-01-04 11:21:41.790495,614648.2593782621,799628.2573827882,409.76550625217476,533.0855049218588,1414276.5167610503,0,0
2026-01-04 11:21:42.790495,691999.7957486028,813588.8860632903,461.3331971657352,542.3925907088602,1505588.6818118931,0,0
2026-01-04 11:21:43.790495,705528.460697713,996665.950470656,470.35230713180863,664.4439669804374,1702194.411168369,0,0
2026-01-04 11:21:44.790495,831976.0600684626,1121002.071595169,554.6507067123084,747.3347143967793,1952978.1316636314,0,0
2026-01-04 11:21:45.790495,591800.2645911647,1035690.2153772435,394.5335097274431,690.460143584829,1627490.4799684081,0,0
2026-01-04 11:21:46.790495,592045.2242264027,864901.1640750343,394.69681615093515,576.6007760500229,1456946.388301437,0,0
2026-01-04 11:21:47.790495,556758.9204358568,961382.2761968863,371.1726136239045,640.9215174645909,1518141.196632743,0,0
2026-01-04 11:21:48.790495,1156658.5193189622,868514.5296670874,771.1056795459748,579.0096864447249,2025173.0489860496,0,0
2026-01-04 11:21:49.790495,1026241.2846739956,541139.9788081718,684.1608564493304,360.75998587211456,1567381.2634821674,0,0
2026-01-04 11:21:50.790495,511969.45145458606,695256.3896857661,341.3129676363907,463.50425979051073,1207225.8411403522,0,0
2026-01-04 11:21:51.790495,977743.118805257,913949.9062312233,651.8287458701714,609.2999374874822,1891693.0250364803,0,0
2026-01-04 11:21:52.790495,1228426.0833813709,600459.7539937751,818.9507222542472,400.3065026625167,1828885.837375146,0,0
2026-01-04 11:21:53.790495,1076395.2565171553,648490.8392398196,717.5968376781035,432.32722615987973,1724886.0957569748,0,0
2026-01-04 11:21:54.790495,707797.1939788442,997537.5625850478,471.86479598589614,665.0250417233652,1705334.7565638921,0,0
2026-01-04 11:21:55.790495,1290385.1675287152,569136.8191753619,860.2567783524768,379.42454611690795,1859521.986704077,0,0
2026-01-04 11:21:56.790495,523077.9752899858,1112360.6874093032,348.71865019332387,741.5737916062021,1635438.6626992892,0,0
2026-01-04 11:21:57.790495,684522.5054373842,756012.8129304765,456.34833695825614,504.008541953651,1440535.3183678607,0,0
2026-01-04 11:21:58.790495,681539.6260674816,1079263.1159492244,454.3597507116544,719.5087439661496,1760802.742016706,0,0
2026-01-04 11:21:59.790495,628339.8503360925,863623.9701224746,418.89323355739504,575.749313414983,1491963.8204585672,0,0
2026-01-04 11:22:00.790495,663186.7083006522,871327.8316205984,442.1244722004348,580.885221080399,1534514.5399212507,0,0
2026-01-04 11:22:01.790495,497761.07827645936,952715.3834645526,331.8407188509729,635.1435889763684,1450476.4617410118,0,0
2026-01-04 11:22:02.790495,683641.1920252963,657456.1923214957,455.76079468353083,438.3041282143305,1341097.384346792,0,0
2026-01-04 11:22:03.790495,4772553.775653536,3020309.2843284006,700.1286249664812,443.07619895194864,7792863.059981937,0,0
2026-01-04 11:22:04.790495,4283665.412699375,1857645.2948967994,931.229266477653,403.83491675469304,6141310.707596174,0,0
2026-01-04 11:22:05.790495,1050359.3444548405,910660.1445671183,700.2395629698937,607.1067630447455,1961019.4890219588,0,0
2026-01-04 11:22:06.790495,1040601.2391366994,589356.1307727862,693.7341594244663,392.90408718185745,1629957.3699094856,0,0
2026-01-04 11:22:07.790495,737376.67418722,682971.5526447316,491.5844494581467,455.31436842982106,1420348.2268319516,0,0
2026-01-04 11:22:08.790495,701902.9018097073,592498.3002367576,467.9352678731382,394.99886682450506,1294401.202046465,0,0
2026-01-04 11:22:09.790495,885545.5640762461,866896.1483871207,590.363709384164,577.9307655914138,1752441.7124633668,0,0
2026-01-04 11:22:10.790495,761636.3409301734,567228.4194762493,507.7575606201156,378.15227965083284,1328864.7604064227,0,0
2026-01-04 11:22:11.790495,737995.3092474868,728933.3843084131,491.99687283165787,485.9555895389421,1466928.6935559,0,0
2026-01-04 11:22:12.790495,518216.6133404045,1081919.4142162043,345.47774222693636,721.2796094774695,1600136.0275566087,0,0
2026-01-04 11:22:13.790495,661003.4928768589,806636.7666434447,440.66899525123927,537.7578444289632,1467640.2595203035,0,0
2026-01-04 11:22:14.790495,878291.5641939979,484569.51965196285,585.5277094626653,323.0463464346419,1362861.0838459607,0,0
2026-01-04 11:22:15.790495,492308.1174195077,297834.1946760989,328.20541161300514,198.55612978406592,790142.3120956066,0,0
2026-01-04 11:22:16.790495,488810.06696387596,977448.314651088,325.8733779759173,651.6322097673919,1466258.381614964,0,0
2026-01-04 11:22:17.790495,2682504.532692517,2810630.5011214744,417.1835935115312,437.1097674582667,5493135.033813992,0,0
2026-01-04 11:22:18.790495,604223.9129344529,686685.4553206945,402.8159419563019,457.79030354712967,1290909.3682551472,0,0
2026-01-04 11:22:19.790495,824925.012479908,681645.3795445563,549.9500083199387,454.43025302970415,1506570.3920244642,0,0
2026-01-04 11:22:20.790495,553939.0634128208,728929.2533468952,369.29270894188056,485.9528355645968,1282868.316759716,0,0
2026-01-04 11:22:21.790495,570015.8663339637,640535.3191835369,380.0105775559758,427.02354612235797,1210551.1855175006,0,0
2026-01-04 11:22:22.790495,1107716.9677064167,1022385.1936103803,738.4779784709444,681.5901290735868,2130102.161316797,0,0
2026-01-04 11:22:23.790495,1114318.0227342793,679193.6600234279,742.8786818228529,452.79577334895197,1793511.682757707,0,0
2026-01-04 11:22:24.790495,875124.5927904221,1145787.686716225,583.4163951936148,763.8584578108166,2020912.2795066473,0,0
2026-01-04 11:22:25.790495,481689.5035679566,681386.5892869646,321.1263357119711,454.25772619130976,1163076.0928549212,0,0
2026-01-04 11:22:26.790495,414700.4886979739,766388.321960242,276.4669924653159,510.92554797349464,1181088.8106582158,0,0
2026-01-04 11:22:27.790495,553817.1545826023,1166216.4664745296,369.2114363884015,777.477644316353,1720033.6210571318,0,0
2026-01-04 11:22:28.790495,645281.5456616574,806167.9484427164,430.18769710777156,537.445298961811,1451449.4941043737,0,0
2026-01-04 11:22:29.790495,4428448.920184949,2276480.303294034,649.2842316141264,333.76985738095175,6704929.223478984,0,0
2026-01-04 11:22:30.790495,704885.5235749736,918592.3108189475,469.92368238331574,612.3948738792983,1623477.834393921,0,0
2026-01-04 11:22:31.790495,511183.4636348111,1104165.9253184283,340.78897575654076,736.1106168789522,1615349.3889532394,0,0
2026-01-04 11:22:32.790495,544104.4327405454,727237.4250666054,362.7362884936969,484.82495004440364,1271341.8578071508,0,0
2026-01-04 11:22:33.790495,895528.1868947124,702875.2195123098,597.0187912631416,468.58347967487316,1598403.4064070222,0,0
2026-01-04 11:22:34.790495,629753.9890659963,673374.9167773285,419.8359927106642,448.91661118488565,1303128.9058433247,0,0
2026-01-04 11:22:35.790495,857838.7525677664,737166.5688383718,571.8925017118443,491.4443792255812,1595005.3214061381,0,0
2026-01-04 11:22:36.790495,543058.5492511014,1010978.5901719967,362.03903283406765,673.9857267813312,1554037.1394230982,0,0
2026-01-04 11:22:37.790495,891743.866265344,1199448.7056199657,594.4959108435627,799.6324704133104,2091192.5718853096,0,0
2026-01-04 11:22:38.790495,678409.005984245,784055.5206228745,452.2726706561633,522.7036804152497,1462464.5266071195,0,0
2026-01-04 11:22:39.790495,781336.6253263132,949912.9045828382,520.8910835508755,633.2752697218921,1731249.5299091514,0,0
2026-01-04 11:22:40.790495,980942.8612210591,1143586.3447622391,653.961907480706,762.3908965081595,2124529.2059832984,0,0
2026-01-04 11:22:41.790495,1327759.662095515,1069888.7308265218,885.1731080636768,713.2591538843478,2397648.392922037,0,0
2026-01-04 11:22:42.790495,851288.4502368473,1334808.3430162757,567.5256334912315,889.8722286775171,2186096.793253123,0,0
2026-01-04 11:22:43.790495,439361.2043736708,803251.0773833276,292.9074695824472,535.5007182555518,1242612.2817569985,0,0
2026-01-04 11:22:44.790495,570583.1829979536,936115.7242771487,380.3887886653024,624.0771495180992,1506698.9072751023,0,0
2026-01-04 11:22:45.790495,1144540.6607681501,628864.3802224287,763.0271071787668,419.2429201482858,1773405.040990579,0,0
2026-01-04 11:22:46.790495,764319.2388270664,889710.815906277,509.54615921804424,593.140543937518,1654030.0547333434,0,0
2026-01-04 11:22:47.790495,1249450.3201223193,648295.3315608897,832.9668800815462,432.1968877072598,1897745.651683209,0,0
2026-01-04 11:22:48.790495,591448.9164602407,1144504.627615473,394.2992776401605,763.003085076982,1735953.5440757137,0,0
2026-01-04 11:22:49.790495,845149.073668403,1235404.5267798717,563.4327157789353,823.6030178532478,2080553.6004482748,0,0
2026-01-04 11:22:50.790495,768079.0610552953,957642.3394862396,512.0527073701969,638.4282263241597,1725721.4005415349,0,0
2026-01-04 11:22:51.790495,1183332.041672863,681466.7280968094,788.8880277819087,454.31115206453956,1864798.7697696725,0,0
2026-01-04 11:22:52.790495,1017040.6600823383,1237987.37316939,678.0271067215589,825.32491544626,2255028.0332517284,0,0
2026-01-04 11:22:53.790495,1143905.6474296337,537503.3847300922,762.6037649530891,358.3355898200615,1681409.032159726,0,0
2026-01-04 11:22:54.790495,957788.9616578413,581981.5766003627,638.5259744385609,387.9877177335751,1539770.538258204,0,0
2026-01-04 11:22:55.790495,893975.8487506432,836170.7590545497,595.9838991670955,557.4471727030332,1730146.607805193,0,0
2026-01-04 11:22:56.790495,908114.116550266,809960.1843386868,605.4094110335107,539.9734562257912,1718074.3008889528,0,0
2026-01-04 11:22:57.790495,1195385.9705637367,874959.8842377387,796.9239803758245,583.3065894918258,2070345.8548014755,0,0
2026-01-04 11:22:58.790495,3329916.669603747,2565412.9275737633,710.8314227864782,547.6341609350495,5895329.59717751,0,0
2026-01-04 11:22:59.790495,1166221.6981166725,769656.92697657,777.4811320777817,513.1046179843801,1935878.6250932426,0,0
2026-01-04 11:23:00.790495,1184832.551321186,740206.6494309538,789.8883675474573,493.47109962063587,1925039.2007521398,0,0
2026-01-04 11:23:01.790495,862145.7703202076,1016933.3186659664,574.7638468801384,677.9555457773109,1879079.088986174,0,0
2026-01-04 11:23:02.790495,1079247.1171591373,1105468.1493291582,719.4980781060915,736.9787662194389,2184715.2664882955,0,0
2026-01-04 11:23:03.790495,628851.3931378524,880443.6318397743,419.2342620919016,586.9624212265162,1509295.0249776267,0,0
2026-01-04 11:23:04.790495,772216.2977690317,734638.2601640609,514.8108651793544,489.7588401093739,1506854.5579330926,0,0
2026-01-04 11:23:05.790495,951634.9168720586,574634.72014018,634.4232779147057,383.08981342678663,1526269.6370122386,0,0
2026-01-04 11:23:06.790495,832446.4132218005,1371284.0988101868,554.9642754812003,914.1893992067912,2203730.5120319873,0,0
2026-01-04 11:23:07.790495,932967.6171041123,750461.1580674924,621.9784114027415,500.30743871166163,1683428.7751716047,0,0
2026-01-04 11:23:08.790495,901495.1289849686,652528.998288516,600.9967526566458,435.019332192344,1554024.1272734846,0,0
2026-01-04 11:23:09.790495,1133027.807365341,1071880.3736791532,755.351871576894,714.586915786102,2204908.1810444943,0,1
2026-01-04 11:23:10.790495,605934.9385548561,1312602.362280479,403.9566257032374,875.0682415203192,1918537.3008353352,0,0
2026-01-04 11:23:11.790495,906495.2014587638,776198.0437810763,604.3301343058425,517.4653625207176,1682693.2452398401,0,0
2026-01-04 11:23:12.790495,386692.5231697611,810010.8481501056,257.7950154465074,540.0072321000704,1196703.3713198667,0,0
2026-01-04 11:23:13.790495,571907.0908631514,392871.73831071885,381.27139390876755,261.9144922071459,964778.8291738703,0,0
2026-01-04 11:23:14.790495,828967.457350314,818781.4575716761,552.644971566876,545.8543050477841,1647748.9149219901,0,0
2026-01-04 11:23:15.790495,394502.57524151733,513693.543331869,263.0017168276782,342.462362221246,908196.1185733863,0,0
2026-01-04 11:23:16.790495,512027.526625237,948476.1628869685,341.3516844168247,632.3174419246457,1460503.6895122055,0,0
2026-01-04 11:23:17.790495,348969.5275871618,697863.2890184216,232.64635172477455,465.2421926789477,1046832.8166055834,0,0
2026-01-04 11:23:18.790495,787634.9500310806,644041.4324599063,525.0899666873871,429.3609549732709,1431676.382490987,0,0
2026-01-04 11:23:19.790495,696856.7504880028,548162.8753435197,464.57116699200185,365.4419168956798,1245019.6258315225,0,0
2026-01-04 11:23:20.790495,271416.689785204,489110.4138465746,180.94445985680267,326.0736092310497,760527.1036317786,0,0
2026-01-04 11:23:21.790495,1351546.479774327,874707.4903807392,901.030986516218,583.1383269204928,2226253.9701550663,0,0
2026-01-04 11:23:22.790495,723210.5649286874,631376.4664759599,482.14037661912494,420.91764431730655,1354587.0314046473,0,0
2026-01-04 11:23:23.790495,931601.1607274783,510700.72290884564,621.0674404849856,340.4671486058971,1442301.883636324,0,0
2026-01-04 11:23:24.790495,1096127.447850681,757186.3724252474,730.751631900454,504.79091495016496,1853313.8202759284,0,0
2026-01-04 11:23:25.790495,484187.9979899582,1107717.358161763,322.79199865997214,738.4782387745087,1591905.3561517212,0,0
2026-01-04 11:23:26.790495,644624.5847870163,641556.1915849955,429.7497231913442,427.7041277233303,1286180.7763720118,0,0
2026-01-04 11:23:27.790495,5070595.353369081,2798633.202713553,852.4297524322344,470.4848330191924,7869228.556082634,0,0
2026-01-04 11:23:28.790495,741622.7983098888,850223.8530252323,494.4151988732592,566.8159020168215,1591846.6513351211,0,0
2026-01-04 11:23:29.790495,612316.0141392617,954903.1117289726,408.21067609284114,636.6020744859818,1567219.1258682343,0,0
2026-01-04 11:23:30.790495,441949.26861036045,289383.9572362477,294.6328457402403,192.92263815749848,731333.2258466082,0,0
2026-01-04 11:23:31.790495,725195.9660283205,609147.3406776093,483.46397735221365,406.0982271184062,1334343.3067059298,0,0
2026-01-04 11:23:32.790495,821802.7331073396,505878.9980952975,547.8684887382263,337.252665396865,1327681.731202637,0,0
2026-01-04 11:23:33.790495,355533.4511281015,536861.8319120602,237.02230075206768,357.9078879413734,892395.2830401617,0,0
2026-01-04 11:23:34.790495,927056.3831232172,817371.074890021,618.0375887488115,544.9140499266807,1744427.4580132382,0,0
2026-01-04 11:23:35.790495,1044923.9360560885,679087.6135383955,696.6159573707257,452.72507569226366,1724011.549594484,0,0
2026-01-04 11:23:36.790495,1065713.949689255,914402.0727397705,710.4759664595034,609.6013818265137,1980116.0224290255,0,0
2026-01-04 11:23:37.790495,883657.140193947,800705.4094618674,589.104760129298,533.8036063079117,1684362.5496558144,0,0
2026-01-04 11:23:38.790495,741279.923502326,736690.2900777287,494.1866156682173,491.1268600518191,1477970.2135800547,0,0
2026-01-04 11:23:39.790495,990077.4026594865,852035.6751893878,660.051601772991,568.0237834595919,1842113.0778488743,0,0
2026-01-04 11:23:40.790495,1927980.1687141582,3997111.757245637,341.3193045389396,707.6273020263461,5925091.925959795,0,0
2026-01-04 11:23:41.790495,914645.8338644017,627253.4735229273,609.7638892429344,418.16898234861816,1541899.307387329,0,0
2026-01-04 11:23:42.790495,1297312.3789386572,769292.7077500653,864.8749192924381,512.8618051667102,2066605.0866887225,0,0
2026-01-04 11:23:43.790495,1590696.534766417,715755.1725350505,1060.4643565109448,477.17011502336703,2306451.7073014677,0,0
2026-01-04 11:23:44.790495,694010.1199016415,1541732.0064277428,462.673413267761,1027.8213376184951,2235742.1263293843,0,0
2026-01-04 11:23:45.790495,1205436.3325637975,1214138.6306726192,803.6242217091983,809.4257537817462,2419574.9632364167,0,0
2026-01-04 11:23:46.790495,1427568.712071305,910093.8327150872,951.7124747142033,606.7292218100581,2337662.5447863922,0,0
2026-01-04 11:23:47.790495,688059.5477456066,867617.2705396966,458.70636516373776,578.411513693131,1555676.8182853032,0,0
2026-01-04 11:23:48.790495,518869.5127838467,1158412.3222165287,345.91300852256444,772.2748814776858,1677281.8350003755,0,0
2026-01-04 11:23:49.790495,1100353.3638427055,647953.7197439825,733.5689092284704,431.96914649598835,1748307.0835866882,0,0
2026-01-04 11:23:50.790495,827476.7067223737,1309698.9172390741,551.6511378149158,873.1326114927161,2137175.6239614477,0,0
2026-01-04 11:23:51.790495,771066.6150456523,432888.7397708916,514.0444100304348,288.59249318059443,1203955.3548165439,0,0
2026-01-04 11:23:52.790495,1138795.5068208186,630154.1189031297,759.1970045472124,420.1027459354198,1768949.6257239482,0,0
2026-01-04 11:23:53.790495,1608103.7710415057,704279.6479191856,1072.069180694337,469.51976527945703,2312383.4189606914,0,0
2026-01-04 11:23:54.790495,1491187.972678639,1031575.7507611318,994.1253151190926,687.7171671740879,2522763.7234397708,0,0
2026-01-04 11:23:55.790495,664980.484982816,1305469.2396755246,443.32032332187737,870.3128264503498,1970449.7246583407,0,0
2026-01-04 11:23:56.790495,959797.5225998815,610959.4063256104,639.8650150665877,407.30627088374024,1570756.9289254919,0,0
2026-01-04 11:23:57.790495,933086.8236071167,1216051.8469299306,622.0578824047444,810.7012312866204,2149138.670537047,0,0
2026-01-04 11:23:58.790495,1776276.5524770045,944060.9200597323,1184.184368318003,629.3739467064881,2720337.4725367366,0,1
2026-01-04 11:23:59.790495,1338723.188258779,760482.4076968137,892.4821255058527,506.98827179787577,2099205.5959555926,0,0
2026-01-04 11:24:00.790495,717567.3300388354,956087.408002586,478.3782200258903,637.3916053350573,1673654.7380414214,0,0
2026-01-04 11:24:01.790495,667086.1747146937,1185627.7479505222,444.7241164764624,790.4184986336815,1852713.922665216,0,0
2026-01-04 11:24:02.790495,3834757.414804425,2925322.3217718797,690.5749953507927,526.8011063641727,6760079.736576305,0,0
2026-01-04 11:24:03.790495,1139220.5566365726,908240.6224876716,759.4803710910484,605.4937483251143,2047461.179124244,0,0
2026-01-04 11:24:04.790495,621586.3851938682,840556.0224100085,414.39092346257877,560.3706816066723,1462142.4076038767,0,0
2026-01-04 11:24:05.790495,1196646.1338066612,520402.79261936754,797.7640892044408,346.93519507957836,1717048.9264260288,0,0
2026-01-04 11:24:06.790495,2599944.0413380465,3380620.5048407246,422.46739545574127,549.3202611273581,5980564.546178771,0,0
2026-01-04 11:24:07.790495,1261964.9279745047,627914.1319802213,841.3099519830031,418.6094213201475,1889879.059954726,0,0
2026-01-04 11:24:08.790495,1005279.5611740935,469945.2732447057,670.1863741160623,313.2968488298038,1475224.8344187993,0,0
2026-01-04 11:24:09.790495,1218016.0056145438,615592.344895423,812.0106704096959,410.3948965969487,1833608.350509967,0,0
2026-01-04 11:24:10.790495,785922.8172946245,749417.7323628663,523.948544863083,499.61182157524416,1535340.5496574908,0,0
2026-01-04 11:24:11.790495,673409.7203378566,1103794.5872824795,448.939813558571,735.8630581883197,1777204.307620336,0,0
2026-01-04 11:24:12.790495,584529.3601274003,490407.54730803013,389.6862400849335,326.9383648720201,1074936.9074354304,0,0
2026-01-04 11:24:13.790495,899934.2456390717,986236.0920779527,599.9561637593811,657.4907280519685,1886170.3377170244,0,0
2026-01-04 11:24:14.790495,481050.3248430246,917461.9238960518,320.7002165620164,611.6412825973679,1398512.2487390765,0,0
2026-01-04 11:24:15.790495,877719.0815449209,636541.8997880121,585.1460543632807,424.3612665253414,1514260.981332933,0,0
2026-01-04 11:24:16.790495,1246325.6984880117,579206.3047944296,830.8837989920078,386.1375365296197,1825532.0032824413,0,0
2026-01-04 11:24:17.790495,560408.7607775697,847043.2578014011,373.6058405183798,564.695505200934,1407452.0185789708,0,0
2026-01-04 11:24:18.790495,752057.9194840153,979687.7056555485,501.3719463226769,653.125137103699,1731745.6251395638,0,0
2026-01-04 11:24:19.790495,663894.0745203587,935987.0939617377,442.5960496802391,623.9913959744918,1599881.1684820964,0,0
2026-01-04 11:24:20.790495,908258.9238738827,743309.8728137175,605.5059492492552,495.53991520914497,1651568.7966876002,0,1
2026-01-04 11:24:21.790495,997188.8313241405,565944.3637402209,664.7925542160937,377.2962424934806,1563133.1950643614,0,0
2026-01-04 11:24:22.790495,500015.76404197287,1136843.3859003498,333.3438426946486,757.8955906002332,1636859.1499423229,0,0
2026-01-04 11:24:23.790495,583497.0325527656,1051963.0606607834,388.9980217018437,701.308707107189,1635460.0932135491,0,0
2026-01-04 11:24:24.790495,865024.6416670238,496700.7464811476,576.6830944446825,331.13383098743174,1361725.3881481714,0,0
2026-01-04 11:24:25.790495,1249492.092594008,677810.8913543195,832.9947283960053,451.87392756954637,1927302.9839483274,0,0
2026-01-04 11:24:26.790495,777982.760026396,684395.944261323,518.6551733509307,456.26396284088196,1462378.704287719,0,0
2026-01-04 11:24:27.790495,485771.4549805444,1037674.8706959317,323.84763665369627,691.7832471306211,1523446.3256764761,0,0
2026-01-04 11:24:28.790495,766232.5191263735,354081.8623539376,510.8216794175823,236.05457490262506,1120314.381480311,0,0
2026-01-04 11:24:29.790495,708731.4824935714,708652.2852573051,472.48765499571425,472.4348568382034,1417383.7677508765,0,0
2026-01-04 11:24:30.790495,590047.0443346428,1004724.9989371656,393.3646962230952,669.8166659581104,1594772.0432718084,0,0
2026-01-04 11:24:31.790495,760122.5208370422,847404.0916685574,506.74834722469484,564.9360611123716,1607526.6125055996,0,0
2026-01-04 11:24:32.790495,690799.9150340488,1042656.7030365749,460.5332766893659,695.1044686910499,1733456.6180706238,0,0
2026-01-04 11:24:33.790495,792652.7001356106,741929.6382719591,528.4351334237405,494.6197588479728,1534582.3384075698,0,0
2026-01-04 11:24:34.790495,803592.9154605907,582252.7948586172,535.7286103070605,388.16852990574483,1385845.710319208,0,0
2026-01-04 11:24:35.790495,921857.6665624448,1050983.163522741,614.5717777082965,700.655442348494,1972840.8300851858,0,0
2026-01-04 11:24:36.790495,682092.7025052508,1272862.219876378,454.7284683368339,848.5748132509187,1954954.922381629,0,0
2026-01-04 11:24:37.790495,568600.3970571808,1317740.6839576918,379.06693137145385,878.4937893051278,1886341.0810148725,0,1
2026-01-04 11:24:38.790495,715983.2374015165,1464278.801396489,477.3221582676777,976.1858675976592,2180262.0387980053,0,0
2026-01-04 11:24:39.790495,764452.9367114835,1190426.5023218466,509.635291140989,793.6176682145643,1954879.4390333302,0,0
2026-01-04 11:24:40.790495,516705.9336229254,1111064.5395155337,344.47062241528363,740.7096930103559,1627770.4731384593,0,0
2026-01-04 11:24:41.790495,532419.456216083,1178298.6009310624,354.9463041440554,785.5324006207082,1710718.0571471453,0,0
2026-01-04 11:24:42.790495,1122220.0699290426,958186.8074326013,748.1467132860284,638.7912049550675,2080406.8773616438,0,0
2026-01-04 11:24:43.790495,1533367.0499789985,847579.0074502714,1022.244699985999,565.0526716335143,2380946.05742927,0,1
2026-01-04 11:24:44.790495,2819762.8774545738,3763064.8291283916,569.0494829776237,759.4149538417306,6582827.706582965,0,0
2026-01-04 11:24:45.790495,981049.6011791248,662802.7950949441,654.0330674527498,441.868530063296,1643852.3962740689,0,0
2026-01-04 11:24:46.790495,1275662.1169809278,881800.5919772617,850.4414113206185,587.8670613181745,2157462.7089581895,0,0
2026-01-04 11:24:47.790495,983908.3405804987,837594.9020014772,655.9388937203324,558.3966013343181,1821503.2425819759,0,0
2026-01-04 11:24:48.790495,534149.631804845,1084419.3070752989,356.0997545365633,722.9462047168659,1618568.9388801437,0,0
2026-01-04 11:24:49.790495,1102197.6220329623,1300598.7240544166,734.7984146886415,867.0658160362777,2402796.346087379,0,0
2026-01-04 11:24:50.790495,796681.9061391567,785242.266206832,531.1212707594377,523.494844137888,1581924.1723459887,0,0
2026-01-04 11:24:51.790495,1230111.711677835,795508.9709621477,820.0744744518901,530.3393139747651,2025620.6826399828,0,0
2026-01-04 11:24:52.790495,773583.8398566296,1116135.733991604,515.7225599044198,744.090489327736,1889719.5738482336,0,0
2026-01-04 11:24:53.790495,780472.9590358213,877364.5708194338,520.3153060238808,584.9097138796225,1657837.529855255,0,0
2026-01-04 11:24:54.790495,794240.4739702392,979095.956780832,529.4936493134928,652.730637853888,1773336.4307510713,0,0
2026-01-04 11:24:55.790495,956869.201493434,1167880.8676479713,637.9128009956227,778.5872450986475,2124750.069141405,0,0
2026-01-04 11:24:56.790495,853799.4201707278,936957.3957702632,569.1996134471518,624.638263846842,1790756.8159409908,0,0
2026-01-04 11:24:57.790495,1662952.5723842767,892119.0180074035,1108.6350482561845,594.7460120049357,2555071.59039168,0,0
2026-01-04 11:24:58.790495,705708.3922992946,1370119.768800196,470.47226153286306,913.4131792001307,2075828.1610994907,0,0
2026-01-04 11:24:59.790495,659060.1474586508,1178802.6674200315,439.3734316391005,785.8684449466876,1837862.8148786821,0,0
2026-01-04 11:25:00.790495,1169939.122663507,609725.1256288073,779.9594151090047,406.48341708587157,1779664.2482923144,0,0
2026-01-04 11:25:01.790495,774334.4688559724,564880.7913165982,516.2229792373149,376.5871942110655,1339215.2601725706,0,0
2026-01-04 11:25:02.790495,1158855.7689702723,659597.7939336217,772.5705126468482,439.7318626224145,1818453.562903894,0,0
2026-01-04 11:25:03.790495,1027032.1498247294,1109213.813303816,684.688099883153,739.4758755358773,2136245.9631285453,0,0
2026-01-04 11:25:04.790495,971050.5266012935,638682.0626542681,647.3670177341957,425.78804176951206,1609732.5892555616,0,0
2026-01-04 11:25:05.790495,636707.8671988493,926306.7225745057,424.47191146589955,617.5378150496705,1563014.589773355,0,0
2026-01-04 11:25:06.790495,3418465.073363835,2950620.5918407543,503.52155197825715,434.6105716507151,6369085.665204589,0,0
2026-01-04 11:25:07.790495,1188554.7398811083,873595.1691773417,792.3698265874056,582.3967794515612,2062149.90905845,0,0
2026-01-04 11:25:08.790495,907145.3070329567,601663.9212842486,604.7635380219712,401.1092808561657,1508809.2283172053,0,0
2026-01-04 11:25:09.790495,926537.276443861,467096.277097788,617.6915176292406,311.397518065192,1393633.553541649,0,0
2026-01-04 11:25:10.790495,753595.3523496332,525921.3980854539,502.3969015664222,350.6142653903026,1279516.7504350871,0,0
2026-01-04 11:25:11.790495,666722.932737858,1093698.5001198947,444.481955158572,729.1323334132632,1760421.4328577528,0,0
2026-01-04 11:25:12.790495,554130.4564525819,1291500.708705703,369.4203043017213,861.0004724704687,1845631.1651582848,0,0
2026-01-04 11:25:13.790495,893902.469033597,805215.0014001457,595.9349793557313,536.8100009334305,1699117.4704337427,0,0
2026-01-04 11:25:14.790495,1101693.250332021,534204.4816830835,734.4621668880139,356.1363211220556,1635897.7320151043,0,0
2026-01-04 11:25:15.790495,781883.5684291611,827120.6733701953,521.2557122861074,551.4137822467969,1609004.2417993564,0,0
2026-01-04 11:25:16.790495,1011378.1851534067,722174.820691516,674.2521234356045,481.4498804610107,1733553.0058449227,0,0
2026-01-04 11:25:17.790495,445994.6260478525,632739.4588567486,297.3297506985683,421.8263059044991,1078734.084904601,0,0
2026-01-04 11:25:18.790495,2036575.9069519197,4483694.021450146,278.80008314378773,613.8019514541554,6520269.928402065,0,0
2026-01-04 11:25:19.790495,823203.4411949517,625893.2958850871,548.8022941299678,417.26219725672473,1449096.7370800388,0,0
2026-01-04 11:25:20.790495,669639.9738998389,1151674.4672523206,446.42664926655925,767.7829781682137,1821314.4411521596,0,0
2026-01-04 11:25:21.790495,555948.8949874585,792923.2865605991,370.63259665830566,528.6155243737328,1348872.1815480576,0,0
2026-01-04 11:25:22.790495,397361.6370274272,862003.3544630128,264.9077580182848,574.6689029753419,1259364.99149044,0,0
2026-01-04 11:25:23.790495,1109096.309441846,775284.5412550548,739.3975396278973,516.8563608367032,1884380.8506969009,0,0
2026-01-04 11:25:24.790495,940879.5168833069,1226574.3810273202,627.2530112555379,817.7162540182135,2167453.897910627,0,0
2026-01-04 11:25:25.790495,948569.5172419917,1120774.520662267,632.3796781613278,747.1830137748447,2069344.0379042586,0,0
2026-01-04 11:25:26.790495,568281.3307763964,626086.7359080184,378.85422051759764,417.39115727201226,1194368.0666844149,0,0
2026-01-04 11:25:27.790495,941503.2209461094,551345.2758196353,627.6688139640729,367.56351721309017,1492848.4967657446,0,0
2026-01-04 11:25:28.790495,746857.3952407294,362867.3704657028,497.9049301604863,241.91158031046854,1109724.7657064323,0,0
2026-01-04 11:25:29.790495,1199274.450292698,566947.6429312638,799.5163001951321,377.9650952875092,1766222.093223962,0,0
2026-01-04 11:25:30.790495,639739.0188285072,922605.1501331548,426.4926792190048,615.0701000887699,1562344.168961662,0,0
2026-01-04 11:25:31.790495,1209199.2847075588,879554.3732246006,806.1328564717058,586.3695821497337,2088753.6579321595,0,0
2026-01-04 11:25:32.790495,432608.0610429823,693592.074319999,288.4053740286549,462.39471621333263,1126200.1353629814,0,0
2026-01-04 11:25:33.790495,633877.362730982,1060144.6433713913,422.58490848732134,706.7630955809276,1694022.0061023734,0,0
2026-01-04 11:25:34.790495,3769435.9367113505,3357923.8277054075,706.7817439371045,629.6218582306483,7127359.764416758,0,0
2026-01-04 11:25:35.790495,682514.9346941835,565638.1406287535,455.00995646278903,377.0920937525023,1248153.075322937,0,0
2026-01-04 11:25:36.790495,680382.1391380286,820738.5377308422,453.5880927586857,547.1590251538948,1501120.6768688709,0,0
2026-01-04 11:25:37.790495,622794.1642996038,1225536.102855561,415.1961095330692,817.0240685703741,1848330.2671551649,0,1
2026-01-04 11:25:38.790495,875951.2553991963,498236.1091153339,583.9675035994642,332.15740607688923,1374187.3645145302,0,0
2026-01-04 11:25:39.790495,1079284.6640141746,820882.4203519555,719.5231093427831,547.2549469013036,1900167.0843661302,0,0
2026-01-04 11:25:40.790495,1253876.9582835622,817877.9842751982,835.9179721890415,545.2519895167987,2071754.9425587603,0,0
2026-01-04 11:25:41.790495,1104463.0371539467,700783.5408834033,736.3086914359644,467.1890272556022,1805246.57803735,0,0
2026-01-04 11:25:42.790495,839466.1928738346,1237208.536659602,559.6441285825564,824.8056911064014,2076674.7295334365,0,0
2026-01-04 11:25:43.790495,864978.8008713609,1491549.6092647035,576.6525339142406,994.366406176469,2356528.4101360645,0,0
2026-01-04 11:25:44.790495,1129205.3519233542,782636.9410185949,752.8035679489028,521.7579606790632,1911842.292941949,0,0
2026-01-04 11:25:45.790495,1021443.370698114,1548919.1870008965,680.9622471320761,1032.612791333931,2570362.5576990107,0,0
2026-01-04 11:25:46.790495,1474550.9808650452,731083.6434630397,983.0339872433635,487.38909564202646,2205634.6243280848,0,0
2026-01-04 11:25:47.790495,615269.1183139504,1234334.4662497318,410.17941220930027,822.8896441664879,1849603.5845636823,0,0
2026-01-04 11:25:48.790495,660996.9458157062,1190830.5334444102,440.6646305438041,793.8870222962735,1851827.4792601163,0,0
2026-01-04 11:25:49.790495,920420.5083820743,1277167.419741998,613.6136722547162,851.4449464946653,2197587.928124072,0,0
2026-01-04 11:25:50.790495,1096402.5777803229,682634.1553784922,730.9350518535485,455.0894369189948,1779036.733158815,0,0
2026-01-04 11:25:51.790495,810139.0436635716,1111488.5816267254,540.0926957757144,740.9923877511502,1921627.6252902967,0,0
2026-01-04 11:25:52.790495,573469.3066738535,1166512.9887952183,382.31287111590234,777.6753258634789,1739982.2954690717,0,0
2026-01-04 11:25:53.790495,634975.8759655912,1267819.6491005279,423.31725064372745,845.2130994003519,1902795.5250661192,0,0
2026-01-04 11:25:54.790495,4253264.383578082,6189198.889753045,619.463992106635,901.4219447517655,10442463.273331126,0,0
2026-01-04 11:25:55.790495,846270.5991040859,1199141.5180816639,564.180399402724,799.4276787211093,2045412.1171857498,0,0
2026-01-04 11:25:56.790495,1085381.2481991109,498846.0306950094,723.5874987994073,332.5640204633396,1584227.2788941204,0,0
2026-01-04 11:25:57.790495,403405.4553005277,889422.5161065815,268.93697020035177,592.9483440710544,1292827.9714071092,0,0
2026-01-04 11:25:58.790495,746792.3000514184,532530.6284507681,497.86153336761225,355.0204189671787,1279322.9285021864,0,0
2026-01-04 11:25:59.790495,1167780.721630973,566766.9846963206,778.5204810873154,377.84465646421376,1734547.7063272938,0,0
2026-01-04 11:26:00.790495,668114.5520917102,1268161.4262709941,445.4097013944734,845.4409508473294,1936275.9783627042,0,0
2026-01-04 11:26:01.790495,1038416.7463177443,1184729.189467616,692.2778308784962,789.8194596450772,2223145.93578536,0,0
2026-01-04 11:26:02.790495,449046.65493890946,763163.5243738913,299.3644366259396,508.7756829159275,1212210.1793128008,0,0
2026-01-04 11:26:03.790495,1060926.0125308235,855978.9870220141,707.2840083538823,570.652658014676,1916904.9995528376,0,0
2026-01-04 11:26:04.790495,592509.9418464513,862156.7718089743,395.0066278976342,574.7711812059829,1454666.7136554255,0,0
2026-01-04 11:26:05.790495,699420.0990374368,988352.0549659261,466.2800660249578,658.901369977284,1687772.1540033629,0,0
2026-01-04 11:26:06.790495,1156508.6466686246,523261.379776185,771.0057644457497,348.84091985079,1679770.0264448095,0,0
2026-01-04 11:26:07.790495,726821.2489789765,896537.3299836935,484.5474993193177,597.6915533224624,1623358.57896267,0,0
2026-01-04 11:26:08.790495,543298.7347366128,847803.5872543287,362.1991564910752,565.2023915028858,1391102.3219909414,0,0
2026-01-04 11:26:09.790495,1128810.9413845146,560134.220072226,752.5406275896763,373.422813381484,1688945.1614567405,0,0
2026-01-04 11:26:10.790495,316098.28725088073,506032.36197198904,210.73219150058716,337.35490798132605,822130.6492228698,0,0
2026-01-04 11:26:11.790495,1197810.0447958498,533977.1812185791,798.5400298638999,355.9847874790527,1731787.2260144288,0,0
2026-01-04 11:26:12.790495,1601249.4568783338,2700175.617893749,302.3073403052949,509.77872679127995,4301425.074772083,0,0
2026-01-04 11:26:13.790495,933896.9215990183,806013.5475864903,622.5979477326789,537.3423650576602,1739910.4691855086,0,0
2026-01-04 11:26:14.790495,670437.4787627704,1050658.552266558,446.9583191751803,700.4390348443719,1721096.0310293285,0,0
2026-01-04 11:26:15.790495,860117.8298908285,1056668.1200242534,573.4118865938857,704.4454133495022,1916785.9499150817,0,0
2026-01-04 11:26:16.790495,701853.6855009284,852429.1169169331,467.90245700061894,568.2860779446221,1554282.8024178615,0,0
2026-01-04 11:26:17.790495,1024159.8929583463,510825.1722710633,682.7732619722309,340.55011484737554,1534985.0652294096,0,0
2026-01-04 11:26:18.790495,892347.3065553482,574210.5141002077,594.8982043702322,382.8070094001385,1466557.820655556,0,0
2026-01-04 11:26:19.790495,619111.8294193884,909859.3911790474,412.74121961292565,606.5729274526983,1528971.220598436,0,0
2026-01-04 11:26:20.790495,886560.6218375198,1023198.4091285937,591.0404145583466,682.1322727523958,1909759.0309661136,0,0
2026-01-04 11:26:21.790495,444700.1748507508,629057.1992196009,296.46678323383384,419.37146614640056,1073757.3740703517,0,0
2026-01-04 11:26:22.790495,367667.92406826076,649516.941986019,245.1119493788405,433.011294657346,1017184.8660542797,0,0
2026-01-04 11:26:23.790495,734384.8324840681,559911.4645106574,489.58988832271206,373.2743096737716,1294296.2969947255,0,0
2026-01-04 11:26:24.790495,636950.3701038589,800174.194055493,424.63358006923926,533.449462703662,1437124.5641593519,0,0
2026-01-04 11:26:25.790495,569718.7028565821,1313710.6669418707,379.81246857105475,875.8071112945805,1883429.3697984528,0,0
2026-01-04 11:26:26.790495,980798.4570178997,656441.6133879686,653.8656380119331,437.62774225864575,1637240.0704058683,0,0
2026-01-04 11:26:27.790495,1040451.348593883,510970.13239407394,693.634232395922,340.6467549293826,1551421.480987957,0,0
2026-01-04 11:26:28.790495,425754.3417454495,344312.6194554276,283.83622783029966,229.54174630361837,770066.9612008771,0,0
2026-01-04 11:26:29.790495,1107983.4641572016,546939.4065580845,738.6556427714677,364.626271038723,1654922.8707152861,0,0
2026-01-04 11:26:30.790495,603283.8595621476,633139.7084259798,402.18923970809846,422.0931389506532,1236423.5679881275,0,0
2026-01-04 11:26:31.790495,755421.0896061698,662919.8576596344,503.61405973744655,441.9465717730896,1418340.9472658043,0,0
2026-01-04 11:26:32.790495,773874.4337289799,923114.4080865507,515.9162891526532,615.4096053910338,1696988.8418155306,0,0
2026-01-04 11:26:33.790495,627111.7990459222,1421786.4891625915,418.0745326972815,947.8576594417277,2048898.2882085138,0,0
2026-01-04 11:26:34.790495,1393236.7304783338,599486.8896733071,928.8244869855558,399.65792644887136,1992723.6201516408,0,0
2026-01-04 11:26:35.790495,954982.5080770362,820298.9464197668,636.6550053846909,546.8659642798445,1775281.454496803,0,0
2026-01-04 11:26:36.790495,813679.6693961541,1305550.289228604,542.4531129307694,870.366859485736,2119229.958624758,0,0
2026-01-04 11:26:37.790495,743823.354427158,1245176.4921027087,495.88223628477203,830.1176614018058,1988999.8465298668,0,0
2026-01-04 11:26:38.790495,702965.1916859355,1222803.3258299197,468.64346112395697,815.2022172199464,1925768.5175158554,0,0
2026-01-04 11:26:39.790495,631831.7048503718,1089582.3272702778,421.22113656691454,726.3882181801852,1721414.0321206497,0,0
2026-01-04 11:26:40.790495,1078256.9155413872,535565.5678554298,718.8379436942581,357.0437119036199,1613822.483396817,0,0
2026-01-04 11:26:41.790495,680155.3848627794,1100109.398553922,453.4369232418529,733.4062657026147,1780264.7834167015,0,0
2026-01-04 11:26:42.790495,1586558.3075542473,838211.2291933917,1057.7055383694983,558.8074861289278,2424769.536747639,0,0
2026-01-04 11:26:43.790495,977010.832851629,1019652.8875833815,651.3405552344193,679.7685917222543,1996663.7204350105,0,0
2026-01-04 11:26:44.790495,477331.24299502355,919516.9622597453,318.22082866334904,613.0113081731636,1396848.205254769,0,0
2026-01-04 11:26:45.790495,985327.0089760831,1215191.4545684084,656.8846726507221,810.127636378939,2200518.4635444917,0,0
2026-01-04 11:26:46.790495,818499.0306569107,1046502.6644898092,545.6660204379405,697.6684429932061,1865001.69514672,0,0
2026-01-04 11:26:47.790495,678409.744458561,974076.4740192681,452.27316297237394,649.3843160128454,1652486.218477829,0,0
2026-01-04 11:26:48.790495,439261.53545212786,688400.3623954359,292.84102363475193,458.9335749302906,1127661.8978475637,0,0
2026-01-04 11:26:49.790495,526102.2911646231,1151136.6338012093,350.7348607764154,767.4244225341395,1677238.9249658321,0,0
2026-01-04 11:26:50.790495,1489211.4203261435,973157.0311816967,992.8076135507623,648.7713541211311,2462368.4515078403,0,0
2026-01-04 11:26:51.790495,1499268.852688495,853598.846123457,999.5125684589967,569.065897415638,2352867.698811952,0,0
2026-01-04 11:26:52.790495,1431923.0714958955,678941.1996218284,954.6153809972636,452.62746641455226,2110864.271117724,0,0
2026-01-04 11:26:53.790495,793969.6802305656,1216447.9729654223,529.3131201537104,810.9653153102815,2010417.653195988,0,0
2026-01-04 11:26:54.790495,608448.9670623164,1181566.7513542788,405.63264470821093,787.7111675695191,1790015.7184165951,0,0
2026-01-04 11:26:55.790495,951179.3430201444,957538.193904932,634.1195620134296,638.3587959366214,1908717.5369250763,0,0
2026-01-04 11:26:56.790495,841969.5285114746,1183789.3560022106,561.3130190076497,789.1929040014737,2025758.8845136855,0,0
2026-01-04 11:26:57.790495,536017.2378777196,621916.156575978,357.34482525181306,414.61077105065203,1157933.3944536976,0,0
2026-01-04 11:26:58.790495,970918.6850106755,1024009.5029786329,647.2791233404503,682.6730019857553,1994928.1879893083,0,0
2026-01-04 11:26:59.790495,603645.212277157,1278685.6720996427,402.4301415181047,852.4571147330952,1882330.8843768,0,0
2026-01-04 11:27:00.790495,1112636.6652924195,816931.0014732743,741.757776861613,544.6206676488496,1929567.6667656938,0,0
2026-01-04 11:27:01.790495,881034.0109227585,515275.39214925363,587.356007281839,343.5169280995024,1396309.4030720121,0,0
2026-01-04 11:27:02.790495,794759.5239365867,940212.6218727148,529.8396826243911,626.8084145818099,1734972.1458093014,0,0
2026-01-04 11:27:03.790495,641013.7530947835,932767.8815609508,427.342502063189,621.8452543739672,1573781.6346557343,0,0
2026-01-04 11:27:04.790495,1114845.8677195257,692089.4718248103,743.2305784796838,461.3929812165402,1806935.339544336,0,0
2026-01-04 11:27:05.790495,801841.3404933069,752861.121052473,534.5608936622045,501.90741403498197,1554702.4615457798,0,0
2026-01-04 11:27:06.790495,853742.3428483384,881672.68684254,569.1615618988923,587.78179122836,1735415.0296908785,0,0
2026-01-04 11:27:07.790495,1735208.6447567507,2987670.901233859,370.21775487827495,637.4385101827384,4722879.54599061,0,0
2026-01-04 11:27:08.790495,1130924.9749957968,505116.1891195865,753.9499833305312,336.7441260797243,1636041.1641153833,0,0
2026-01-04 11:27:09.790495,1324921.5364955196,834017.2233367717,883.2810243303463,556.0114822245145,2158938.7598322914,0,0
2026-01-04 11:27:10.790495,858601.8718161832,1232915.8287580395,572.4012478774555,821.9438858386931,2091517.7005742227,0,0
2026-01-04 11:27:11.790495,3423533.9826720753,2054191.1146914246,662.8159277706944,397.7032494474673,5477725.0973635,0,0
2026-01-04 11:27:12.790495,466016.6788919694,1079704.3454446008,310.6777859279796,719.8028969630672,1545721.0243365702,0,0
2026-01-04 11:27:13.790495,756460.854825132,732062.2401553747,504.30723655008796,488.0414934369165,1488523.0949805067,0,0
2026-01-04 11:27:14.790495,461713.66911450325,1030379.4380151628,307.8091127430022,686.9196253434419,1492093.107129666,0,0
2026-01-04 11:27:15.790495,917695.7611342396,601066.9648588183,611.7971740894931,400.71130990587886,1518762.725993058,0,0
2026-01-04 11:27:16.790495,891744.1786278682,491614.1822107376,594.4961190852455,327.7427881404917,1383358.3608386058,0,0
2026-01-04 11:27:17.790495,824017.5688701802,520044.10985629755,549.3450459134534,346.6960732375317,1344061.6787264778,0,0
2026-01-04 11:27:18.790495,1139297.8788383594,525477.5069592302,759.5319192255729,350.31833797282013,1664775.3857975896,0,0
2026-01-04 11:27:19.790495,936537.075247407,698816.1884060348,624.3580501649379,465.87745893735655,1635353.2636534418,0,0
2026-01-04 11:27:20.790495,1035476.8975157958,601259.050856019,690.3179316771972,400.83936723734604,1636735.9483718148,0,1
2026-01-04 11:27:21.790495,975997.2934820518,605241.0678575098,650.6648623213679,403.4940452383399,1581238.3613395616,0,0
2026-01-04 11:27:22.790495,583014.7983955508,1044084.934734559,388.67653226370055,696.0566231563727,1627099.73313011,0,0
2026-01-04 11:27:23.790495,993503.566734293,1034519.4738887872,662.3357111561953,689.6796492591915,2028023.0406230802,0,0
2026-01-04 11:27:24.790495,1085553.5215763552,893421.0787455516,723.7023477175701,595.6140524970344,1978974.6003219069,0,0
2026-01-04 11:27:25.790495,630011.2583419997,749222.4295882143,420.0075055613332,499.48161972547615,1379233.687930214,0,0
2026-01-04 11:27:26.790495,801974.7668549307,1036225.6888248929,534.6498445699538,690.817125883262,1838200.4556798234,0,0
2026-01-04 11:27:27.790495,991913.2446417677,634606.745018537,661.2754964278452,423.07116334569133,1626519.9896603047,0,0
2026-01-04 11:27:28.790495,836594.4570583312,838525.9426822728,557.7296380388875,559.0172951215152,1675120.399740604,0,0
2026-01-04 11:27:29.790495,859077.5052287861,946486.3925668226,572.7183368191908,630.9909283778817,1805563.8977956087,0,1
2026-01-04 11:27:30.790495,892030.4716970688,898792.3912042978,594.6869811313792,599.1949274695319,1790822.8629013665,0,0
2026-01-04 11:27:31.790495,568452.5648241113,1135285.455467459,378.96837654940754,756.8569703116393,1703738.0202915706,0,0
2026-01-04 11:27:32.790495,756076.4843742822,1515473.432468379,504.0509895828548,1010.3156216455859,2271549.916842661,0,0
2026-01-04 11:27:33.790495,733428.0701330075,884850.7437105606,488.9520467553383,589.9004958070404,1618278.813843568,0,0
2026-01-04 11:27:34.790495,632319.6979444866,1023822.7545783186,421.5464652963244,682.5485030522124,1656142.4525228052,0,0
2026-01-04 11:27:35.790495,781424.068209942,388648.67472134414,520.949378806628,259.0991164808961,1170072.742931286,0,0
2026-01-04 11:27:36.790495,4925373.0870200815,4187222.056666783,685.0454893008723,582.3797572167565,9112595.143686865,0,0
2026-01-04 11:27:37.790495,679474.5524053918,1153029.010156326,452.9830349369279,768.686006770884,1832503.5625617176,0,0
2026-01-04 11:27:38.790495,785559.7465476725,419309.68883156806,523.7064976984484,279.5397925543787,1204869.4353792407,0,0
2026-01-04 11:27:39.790495,1246753.2717072023,599528.3343363479,831.1688478048015,399.6855562242319,1846281.6060435502,0,0
2026-01-04 11:27:40.790495,620267.7877290733,1410272.5206129984,413.5118584860489,940.1816804086656,2030540.3083420717,0,0
2026-01-04 11:27:41.790495,948291.7354066115,697417.3080090884,632.1944902710743,464.9448720060589,1645709.0434156999,0,0
2026-01-04 11:27:42.790495,1231938.268151479,907981.4436637319,821.2921787676527,605.3209624424879,2139919.711815211,0,0
2026-01-04 11:27:43.790495,513622.40237760573,1085405.7494630257,342.41493491840384,723.6038329753504,1599028.1518406314,0,0
2026-01-04 11:27:44.790495,868821.1903104149,1230427.937933125,579.2141268736099,820.2852919554167,2099249.12824354,0,0
2026-01-04 11:27:45.790495,842582.3048640593,1826357.465277815,561.7215365760395,1217.5716435185434,2668939.7701418744,0,0
2026-01-04 11:27:46.790495,783293.3824092697,1188466.808677027,522.1955882728464,792.3112057846847,1971760.1910862967,0,0
2026-01-04 11:27:47.790495,1649899.0670717878,719476.078769401,1099.932711381192,479.6507191796006,2369375.1458411887,0,0
2026-01-04 11:27:48.790495,892399.4626473027,1227203.939538647,594.9329750982017,818.1359596924314,2119603.4021859495,0,0
2026-01-04 11:27:49.790495,472961.51138354273,409392.32038574904,315.30767425569513,272.92821359049935,882353.8317692918,0,0
2026-01-04 11:27:50.790495,1030099.2474421281,938446.6448026886,686.7328316280855,625.6310965351257,1968545.8922448168,0,0
2026-01-04 11:27:51.790495,1435014.2712163327,790288.8260928731,956.6761808108885,526.8592173952487,2225303.0973092057,0,0
2026-01-04 11:27:52.790495,690985.8249543067,664224.7206019699,460.65721663620445,442.81648040131324,1355210.5455562766,0,0
2026-01-04 11:27:53.790495,1147372.3016508112,574403.8278435362,764.9148677672075,382.9358852290241,1721776.1294943474,0,0
2026-01-04 11:27:54.790495,1159096.8511798817,563151.1428600079,772.7312341199212,375.4340952400053,1722247.9940398897,0,0
2026-01-04 11:27:55.790495,621733.7867539328,888249.3461096663,414.4891911692886,592.1662307397776,1509983.132863599,0,0
2026-01-04 11:27:56.790495,1332691.3194945322,667092.6423125764,888.4608796630215,444.7284282083843,1999783.9618071087,0,0
2026-01-04 11:27:57.790495,873619.4777089572,632570.002462989,582.4129851393047,421.71333497532595,1506189.480171946,0,0
2026-01-04 11:27:58.790495,1002715.864841996,838095.8097747245,668.4772432279973,558.7305398498164,1840811.6746167205,0,0
2026-01-04 11:27:59.790495,824708.3194880453,364877.37895851093,549.8055463253635,243.25158597234062,1189585.6984465562,0,0
2026-01-04 11:28:00.790495,2947450.793765906,4660664.544725112,620.8186445386559,981.6711618818018,7608115.338491018,0,0
2026-01-04 11:28:01.790495,833073.3147604133,1459170.1031831338,555.3822098402756,972.7800687887558,2292243.417943547,0,0
2026-01-04 11:28:02.790495,890100.1764378396,1481801.1343317174,593.4001176252265,987.8674228878116,2371901.310769557,0,0
2026-01-04 11:28:03.790495,1296122.289975534,742836.2226084053,864.081526650356,495.2241484056035,2038958.5125839394,0,0
2026-01-04 11:28:04.790495,287757.12907604536,431181.21316210827,191.83808605069692,287.4541421080722,718938.3422381536,0,0
2026-01-04 11:28:05.790495,1085113.4469376185,782292.1278955052,723.4089646250791,521.5280852636702,1867405.5748331237,0,0
2026-01-04 11:28:06.790495,720271.700366994,395794.96619764285,480.18113357799604,263.8633107984286,1116066.6665646369,0,0
2026-01-04 11:28:07.790495,1407800.6640780552,654535.9883139177,938.5337760520368,436.35732554261176,2062336.652391973,0,0
2026-01-04 11:28:08.790495,789461.1612018032,610996.1784608813,526.3074408012021,407.3307856405876,1400457.3396626846,0,0
2026-01-04 11:28:09.790495,716552.2469633667,978152.740063943,477.7014979755778,652.1018267092953,1694704.9870273096,0,0
2026-01-04 11:28:10.790495,845141.5464298222,547551.2850219386,563.4276976198814,365.0341900146257,1392692.8314517608,0,0
2026-01-04 11:28:11.790495,630512.972911727,387383.5777520465,420.34198194115135,258.25571850136436,1017896.5506637736,0,0
2026-01-04 11:28:12.790495,789194.1580350371,1379123.762197503,526.1294386900247,919.4158414650019,2168317.92023254,0,0
2026-01-04 11:28:13.790495,839266.7448141987,669155.6448747066,559.5111632094658,446.10376324980444,1508422.3896889053,0,0
2026-01-04 11:28:14.790495,488785.6796784869,911723.194374773,325.8571197856579,607.8154629165153,1400508.8740532598,0,0
2026-01-04 11:28:15.790495,1138089.3373446325,539389.1431060568,758.7262248964216,359.59276207070457,1677478.4804506893,0,0
2026-01-04 11:28:16.790495,526626.4019071549,660484.8984005395,351.08426793810327,440.32326560035966,1187111.3003076944,0,0
2026-01-04 11:28:17.790495,888433.4864229148,532966.3729926043,592.2889909486098,355.31091532840287,1421399.859415519,0,0
2026-01-04 11:28:18.790495,900306.2304366175,450314.22032793233,600.2041536244117,300.20948021862154,1350620.45076455,0,0
2026-01-04 11:28:19.790495,786318.6104718891,1162876.5054353687,524.2124069812594,775.2510036235792,1949195.115907258,0,0
2026-01-04 11:28:20.790495,664373.3338507719,1053485.9770072585,442.9155559005146,702.3239846715056,1717859.3108580303,0,0
2026-01-04 11:28:21.790495,481900.4715006707,724888.7492085081,321.2669810004471,483.25916613900534,1206789.2207091788,0,0
2026-01-04 11:28:22.790495,662314.2736835699,873727.289089757,441.5428491223799,582.4848593931713,1536041.5627733269,0,0
2026-01-04 11:28:23.790495,501046.18058665306,796073.0749650042,334.0307870577687,530.7153833100028,1297119.2555516574,0,0
2026-01-04 11:28:24.790495,377286.2023752215,602768.1144589332,251.52413491681432,401.84540963928885,980054.3168341547,0,0
2026-01-04 11:28:25.790495,1143514.5106148855,542342.894960699,762.3430070765903,361.56192997379935,1685857.4055755844,0,0
2026-01-04 11:28:26.790495,781518.9844544277,687353.4955413173,521.0126563029518,458.2356636942115,1468872.479995745,0,0
2026-01-04 11:28:27.790495,981812.1460547781,513061.5384098528,654.5414307031854,342.0410256065685,1494873.684464631,0,0
2026-01-04 11:28:28.790495,694419.9446593748,982577.2942818216,462.94662977291654,655.0515295212144,1676997.2389411964,0,0
2026-01-04 11:28:29.790495,532290.6303412989,865946.0557659251,354.8604202275326,577.2973705106167,1398236.6861072239,0,0
2026-01-04 11:28:30.790495,679484.1173807464,1189620.5484336824,452.9894115871643,793.0803656224549,1869104.6658144288,0,0
2026-01-04 11:28:31.790495,550189.4297991868,436294.20347090735,366.7929531994578,290.86280231393823,986483.633270094,0,0
2026-01-04 11:28:32.790495,967658.3791804486,879131.1918592388,645.1055861202991,586.0874612394925,1846789.5710396874,0,0
2026-01-04 11:28:33.790495,771412.8226503244,1122838.668974154,514.2752151002163,748.559112649436,1894251.4916244783,0,0
2026-01-04 11:28:34.790495,1234026.5330072935,699583.2018313139,822.6843553381957,466.3888012208759,1933609.7348386073,0,0
2026-01-04 11:28:35.790495,1034530.3282437404,1015077.4207836478,689.6868854958269,676.7182805224319,2049607.7490273882,0,0
2026-01-04 11:28:36.790495,796120.6523593694,691120.1892103772,530.7471015729129,460.7467928069181,1487240.8415697466,0,0
2026-01-04 11:28:37.790495,1162697.3462344876,775019.0339292091,775.1315641563251,516.6793559528061,1937716.3801636966,0,0
2026-01-04 11:28:38.790495,824595.6618576074,916621.1059512792,549.730441238405,611.0807373008528,1741216.7678088865,0,0
2026-01-04 11:28:39.790495,1039874.708283287,497241.6611625328,693.2498055221913,331.49444077502187,1537116.3694458199,0,0
2026-01-04 11:28:40.790495,885350.2296987898,910662.6773103673,590.2334864658599,607.1084515402449,1796012.9070091571,0,0
2026-01-04 11:28:41.790495,969826.533735351,989908.4538093938,646.551022490234,659.9389692062625,1959734.9875447447,0,0
2026-01-04 11:28:42.790495,1199132.790547467,654030.4443111551,799.4218603649781,436.02029620743673,1853163.2348586223,0,0
2026-01-04 11:28:43.790495,1208110.8258101442,526930.7610365086,805.4072172067628,351.2871740243391,1735041.5868466527,0,0
2026-01-04 11:28:44.790495,1132621.467658784,864348.9528026151,755.0809784391894,576.2326352017434,1996970.420461399,0,0
2026-01-04 11:28:45.790495,1002996.8704741154,1080338.9377297875,668.6645803160769,720.2259584865251,2083335.8082039028,0,0
2026-01-04 11:28:46.790495,4276089.036981101,5462337.704224446,631.3089298295884,806.4431167355476,9738426.741205547,0,0
2026-01-04 11:28:47.790495,944342.2922142912,978213.8151164104,629.5615281428608,652.1425434109402,1922556.1073307015,0,0
2026-01-04 11:28:48.790495,1084989.3065447328,731063.230996243,723.3262043631552,487.37548733082866,1816052.5375409757,0,0
2026-01-04 11:28:49.790495,3456100.6984063555,3557297.594747815,587.1096433015557,604.3005989185767,7013398.29315417,0,0
2026-01-04 11:28:50.790495,680541.1512745507,753933.3063660241,453.6941008497005,502.6222042440161,1434474.4576405748,0,0
2026-01-04 11:28:51.790495,872652.7677434486,722753.0748680466,581.7685118289658,481.83538324536437,1595405.8426114952,0,0
2026-01-04 11:28:52.790495,566762.0574398373,1092770.9355944619,377.84137162655816,728.5139570629746,1659532.9930342992,0,0
2026-01-04 11:28:53.790495,1043068.0863427653,982605.7580091492,695.3787242285101,655.0705053394328,2025673.8443519145,0,0
2026-01-04 11:28:54.790495,2861802.06543408,3610771.4448487377,460.66556411975637,581.2275015939833,6472573.510282818,0,0
2026-01-04 11:28:55.790495,3874803.1727499263,6817110.280444249,525.9208482747498,925.2754944270672,10691913.453194175,0,0
2026-01-04 11:28:56.790495,911527.4035246022,777299.0552174432,607.6849356830681,518.1993701449621,1688826.4587420453,0,0
2026-01-04 11:28:57.790495,788408.4168782296,869913.7329051563,525.605611252153,579.9424886034376,1658322.149783386,0,0
2026-01-04 11:28:58.790495,600985.1063610617,826874.1628319424,400.65673757404113,551.2494418879617,1427859.2691930041,1,0
2026-01-04 11:28:59.790495,1017754.7322820824,813490.6272475672,678.5031548547216,542.3270848317114,1831245.3595296496,0,0
2026-01-04 11:29:00.790495,1014319.6442634575,635304.8539754488,676.2130961756384,423.5365693169658,1649624.4982389063,0,0
2026-01-04 11:29:01.790495,488998.00053028984,996833.652351163,325.99866702019324,664.5557682341087,1485831.6528814528,0,0
2026-01-04 11:29:02.790495,830246.8768496364,1012924.4354770062,553.4979178997576,675.2829569846708,1843171.3123266427,0,0
2026-01-04 11:29:03.790495,793803.5192512675,980267.18929932,529.2023461675117,653.5114595328799,1774070.7085505875,0,0
2026-01-04 11:29:04.790495,686585.6876180336,876080.209551561,457.72379174535575,584.0534730343741,1562665.8971695947,0,0
2026-01-04 11:29:05.790495,752256.7319935736,960331.4148249904,501.50448799571575,640.2209432166603,1712588.146818564,0,0
2026-01-04 11:29:06.790495,514025.5047109955,457138.398279286,342.6836698073303,304.75893218619063,971163.9029902815,0,0
2026-01-04 11:29:07.790495,634823.3829592764,732715.5258160477,423.21558863951765,488.4770172106985,1367538.908775324,0,0
2026-01-04 11:29:08.790495,1101903.8509484192,507321.61510451505,734.6025672989462,338.2144100696767,1609225.4660529343,0,0
2026-01-04 11:29:09.790495,718232.068158677,412783.3603072088,478.8213787724513,275.1889068714725,1131015.4284658858,0,0
2026-01-04 11:29:10.790495,639789.2607351978,619790.2738272737,426.52617382346523,413.19351588484915,1259579.5345624716,0,0
2026-01-04 11:29:11.790495,376158.9870301534,669568.6696968419,250.77265802010226,446.3791131312279,1045727.6567269951,0,0
2026-01-04 11:29:12.790495,968997.0246418233,651858.2275696883,645.9980164278821,434.57215171312555,1620855.2522115116,0,0
2026-01-04 11:29:13.790495,509390.7523025523,843786.5691691713,339.59383486836816,562.5243794461142,1353177.3214717235,0,0
2026-01-04 11:29:14.790495,854786.5744142712,792744.261951019,569.8577162761808,528.4961746340127,1647530.8363652902,0,0
2026-01-04 11:29:15.790495,3579708.7957456363,2173350.4562718617,604.3115737637328,366.89599895127907,5753059.252017498,0,0
2026-01-04 11:29:16.790495,1077636.2875772945,583876.9571917532,718.4241917181963,389.2513047945021,1661513.2447690477,0,0
2026-01-04 11:29:17.790495,954801.4749178245,738080.1728280796,636.534316611883,492.05344855205306,1692881.647745904,0,0
2026-01-04 11:29:18.790495,551375.7434390382,464846.60831081314,367.58382895935875,309.8977388738754,1016222.3517498513,0,0
2026-01-04 11:29:19.790495,861271.07783246,1076269.5412218426,574.1807185549734,717.5130274812284,1937540.6190543026,0,0
2026-01-04 11:29:20.790495,1152688.7794839465,680540.6602760092,768.459186322631,453.6937735173395,1833229.4397599557,0,0
2026-01-04 11:29:21.790495,778296.1452782076,779379.5630882111,518.8640968521385,519.5863753921408,1557675.7083664187,0,0
2026-01-04 11:29:22.790495,712590.3942097072,584419.8647989566,475.0602628064714,389.61324319930435,1297010.2590086637,0,0
2026-01-04 11:29:23.790495,576809.9014860461,1013765.1244561656,384.53993432403075,675.8434163041104,1590575.0259422117,0,0
2026-01-04 11:29:24.790495,863022.4439126316,404685.2000221573,575.3482959417544,269.79013334810486,1267707.6439347889,0,0
2026-01-04 11:29:25.790495,489246.77165391186,812248.7391696852,326.1645144359412,541.4991594464568,1301495.510823597,0,1
2026-01-04 11:29:26.790495,1209821.4351384193,590013.946906212,806.5476234256129,393.342631270808,1799835.3820446313,0,0
2026-01-04 11:29:27.790495,516677.6767330248,933038.0447633014,344.45178448868324,622.0253631755343,1449715.7214963262,0,0
2026-01-04 11:29:28.790495,674724.9871136489,1111797.9414451106,449.81665807576593,741.1986276300737,1786522.9285587596,0,0
2026-01-04 11:29:29.790495,1097180.7583566518,481307.32513817813,731.4538389044345,320.87155009211875,1578488.08349483,0,0
2026-01-04 11:29:30.790495,2840492.2936871108,1759078.805501514,603.0901776455589,373.4856636155005,4599571.099188625,0,0
2026-01-04 11:29:31.790495,673687.3950795386,879692.2873777299,449.1249300530257,586.4615249184866,1553379.6824572685,0,0
2026-01-04 11:29:32.790495,1248432.2124313624,599745.7546939149,832.2881416209083,399.8305031292766,1848177.9671252773,0,0
2026-01-04 11:29:33.790495,1123030.4747795374,630381.7128746687,748.6869831863582,420.2544752497791,1753412.187654206,0,0
2026-01-04 11:29:34.790495,639615.2964452129,459394.79948686267,426.41019763014197,306.26319965790844,1099010.0959320755,0,0
2026-01-04 11:29:35.790495,677796.6726725211,694022.9957622394,451.8644484483474,462.6819971748263,1371819.6684347605,0,0
2026-01-04 11:29:36.790495,1083291.5192840938,1344163.6283852723,722.1943461893958,896.1090855901815,2427455.147669366,0,0
2026-01-04 11:29:37.790495,997729.7785617355,566647.241290065,665.1531857078237,377.76482752671,1564377.0198518005,0,0
2026-01-04 11:29:38.790495,725813.1912162482,1005811.1129309377,483.8754608108321,670.5407419539584,1731624.3041471858,0,0
2026-01-04 11:29:39.790495,843519.3964707416,521075.7228232547,562.3462643138278,347.38381521550315,1364595.1192939964,0,0
2026-01-04 11:29:40.790495,1263159.9661397792,1013283.9912256731,842.1066440931861,675.5226608171154,2276443.9573654523,0,0
2026-01-04 11:29:41.790495,945330.6776505432,888138.557134883,630.2204517670287,592.0923714232554,1833469.2347854262,0,0
2026-01-04 11:29:42.790495,992075.1905670925,733688.1532305661,661.3834603780616,489.12543548704406,1725763.3437976586,0,0
2026-01-04 11:29:43.790495,923161.5537560248,927431.5796205791,615.4410358373499,618.2877197470527,1850593.133376604,0,0
2026-01-04 11:29:44.790495,1158297.774616909,588783.3767728232,772.1985164112726,392.5222511818821,1747081.1513897323,0,0
2026-01-04 11:29:45.790495,535941.556367719,854529.5402344902,357.2943709118126,569.6863601563268,1390471.0966022091,0,0
2026-01-04 11:29:46.790495,664333.116480239,1042147.4106198037,442.88874432015933,694.7649404132025,1706480.5271000427,0,0
2026-01-04 11:29:47.790495,5084886.75155596,4004536.0398294353,808.2351898541845,636.5150502986278,9089422.791385395,0,0
2026-01-04 11:29:48.790495,835073.055320621,830786.4888946442,556.7153702137473,553.8576592630961,1665859.5442152652,0,0
2026-01-04 11:29:49.790495,654755.3449513484,1017003.458056533,436.5035633008989,678.002305371022,1671758.8030078814,1,0
2026-01-04 11:29:50.790495,1577619.3869384264,733276.5650873499,1051.746257958951,488.8510433915666,2310895.9520257763,1,0
2026-01-04 11:29:51.790495,822112.3140936093,1139805.151846571,548.0748760624062,759.8701012310472,1961917.4659401802,0,0
2026-01-04 11:29:52.790495,1154535.6023257512,1089740.4457096087,769.6904015505008,726.4936304730725,2244276.04803536,0,0
2026-01-04 11:29:53.790495,1003162.2752049873,1219212.3949387693,668.7748501366582,812.8082632925128,2222374.6701437565,0,0
2026-01-04 11:29:54.790495,1069618.1237941005,613225.2706584048,713.078749196067,408.8168471056032,1682843.3944525053,0,0
2026-01-04 11:29:55.790495,527834.1064602493,1190250.9070793034,351.88940430683283,793.5006047195357,1718085.0135395527,0,0
2026-01-04 11:29:56.790495,624656.1265637666,772216.6926175775,416.43741770917774,514.8111284117183,1396872.8191813442,0,0
2026-01-04 11:29:57.790495,900056.6053451798,477573.6019962761,600.0377368967866,318.38240133085077,1377630.2073414559,0,0
2026-01-04 11:29:58.790495,1291149.7340772776,1026424.5699638203,860.7664893848518,684.2830466425469,2317574.304041098,0,0
2026-01-04 11:29:59.790495,748283.4916262146,461627.23927408137,498.85566108414304,307.7514928493876,1209910.730900296,0,0
2026-01-04 11:30:00.790495,552825.0661481466,1134935.4284765031,368.55004409876443,756.6236189843354,1687760.4946246496,0,0
2026-01-04 11:30:01.790495,794554.8430667644,1066426.4586201755,529.7032287111763,710.9509724134504,1860981.30168694,0,0
2026-01-04 11:30:02.790495,770951.8465994616,1045649.0751060046,513.9678977329744,697.0993834040031,1816600.9217054662,0,0
2026-01-04 11:30:03.790495,844457.406996652,586683.9364295055,562.9716046644347,391.122624286337,1431141.3434261575,0,0
2026-01-04 11:30:04.790495,756395.6042822098,856833.3220078436,504.26373618813983,571.2222146718958,1613228.9262900534,0,0
2026-01-04 11:30:05.790495,845479.9359826408,723729.5570424001,563.6532906550939,482.4863713616001,1569209.493025041,0,0
2026-01-04 11:30:06.790495,797009.5225281495,1023591.5368480735,531.339681685433,682.3943578987156,1820601.059376223,0,0
2026-01-04 11:30:07.790495,944135.5656894087,429096.44282396673,629.4237104596058,286.06429521597784,1373232.0085133754,0,0
2026-01-04 11:30:08.790495,663987.0177662539,1147565.3002864034,442.65801184416927,765.0435335242689,1811552.3180526572,0,0
2026-01-04 11:30:09.790495,4397901.753994753,2007363.6473277418,681.3987945511158,311.01539916675597,6405265.401322494,0,0
2026-01-04 11:30:10.790495,397354.59756720776,861038.6055363235,264.9030650448052,574.0257370242157,1258393.2031035314,0,0
2026-01-04 11:30:11.790495,940152.563791363,483308.8584257569,626.7683758609087,322.20590561717125,1423461.42221712,0,0
2026-01-04 11:30:12.790495,652048.1022287101,1062510.6402358748,434.69873481914004,708.3404268239166,1714558.742464585,0,0
2026-01-04 11:30:13.790495,712280.5697380176,721021.0052553513,474.85371315867843,480.6806701702342,1433301.574993369,0,0
2026-01-04 11:30:14.790495,573683.2888392986,672243.7065681719,382.45552589286575,448.1624710454479,1245926.9954074705,0,0
2026-01-04 11:30:15.790495,698920.2536387448,623815.7198793492,465.9468357591632,415.8771465862328,1322735.973518094,0,0
2026-01-04 11:30:16.790495,850793.5591886404,893315.37352804,567.1957061257602,595.5435823520266,1744108.9327166805,0,0
2026-01-04 11:30:17.790495,985307.6825052445,527667.9587146371,656.8717883368297,351.77863914309137,1512975.6412198816,0,0
2026-01-04 11:30:18.790495,465066.5128414416,997647.2700546504,310.0443418942944,665.0981800364336,1462713.782896092,0,0
2026-01-04 11:30:19.790495,301077.247255212,283632.0761201481,200.718164836808,189.08805074676542,584709.3233753601,0,0
2026-01-04 11:30:20.790495,777739.4622899774,1354405.2122078422,518.4929748599849,902.9368081385614,2132144.6744978195,0,0
2026-01-04 11:30:21.790495,1110731.8753769237,506793.2980230623,740.4879169179492,337.86219868204154,1617525.173399986,0,0
2026-01-04 11:30:22.790495,1258669.3075595635,561795.7821891307,839.1128717063757,374.53052145942047,1820465.0897486943,0,0
2026-01-04 11:30:23.790495,929606.292973511,414337.31735990144,619.7375286490073,276.2248782399343,1343943.6103334124,0,0
2026-01-04 11:30:24.790495,548653.5160438935,696632.6930133344,365.769010695929,464.42179534222294,1245286.209057228,0,0
2026-01-04 11:30:25.790495,1173380.8537984877,996799.738350591,782.2539025323251,664.533158900394,2170180.592149079,0,0
2026-01-04 11:30:26.790495,929326.2306726119,507013.81103121064,619.5508204484079,338.0092073541404,1436340.0417038226,0,0
2026-01-04 11:30:27.790495,746244.0522396711,1118520.9739697566,497.4960348264474,745.6806493131711,1864765.0262094277,0,0
2026-01-04 11:30:28.790495,808641.6243554099,528438.2261319564,539.0944162369399,352.29215075463765,1337079.8504873663,0,0
2026-01-04 11:30:29.790495,1069753.0446022728,571393.7510509944,713.1686964015151,380.92916736732957,1641146.7956532673,0,0
2026-01-04 11:30:30.790495,580221.2640662511,792682.5163045437,386.8141760441674,528.4550108696958,1372903.7803707947,0,0
2026-01-04 11:30:31.790495,765595.2380603873,864547.5805911398,510.3968253735915,576.3650537274266,1630142.8186515272,0,0
2026-01-04 11:30:32.790495,525879.6554371569,1144693.9888096133,350.5864369581046,763.1293258730756,1670573.6442467703,0,0
2026-01-04 11:30:33.790495,1325765.2551747975,969526.0280363212,883.843503449865,646.3506853575475,2295291.2832111185,0,0
2026-01-04 11:30:34.790495,873398.0163252646,1267807.4893528468,582.265344216843,845.2049929018979,2141205.505678111,0,0
2026-01-04 11:30:35.790495,899960.7244087694,940714.120662509,599.973816272513,627.1427471083393,1840674.8450712783,0,0
2026-01-04 11:30:36.790495,816332.926614822,552202.6546086628,544.221951076548,368.1351030724419,1368535.5812234848,0,0
2026-01-04 11:30:37.790495,715178.3316543837,1076957.9566498501,476.7855544362558,717.9719710999001,1792136.2883042337,0,0
2026-01-04 11:30:38.790495,1341530.5096746162,636598.6766057654,894.3536731164107,424.3991177371769,1978129.1862803816,0,0
2026-01-04 11:30:39.790495,877314.7216976202,956505.1391105038,584.8764811317468,637.6700927403359,1833819.860808124,0,0
2026-01-04 11:30:40.790495,636417.2492932007,1088683.2087432754,424.2781661954671,725.7888058288503,1725100.458036476,0,0
2026-01-04 11:30:41.790495,4512470.665948914,4101365.0259014927,669.7977531118684,608.7762741085305,8613835.691850407,0,0
2026-01-04 11:30:42.790495,574691.6716491608,1095317.6925863426,383.12778109944054,730.2117950575617,1670009.3642355034,0,0
2026-01-04 11:30:43.790495,1004946.8465648153,897593.6699906172,669.9645643765435,598.3957799937448,1902540.5165554325,0,0
2026-01-04 11:30:44.790495,1241375.6840784121,916058.6158718802,827.583789385608,610.7057439145868,2157434.2999502923,0,0
2026-01-04 11:30:45.790495,1174423.0686543249,792753.0789997153,782.9487124362166,528.5020526664769,1967176.1476540403,0,0
2026-01-04 11:30:46.790495,1140831.0653640965,501403.083469605,760.5540435760644,334.26872231307,1642234.1488337016,0,0
2026-01-04 11:30:47.790495,965253.5957538459,771538.2807220047,643.5023971692306,514.3588538146698,1736791.8764758506,0,0
2026-01-04 11:30:48.790495,890083.0722243555,1123818.801517578,593.388714816237,749.2125343450521,2013901.8737419336,0,0
2026-01-04 11:30:49.790495,1467078.9978621136,813163.0335707325,978.052665241409,542.1086890471549,2280242.031432846,0,0
2026-01-04 11:30:50.790495,1373009.567942272,876501.7979343319,915.3397119615146,584.3345319562213,2249511.365876604,0,0
2026-01-04 11:30:51.790495,774512.8857269123,824535.0939845495,516.3419238179415,549.6900626563663,1599047.9797114618,0,0
2026-01-04 11:30:52.790495,1087007.9574785451,811995.5415008632,724.6719716523635,541.3303610005754,1899003.4989794083,0,0
2026-01-04 11:30:53.790495,881755.3912045406,1054597.1440679284,587.8369274696937,703.0647627119523,1936352.535272469,0,0
2026-01-04 11:30:54.790495,729005.6575494324,1166833.0431120982,486.00377169962155,777.8886954080655,1895838.7006615305,0,0
2026-01-04 11:30:55.790495,673620.8872523151,885860.556670312,449.0805915015434,590.5737044468747,1559481.443922627,0,0
2026-01-04 11:30:56.790495,426862.8466870705,933041.2345735024,284.5752311247137,622.0274897156683,1359904.081260573,0,0
2026-01-04 11:30:57.790495,790088.0731645577,1404562.4743330244,526.7253821097052,936.3749828886829,2194650.547497582,0,0
2026-01-04 11:30:58.790495,1638096.763777496,991230.3579360612,1092.0645091849974,660.8202386240408,2629327.1217135573,0,0
2026-01-04 11:30:59.790495,681286.4790746022,710203.504021134,454.1909860497348,473.469002680756,1391489.9830957362,0,0
2026-01-04 11:31:00.790495,404559.6541307323,933067.332562392,269.7064360871549,622.044888374928,1337626.9866931243,0,0
2026-01-04 11:31:01.790495,729686.6184570217,1550958.7311252877,486.45774563801444,1033.9724874168585,2280645.3495823094,0,0
2026-01-04 11:31:02.790495,1467421.6128450322,779958.5041834567,978.2810752300215,519.9723361223045,2247380.117028489,0,0
2026-01-04 11:31:03.790495,704023.5825226385,446675.3700383432,469.34905501509235,297.7835800255621,1150698.9525609817,0,0
2026-01-04 11:31:04.790495,485245.02232441347,1028222.9483803785,323.496681549609,685.481965586919,1513467.970704792,0,0
2026-01-04 11:31:05.790495,506692.75998702424,857752.9008657824,337.7951733246828,571.8352672438549,1364445.6608528066,0,0
2026-01-04 11:31:06.790495,874653.2945646462,1118482.0175727608,583.1021963764308,745.6546783818405,1993135.312137407,0,0
2026-01-04 11:31:07.790495,1029261.3337934853,460867.1167374388,686.1742225289902,307.24474449162585,1490128.4505309241,0,0
2026-01-04 11:31:08.790495,688244.0587388139,739877.1055452436,458.8293724925426,493.2514036968291,1428121.1642840574,0,0
2026-01-04 11:31:09.790495,939393.3248773279,562277.9974753357,626.2622165848852,374.8519983168905,1501671.3223526636,0,0
2026-01-04 11:31:10.790495,874262.1953131381,932764.0683296052,582.841463542092,621.8427122197368,1807026.2636427432,0,0
2026-01-04 11:31:11.790495,788946.3767390273,922860.3448509355,525.9642511593515,615.2402299006237,1711806.7215899627,0,0
2026-01-04 11:31:12.790495,637050.3069681289,501828.75198522804,424.70020464541926,334.5525013234854,1138879.058953357,0,0
2026-01-04 11:31:13.790495,857337.6720738361,379573.0034784522,571.558448049224,253.0486689856348,1236910.6755522883,0,0
2026-01-04 11:31:14.790495,866345.6259483098,413632.84452485485,577.5637506322065,275.75522968323656,1279978.4704731647,0,1
2026-01-04 11:31:15.790495,490269.072465029,970934.3573030072,326.84604831001934,647.2895715353382,1461203.4297680361,0,0
2026-01-04 11:31:16.790495,652144.6905500586,651351.503938599,434.7631270333724,434.234335959066,1303496.1944886576,0,0
2026-01-04 11:31:17.790495,332733.0974424127,684642.3449999535,221.82206496160845,456.428229999969,1017375.4424423663,0,0
2026-01-04 11:31:18.790495,597108.9537362705,840138.3275346777,398.07263582418034,560.0922183564518,1437247.2812709482,0,0
2026-01-04 11:31:19.790495,719445.511248322,746917.8419747404,479.63034083221464,497.94522798316024,1466363.3532230624,0,0
2026-01-04 11:31:20.790495,674914.647180838,785369.0743958266,449.9430981205587,523.579382930551,1460283.7215766646,0,0
2026-01-04 11:31:21.790495,910831.4096569524,488038.4338511972,607.2209397713016,325.35895590079815,1398869.8435081495,0,0
2026-01-04 11:31:22.790495,624692.9664189838,641336.9516567852,416.46197761265586,427.55796777119014,1266029.918075769,0,0
2026-01-04 11:31:23.790495,643485.4672855788,1127734.6428880242,428.99031152371924,751.8230952586828,1771220.110173603,0,0
2026-01-04 11:31:24.790495,596426.1624164899,830518.236634655,397.6174416109933,553.6788244231034,1426944.399051145,0,0
2026-01-04 11:31:25.790495,1420656.2737218768,838381.5099384537,947.1041824812512,558.9210066256358,2259037.7836603303,0,0
2026-01-04 11:31:26.790495,497663.02264072926,939120.445297362,331.77534842715284,626.0802968649081,1436783.4679380914,0,0
2026-01-04 11:31:27.790495,730491.2538973658,900084.9932090909,486.9941692649105,600.0566621393939,1630576.2471064567,0,0
2026-01-04 11:31:28.790495,404121.95848187094,500069.84452931955,269.414638987914,333.3798963528797,904191.8030111905,0,0
2026-01-04 11:31:29.790495,511303.13609677943,788102.5774852867,340.86875739785296,525.4017183235245,1299405.7135820661,0,0
2026-01-04 11:31:30.790495,580517.6026198169,880787.2265405128,387.01173507987795,587.1914843603419,1461304.8291603297,0,0
2026-01-04 11:31:31.790495,444149.5218399084,1007799.7041598385,296.0996812266056,671.8664694398923,1451949.225999747,0,0
2026-01-04 11:31:32.790495,1026337.0748635003,618280.71212503,684.2247165756669,412.18714141668664,1644617.7869885303,0,0
2026-01-04 11:31:33.790495,807881.7649806017,920114.7862672075,538.5878433204011,613.4098575114716,1727996.551247809,0,0
2026-01-04 11:31:34.790495,1231130.120932237,576953.2772516975,820.7534139548246,384.63551816779835,1808083.3981839344,0,0
2026-01-04 11:31:35.790495,989635.9036754984,601224.6246293962,659.7572691169989,400.8164164195975,1590860.5283048947,0,0
2026-01-04 11:31:36.790495,1161417.510232118,505244.1906306654,774.2783401547453,336.8294604204436,1666661.7008627835,0,0
2026-01-04 11:31:37.790495,661846.9819451398,430010.9614696966,441.23132129675986,286.67397431313105,1091857.9434148364,0,0
2026-01-04 11:31:38.790495,618408.529334665,1206003.4017180423,412.2723528897767,804.0022678120282,1824411.9310527074,0,0
2026-01-04 11:31:39.790495,1357783.9752921273,585126.4641011638,905.1893168614182,390.08430940077585,1942910.4393932912,0,0
2026-01-04 11:31:40.790495,2013635.6547341577,2409327.8603070853,444.0329836970238,531.2882874323956,4422963.515041243,0,0
2026-01-04 11:31:41.790495,1198070.9576305798,927100.021182805,798.7139717537199,618.0666807885366,2125170.9788133847,0,0
2026-01-04 11:31:42.790495,833399.8781972411,960031.4864093784,555.5999187981607,640.0209909395855,1793431.3646066193,0,0
2026-01-04 11:31:43.790495,440307.8389457046,667130.0790945854,293.53855929713643,444.7533860630569,1107437.91804029,0,0
2026-01-04 11:31:44.790495,638154.9547756409,308865.45721251727,425.4366365170939,205.91030480834485,947020.4119881581,0,0
2026-01-04 11:31:45.790495,702584.9899351886,1169388.4866891603,468.3899932901257,779.5923244594402,1871973.4766243491,0,0
2026-01-04 11:31:46.790495,981916.1579612464,959674.7197453495,654.6107719741643,639.7831464968997,1941590.877706596,0,0
2026-01-04 11:31:47.790495,771823.9591482641,1315258.3606668627,514.5493060988427,876.8389071112418,2087082.319815127,0,0
2026-01-04 11:31:48.790495,1105776.4576801627,873888.9157289289,737.1843051201085,582.5926104859526,1979665.3734090917,0,0
2026-01-04 11:31:49.790495,1061966.5024368411,573825.1997210981,707.9776682912275,382.5501331473987,1635791.702157939,0,0
2026-01-04 11:31:50.790495,503820.4826593568,1012315.7270034867,335.88032177290455,674.8771513356578,1516136.2096628435,0,0
2026-01-04 11:31:51.790495,856302.5749355437,652195.5058348762,570.8683832903624,434.79700388991745,1508498.08077042,0,0
2026-01-04 11:31:52.790495,1011677.1800661824,913144.4490708626,674.451453377455,608.7629660472418,1924821.629137045,0,0
2026-01-04 11:31:53.790495,537168.5921559051,1182191.1452495873,358.1123947706034,788.1274301663915,1719359.7374054922,0,0
2026-01-04 11:31:54.790495,575899.9045616502,986091.9590785011,383.93326970776684,657.3946393856673,1561991.8636401512,0,0
2026-01-04 11:31:55.790495,634122.9132930749,476782.24026879144,422.74860886204993,317.85482684586094,1110905.1535618664,0,0
2026-01-04 11:31:56.790495,5329094.829643863,2527872.844371481,712.3816238948488,337.9204573083927,7856967.674015344,0,0
2026-01-04 11:31:57.790495,910511.1599624208,499937.20890805713,607.0074399749473,333.29147260537144,1410448.368870478,0,0
2026-01-04 11:31:58.790495,1311531.0185419645,912792.2155663461,874.3540123613096,608.5281437108973,2224323.2341083107,0,0
2026-01-04 11:31:59.790495,1029267.4245588123,557180.3074996257,686.1782830392082,371.4535383330838,1586447.732058438,0,0
2026-01-04 11:32:00.790495,776627.8112929045,635828.4626581358,517.7518741952697,423.88564177209054,1412456.2739510403,0,0
2026-01-04 11:32:01.790495,1009403.9294772771,1375992.723232305,672.9359529848514,917.3284821548699,2385396.652709582,0,0
2026-01-04 11:32:02.790495,428311.8348461068,949944.4791246832,285.5412232307379,633.2963194164555,1378256.31397079,0,0
2026-01-04 11:32:03.790495,1156433.6288846913,770804.2279370286,770.9557525897942,513.8694852913524,1927237.8568217198,0,0
2026-01-04 11:32:04.790495,814016.9230317943,1012457.0731810564,542.6779486878628,674.9713821207043,1826473.9962128506,0,0
2026-01-04 11:32:05.790495,447717.3820268942,820296.3062570869,298.47825468459615,546.8642041713913,1268013.688283981,0,0
2026-01-04 11:32:06.790495,718553.8447608774,703917.6363745237,479.0358965072516,469.2784242496825,1422471.4811354012,0,0
2026-01-04 11:32:07.790495,837649.1089080158,1239042.515040435,558.4327392720105,826.0283433602899,2076691.6239484504,0,0
2026-01-04 11:32:08.790495,924055.6944903109,543969.8484005708,616.0371296602073,362.64656560038054,1468025.5428908817,0,0
2026-01-04 11:32:09.790495,397435.21864807,788575.387674463,264.95681243204666,525.7169251163086,1186010.606322533,0,0
2026-01-04 11:32:10.790495,384748.6732928596,521946.55990989984,256.49911552857304,347.9643732732666,906695.2332027594,0,0
2026-01-04 11:32:11.790495,564838.0105090837,983807.9229581674,376.5586736727225,655.8719486387782,1548645.933467251,0,0
2026-01-04 11:32:12.790495,880135.0723600512,1002515.3528321966,586.7567149067008,668.3435685547978,1882650.4251922478,0,0
2026-01-04 11:32:13.790495,597982.9487339872,553170.5297008551,398.65529915599143,368.7803531339034,1151153.4784348423,0,0
2026-01-04 11:32:14.790495,498999.34507274884,653551.7662960846,332.66623004849924,435.7011775307231,1152551.1113688333,0,0
2026-01-04 11:32:15.790495,560086.1568081413,471978.5897868012,373.39077120542754,314.6523931912008,1032064.7465949424,0,0
2026-01-04 11:32:16.790495,614534.9780506473,1008916.6211599531,409.6899853670982,672.6110807733021,1623451.5992106004,0,0
2026-01-04 11:32:17.790495,670967.4131583245,837039.2054234964,447.31160877221635,558.0261369489976,1508006.618581821,0,0
2026-01-04 11:32:18.790495,998113.3381656329,1013398.0002224292,665.4088921104219,675.5986668149528,2011511.338388062,0,0
2026-01-04 11:32:19.790495,969534.4577897843,576282.0826826694,646.3563051931895,384.1880551217796,1545816.5404724537,0,0
2026-01-04 11:32:20.790495,826821.9267680134,388033.93090055755,551.2146178453422,258.68928726703837,1214855.857668571,0,0
2026-01-04 11:32:21.790495,1008423.224814507,432923.27013568213,672.2821498763379,288.6155134237881,1441346.494950189,0,0
2026-01-04 11:32:22.790495,637795.9571039741,345278.6667329556,425.1973047359827,230.18577782197042,983074.6238369297,0,0
2026-01-04 11:32:23.790495,284797.32147185504,560552.952310917,189.8648809812367,373.70196820727796,845350.273782772,0,0
2026-01-04 11:32:24.790495,404577.99748869013,909641.6222365602,269.7186649924601,606.4277481577068,1314219.6197252504,0,0
2026-01-04 11:32:25.790495,464162.03570083407,346507.3585284525,309.44135713388937,231.004905685635,810669.3942292866,0,0
2026-01-04 11:32:26.790495,635565.6950762938,560798.425960771,423.71046338419586,373.8656173071807,1196364.1210370648,0,0
2026-01-04 11:32:27.790495,636260.607000718,735254.345127492,424.1737380004787,490.169563418328,1371514.9521282099,0,0
2026-01-04 11:32:28.790495,877359.6526726405,536237.6415042977,584.9064351150937,357.49176100286513,1413597.2941769382,0,0
2026-01-04 11:32:29.790495,3398294.3899940024,2093247.2106541179,615.0842728724699,378.8734261217983,5491541.60064812,0,0
2026-01-04 11:32:30.790495,421726.1101255446,953872.0434633939,281.1507400836964,635.9146956422626,1375598.1535889385,0,0
2026-01-04 11:32:31.790495,1158323.1484414292,673032.7302183887,772.2154322942862,448.68848681225916,1831355.8786598179,0,0
2026-01-04 11:32:32.790495,1162149.9600143908,952304.2431596597,774.7666400095939,634.8694954397731,2114454.2031740504,0,0
2026-01-04 11:32:33.790495,973368.9025787691,702922.9457802094,648.9126017191794,468.61529718680623,1676291.8483589785,0,0
2026-01-04 11:32:34.790495,804893.1440893047,912503.1338065945,536.5954293928698,608.3354225377296,1717396.2778958993,0,0
2026-01-04 11:32:35.790495,839930.4304012001,960271.9478748912,559.9536202674667,640.1812985832609,1800202.3782760913,0,0
2026-01-04 11:32:36.790495,1495138.4561714358,677785.2216921615,996.7589707809572,451.856814461441,2172923.6778635974,0,0
2026-01-04 11:32:37.790495,946883.5506502737,1588593.1712982703,631.2557004335158,1059.062114198847,2535476.721948544,0,0
2026-01-04 11:32:38.790495,550924.3353593305,902116.3176416504,367.2828902395537,601.410878427767,1453040.6530009808,0,0
2026-01-04 11:32:39.790495,609738.378471752,1031784.0688618672,406.49225231450134,687.8560459079115,1641522.4473336192,0,0
2026-01-04 11:32:40.790495,750201.6476237979,1286422.0328634975,500.1344317491986,857.614688575665,2036623.6804872954,0,0
2026-01-04 11:32:41.790495,958256.0267965632,500786.4809065258,638.8373511977088,333.8576539376839,1459042.507703089,0,0
2026-01-04 11:32:42.790495,587926.6841785312,725327.530548419,391.95112278568746,483.55168703227935,1313254.21472695,0,0
2026-01-04 11:32:43.790495,1084761.3831834726,963178.9792995497,723.1742554556483,642.1193195330331,2047940.3624830223,0,0
2026-01-04 11:32:44.790495,642209.8874099589,862850.9402989984,428.13992493997256,575.2339601993323,1505060.8277089573,0,0
2026-01-04 11:32:45.790495,696803.5245608113,1412241.4995264525,464.5356830405409,941.494333017635,2109045.0240872637,0,0
2026-01-04 11:32:46.790495,700647.4919466802,1049416.6965795406,467.0983279644535,699.6111310530271,1750064.1885262209,0,0
2026-01-04 11:32:47.790495,832641.7803843863,783334.5273725603,555.0945202562575,522.2230182483736,1615976.3077569467,0,0
2026-01-04 11:32:48.790495,1074107.7890667527,1164682.0349214303,716.0718593778352,776.4546899476202,2238789.823988183,0,0
2026-01-04 11:32:49.790495,698388.3286603875,1180586.642695387,465.59221910692503,787.0577617969246,1878974.9713557744,0,0
2026-01-04 11:32:50.790495,563699.3081513959,1043840.1912716001,375.79953876759726,695.8934608477334,1607539.4994229958,0,0
2026-01-04 11:32:51.790495,1075802.0117068235,635109.0903450912,717.2013411378823,423.4060602300608,1710911.1020519147,0,0
2026-01-04 11:32:52.790495,746238.289109584,870012.8207442346,497.4921927397226,580.0085471628231,1616251.1098538185,0,0
2026-01-04 11:32:53.790495,1146177.5433547313,545521.0292610682,764.1183622364875,363.6806861740455,1691698.5726157995,0,0
2026-01-04 11:32:54.790495,884350.1299516261,442089.392098689,589.5667533010841,294.726261399126,1326439.522050315,0,0
2026-01-04 11:32:55.790495,1007851.594379634,826479.150779178,671.901062919756,550.9861005194521,1834330.745158812,0,0
2026-01-04 11:32:56.790495,635894.0185510922,887301.8196642945,423.92934570072816,591.534546442863,1523195.8382153867,0,0
2026-01-04 11:32:57.790495,900873.83439667,1097511.0923798543,600.5825562644467,731.6740615865696,1998384.9267765242,0,0
2026-01-04 11:32:58.790495,473153.2165854087,741499.6789239931,315.4354777236058,494.3331192826621,1214652.8955094018,0,0
2026-01-04 11:32:59.790495,1086890.7392359024,817164.3771773041,724.5938261572683,544.776251451536,1904055.1164132066,0,0
2026-01-04 11:33:00.790495,995711.2006808921,759487.598898426,663.8074671205948,506.325065932284,1755198.7995793181,0,0
2026-01-04 11:33:01.790495,479951.0759927053,937254.2216754088,319.96738399513686,624.8361477836058,1417205.297668114,0,0
2026-01-04 11:33:02.790495,692855.2183163859,499730.4427453344,461.9034788775906,333.1536284968896,1192585.6610617202,0,0
2026-01-04 11:33:03.790495,915183.3179182619,1103035.7048273713,610.122211945508,735.3571365515809,2018219.022745633,0,0
2026-01-04 11:33:04.790495,957265.8199387655,764460.0616613176,638.1772132925104,509.6400411075451,1721725.881600083,0,0
2026-01-04 11:33:05.790495,884766.1865441729,657893.329526301,589.8441243627819,438.59555301753403,1542659.516070474,0,0
2026-01-04 11:33:06.790495,826400.7897898974,688871.5249087752,550.9338598599315,459.24768327251684,1515272.3146986726,0,0
2026-01-04 11:33:07.790495,954684.7469127133,586627.389908394,636.4564979418088,391.08492660559597,1541312.1368211072,0,0
2026-01-04 11:33:08.790495,817442.3425563428,1155725.955490148,544.9615617042285,770.4839703267653,1973168.2980464909,0,0
2026-01-04 11:33:09.790495,872404.5043862176,544585.0560550997,581.603002924145,363.05670403673315,1416989.5604413173,0,0
2026-01-04 11:33:10.790495,511753.3773056831,1116567.4460417263,341.16891820378873,744.3782973611509,1628320.8233474095,0,0
2026-01-04 11:33:11.790495,1041979.7962538663,456853.57771294605,694.6531975025775,304.5690518086307,1498833.3739668124,0,0
2026-01-04 11:33:12.790495,999881.2737016703,833476.9279893034,666.5875158011136,555.6512853262022,1833358.2016909737,0,0
2026-01-04 11:33:13.790495,659492.9174075617,1126248.9848389272,439.66194493837446,750.8326565592848,1785741.9022464887,0,0
2026-01-04 11:33:14.790495,746645.4107982153,532026.3584764956,497.7636071988102,354.6842389843304,1278671.769274711,0,0
2026-01-04 11:33:15.790495,815950.7479019089,701079.5560738117,543.9671652679393,467.3863707158745,1517030.3039757207,1,0
2026-01-04 11:33:16.790495,709746.6753629986,1116817.249854123,473.1644502419991,744.544833236082,1826563.9252171216,0,0
2026-01-04 11:33:17.790495,561730.2320210051,842498.9081649925,374.48682134733673,561.6659387766616,1404229.1401859976,0,0
2026-01-04 11:33:18.790495,3983311.1814387636,5486720.132606661,581.0858550625723,800.4033113459091,9470031.314045424,0,0
2026-01-04 11:33:19.790495,726107.0102200892,917215.4029580031,484.07134014672613,611.4769353053354,1643322.4131780923,0,0
2026-01-04 11:33:20.790495,760887.6359662763,400463.4289012449,507.2584239775175,266.9756192674966,1161351.0648675212,0,0
2026-01-04 11:33:21.790495,528215.1997338897,763661.3031243196,352.14346648925977,509.1075354162131,1291876.5028582094,0,0
2026-01-04 11:33:22.790495,783398.6135811317,1156669.3130749583,522.2657423874211,771.1128753833055,1940067.92665609,0,0
2026-01-04 11:33:23.790495,623294.4690949277,848043.8823278592,415.5296460632851,565.3625882185728,1471338.3514227867,0,0
2026-01-04 11:33:24.790495,1020621.3882980158,712115.5229234269,680.4142588653439,474.7436819489513,1732736.9112214427,0,0
2026-01-04 11:33:25.790495,727270.0593127753,496030.41220361134,484.8467062085168,330.6869414690742,1223300.4715163866,0,0
2026-01-04 11:33:26.790495,531630.2890801668,806846.9206010852,354.42019272011123,537.8979470673901,1338477.209681252,0,0
2026-01-04 11:33:27.790495,944623.5749281665,1123950.3557729025,629.749049952111,749.300237181935,2068573.9307010688,0,0
2026-01-04 11:33:28.790495,1306026.5592148534,880734.6271785797,870.6843728099022,587.1564181190531,2186761.1863934333,0,0
2026-01-04 11:33:29.790495,867153.8165907763,802691.2016230343,578.1025443938508,535.1274677486896,1669845.0182138106,0,0
2026-01-04 11:33:30.790495,543448.0785352474,837497.8613097225,362.2987190234982,558.331907539815,1380945.93984497,0,0
2026-01-04 11:33:31.790495,495216.67394471634,889054.7951088495,330.14444929647755,592.703196739233,1384271.469053566,0,0
2026-01-04 11:33:32.790495,1244643.945523151,727497.5275394466,829.7626303487673,484.9983516929644,1972141.4730625974,0,0
2026-01-04 11:33:33.790495,1363678.2839094116,813064.2653858458,909.1188559396078,542.0428435905638,2176742.5492952573,0,0
2026-01-04 11:33:34.790495,630391.5294802955,523153.84899523784,420.2610196535303,348.7692326634919,1153545.3784755333,0,0
2026-01-04 11:33:35.790495,724354.2875451398,1230587.7896901015,482.9028583634265,820.3918597934011,1954942.0772352414,0,0
2026-01-04 11:33:36.790495,695965.6656300105,338793.5714843674,463.977110420007,225.86238098957827,1034759.2371143779,0,0
2026-01-04 11:33:37.790495,2429430.6383397128,5668404.993537077,419.8770390669576,979.6670328259437,8097835.63187679,0,0
2026-01-04 11:33:38.790495,701506.3662677371,1485269.9333666675,467.67091084515806,990.1799555777783,2186776.2996344045,0,0
2026-01-04 11:33:39.790495,1017142.6419817549,642721.4249021981,678.0950946545033,428.4809499347988,1659864.066883953,0,0
2026-01-04 11:33:40.790495,687907.9579515939,935453.2054356528,458.60530530106263,623.6354702904351,1623361.1633872467,0,0
2026-01-04 11:33:41.790495,1092668.0531095078,858039.8583264768,728.4453687396718,572.0265722176512,1950707.9114359845,0,0
2026-01-04 11:33:42.790495,749735.0764542817,1012362.1194563258,499.82338430285444,674.9080796375505,1762097.1959106075,0,0
2026-01-04 11:33:43.790495,1072282.007859377,778159.5156178671,714.8546719062513,518.7730104119114,1850441.5234772442,0,0
2026-01-04 11:33:44.790495,879793.9395984523,670325.3056329477,586.5292930656349,446.8835370886318,1550119.2452314,0,0
2026-01-04 11:33:45.790495,865510.3690761131,1218271.199921778,577.0069127174087,812.1807999478519,2083781.5689978912,0,0
2026-01-04 11:33:46.790495,673036.8790692778,1057824.2603680347,448.69125271285185,705.2161735786898,1730861.1394373127,0,0
2026-01-04 11:33:47.790495,865293.1165036374,478374.27884833247,576.8620776690916,318.91618589888833,1343667.3953519699,0,0
2026-01-04 11:33:48.790495,1039983.4426080745,749017.367292579,693.3222950720497,499.34491152838604,1789000.8099006535,0,0
2026-01-04 11:33:49.790495,1152045.5163352306,798143.2934423612,768.0303442234871,532.0955289615741,1950188.8097775918,0,0
2026-01-04 11:33:50.790495,1018462.8247882439,1158369.8706292717,678.9752165254959,772.2465804195144,2176832.6954175155,0,0
2026-01-04 11:33:51.790495,1028188.0526879056,779961.3767064397,685.4587017919371,519.9742511376264,1808149.4293943453,0,0
2026-01-04 11:33:52.790495,821498.1857678667,847465.6264178639,547.6654571785778,564.977084278576,1668963.8121857306,0,0
2026-01-04 11:33:53.790495,612778.6031395927,1128766.3204239917,408.51906875972844,752.5108802826611,1741544.9235635842,0,0
2026-01-04 11:33:54.790495,1188514.4221239784,542813.3702137205,792.3429480826522,361.8755801424803,1731327.7923376989,0,0
2026-01-04 11:33:55.790495,967830.6562920974,1268206.4233904176,645.220437528065,845.4709489269451,2236037.079682515,0,0
2026-01-04 11:33:56.790495,970155.2400749241,1149115.375523572,646.7701600499494,766.0769170157147,2119270.615598496,0,0
2026-01-04 11:33:57.790495,626915.9914125649,566180.1830635846,417.9439942750433,377.4534553757231,1193096.1744761495,0,0
2026-01-04 11:33:58.790495,931234.1188016253,521876.20813410863,620.8227458677502,347.91747208940575,1453110.326935734,0,0
2026-01-04 11:33:59.790495,1172700.9494049354,816907.9804792056,781.8006329366235,544.6053203194704,1989608.9298841408,0,0
2026-01-04 11:34:00.790495,637407.8253092266,1207015.6812860395,424.9385502061511,804.6771208573597,1844423.5065952663,0,0
2026-01-04 11:34:01.790495,782173.5392856749,970658.9036583172,521.4490261904499,647.1059357722114,1752832.442943992,0,0
2026-01-04 11:34:02.790495,987831.3980667309,450986.8689572925,658.5542653778206,300.657912638195,1438818.2670240235,0,0
2026-01-04 11:34:03.790495,922681.232834681,538511.8691630604,615.1208218897874,359.00791277537365,1461193.1019977415,0,0
2026-01-04 11:34:04.790495,587694.4047026833,551906.7689198294,391.79626980178887,367.93784594655295,1139601.1736225127,0,0
2026-01-04 11:34:05.790495,744948.4400616379,1187796.8144555343,496.6322933744253,791.8645429703562,1932745.2545171722,0,0
2026-01-04 11:34:06.790495,707340.705746596,866064.3807243861,471.56047049773065,577.3762538162574,1573405.086470982,0,0
2026-01-04 11:34:07.790495,875713.4805545295,478191.1785589135,583.808987036353,318.7941190392757,1353904.659113443,0,0
2026-01-04 11:34:08.790495,705226.877949481,384408.55745124264,470.1512519663207,256.27237163416174,1089635.4354007237,0,0
2026-01-04 11:34:09.790495,604596.4033291616,983605.5995604384,403.0642688861077,655.7370663736256,1588202.0028896,0,0
2026-01-04 11:34:10.790495,404728.0028877736,613146.7876055707,269.8186685918491,408.7645250703805,1017874.7904933443,0,0
2026-01-04 11:34:11.790495,904519.9880422644,482398.2071738685,603.0133253615096,321.598804782579,1386918.1952161328,0,0
2026-01-04 11:34:12.790495,721465.1097295143,921403.8298876587,480.97673981967625,614.2692199251059,1642868.939617173,0,0
2026-01-04 11:34:13.790495,778299.1885436412,1277023.2202437192,518.8661256957608,851.3488134958128,2055322.4087873606,0,0
2026-01-04 11:34:14.790495,575064.6877871772,1191495.8058527487,383.37645852478477,794.3305372351658,1766560.493639926,0,0
2026-01-04 11:34:15.790495,998092.7318545714,503332.05580634804,665.3951545697142,335.5547038708987,1501424.7876609194,0,0
2026-01-04 11:34:16.790495,557342.2065701821,432767.42151141923,371.5614710467881,288.51161434094615,990109.6280816013,0,0
2026-01-04 11:34:17.790495,780533.4044436743,433737.8296699947,520.3556029624496,289.1585531133298,1214271.234113669,0,0
2026-01-04 11:34:18.790495,679214.1202507708,843604.8295025274,452.80941350051387,562.4032196683515,1522818.9497532982,0,0
2026-01-04 11:34:19.790495,581113.1839982731,497464.043624644,387.4087893321821,331.64269574976265,1078577.2276229172,0,0
2026-01-04 11:34:20.790495,457444.22601935535,967533.010071472,304.9628173462369,645.0220067143147,1424977.2360908275,0,0
2026-01-04 11:34:21.790495,1130771.3589228624,485865.1862486574,753.8475726152417,323.9101241657716,1616636.54517152,0,0
2026-01-04 11:34:22.790495,2874125.5150115737,1940880.2189275199,508.31695717239955,343.263480306762,4815005.733939094,0,0
2026-01-04 11:34:23.790495,501445.93610220234,1022324.8793471105,334.29729073480155,681.5499195647403,1523770.8154493128,0,0
2026-01-04 11:34:24.790495,557164.0575313524,820727.5829648001,371.4427050209016,547.1517219765334,1377891.6404961525,0,0
2026-01-04 11:34:25.790495,1178190.3735289352,727090.8265263572,785.4602490192901,484.72721768423816,1905281.2000552923,0,0
2026-01-04 11:34:26.790495,763008.7769516251,1068314.9121856864,508.6725179677501,712.2099414571243,1831323.6891373117,0,0
2026-01-04 11:34:27.790495,499756.82172223146,884540.1406248693,333.17121448148765,589.6934270832462,1384296.9623471007,0,0
2026-01-04 11:34:28.790495,736227.2961532861,484291.3563300389,490.8181974355241,322.86090422002593,1220518.652483325,0,0
2026-01-04 11:34:29.790495,435729.05714033445,827107.1943165227,290.4860380935563,551.4047962110151,1262836.2514568572,0,0
2026-01-04 11:34:30.790495,694828.7245873231,1026664.1557391013,463.2191497248821,684.4427704927342,1721492.8803264245,0,0
2026-01-04 11:34:31.790495,722276.4013465759,758084.4529080952,481.5176008977173,505.38963527206346,1480360.8542546711,0,0
2026-01-04 11:34:32.790495,546948.8029117419,407114.2457610053,364.6325352744946,271.40949717400355,954063.0486727472,0,0
2026-01-04 11:34:33.790495,958636.5156166124,526106.4667669398,639.0910104110749,350.73764451129324,1484742.9823835522,0,0
2026-01-04 11:34:34.790495,1171421.8032403595,1006469.5555563063,780.9478688269063,670.9797037042042,2177891.358796666,0,0
2026-01-04 11:34:35.790495,2560997.058669182,4323187.926908371,415.30968514360234,701.0792186047833,6884184.985577553,0,0
2026-01-04 11:34:36.790495,723199.9956749645,675782.0774528156,482.1333304499763,450.5213849685437,1398982.07312778,0,0
2026-01-04 11:34:37.790495,1106722.9537825254,658803.3150341578,737.8153025216836,439.2022100227719,1765526.2688166832,1,0
2026-01-04 11:34:38.790495,1192705.4513056981,864668.5864771518,795.1369675371321,576.4457243181013,2057374.03778285,0,0
2026-01-04 11:34:39.790495,1250115.4908769198,929668.057625477,833.4103272512799,619.7787050836513,2179783.548502397,0,0
2026-01-04 11:34:40.790495,596188.0385232813,832082.5026608593,397.45869234885424,554.7216684405728,1428270.5411841406,0,0
2026-01-04 11:34:41.790495,1067700.0028032581,689554.7582304332,711.8000018688388,459.7031721536221,1757254.7610336915,0,0
2026-01-04 11:34:42.790495,1414216.581779155,840094.0862174396,942.8110545194367,560.0627241449597,2254310.6679965947,0,0
2026-01-04 11:34:43.790495,2246422.5383281093,2998473.902731982,427.0030701781485,569.954022660631,5244896.441060091,0,0
2026-01-04 11:34:44.790495,675250.6474785388,1132288.8507708546,450.16709831902585,754.8592338472364,1807539.4982493934,0,0
2026-01-04 11:34:45.790495,1097334.8385135513,627622.6515566868,731.5565590090342,418.41510103779126,1724957.490070238,0,0
2026-01-04 11:34:46.790495,735579.5938566516,856539.9235158546,490.3863959044344,571.0266156772365,1592119.5173725062,0,0
2026-01-04 11:34:47.790495,3479300.66789897,3370537.114648231,711.112591965062,688.8830867725234,6849837.782547201,0,0
2026-01-04 11:34:48.790495,800753.184960091,1005338.8136213807,533.8354566400607,670.2258757475871,1806091.9985814716,0,0
2026-01-04 11:34:49.790495,1151857.744624251,894782.384053529,767.9051630828341,596.5215893690194,2046640.12867778,0,0
2026-01-04 11:34:50.790495,1300397.5242747155,1406204.2489751985,866.9316828498103,937.469499316799,2706601.773249914,0,0
2026-01-04 11:34:51.790495,1033500.2197533982,816093.0256587354,689.0001465022655,544.0620171058237,1849593.2454121336,0,0
2026-01-04 11:34:52.790495,696436.3758559099,1031226.578167658,464.2909172372733,687.4843854451053,1727662.9540235677,0,0
2026-01-04 11:34:53.790495,977260.3501254928,965930.6650238847,651.5069000836619,643.9537766825898,1943191.0151493775,0,0
2026-01-04 11:34:54.790495,805011.5433643326,936157.8002971758,536.6743622428884,624.1052001981171,1741169.3436615083,0,0
2026-01-04 11:34:55.790495,712202.9107042038,992491.5390193902,474.8019404694692,661.6610260129269,1704694.449723594,0,0
2026-01-04 11:34:56.790495,657840.2214995562,706481.9527705745,438.5601476663708,470.98796851371634,1364322.1742701307,0,0
2026-01-04 11:34:57.790495,1047157.0207685275,797629.1875108321,698.1046805123517,531.752791673888,1844786.2082793596,0,0
2026-01-04 11:34:58.790495,983941.5137856645,680386.9344846355,655.961009190443,453.59128965642367,1664328.4482703,0,0
2026-01-04 11:34:59.790495,851036.8952645373,544810.7327560408,567.3579301763582,363.20715517069385,1395847.628020578,0,0
2026-01-04 11:35:00.790495,979629.221830154,650783.7164075939,653.0861478867693,433.85581093839596,1630412.9382377479,0,0
2026-01-04 11:35:01.790495,941902.0132228541,613619.8590620456,627.9346754819028,409.0799060413637,1555521.8722848997,0,0
2026-01-04 11:35:02.790495,703569.6552425546,942007.9958007184,469.04643682836974,628.0053305338123,1645577.651043273,0,0
2026-01-04 11:35:03.790495,646840.6242308071,715456.3983896478,431.22708282053804,476.9709322597652,1362297.022620455,0,1
2026-01-04 11:35:04.790495,890580.9704872193,485009.291505955,593.7206469914795,323.33952767063664,1375590.2619931742,0,0
2026-01-04 11:35:05.790495,799845.3066519052,880049.2543715462,533.2302044346035,586.6995029143642,1679894.5610234514,0,0
2026-01-04 11:35:06.790495,756686.8086198787,738196.9664176495,504.45787241325246,492.1313109450997,1494883.7750375282,0,0
2026-01-04 11:35:07.790495,898561.7449468212,480770.4968289638,599.0411632978809,320.5136645526425,1379332.241775785,0,0
2026-01-04 11:35:08.790495,636265.1028336472,688954.9369881946,424.17673522243143,459.3032913254631,1325220.0398218418,0,0
2026-01-04 11:35:09.790495,731613.6660193687,1060603.2794802415,487.7424440129125,707.0688529868277,1792216.9454996102,0,0
2026-01-04 11:35:10.790495,792934.0744562661,597299.5695072587,528.6227163041774,398.19971300483917,1390233.6439635248,0,0
2026-01-04 11:35:11.790495,795871.0490386508,443783.0437685855,530.5806993591005,295.85536251239034,1239654.0928072364,0,0
2026-01-04 11:35:12.790495,430719.4490205347,674132.1311028567,287.1462993470231,449.4214207352378,1104851.5801233915,0,0
2026-01-04 11:35:13.790495,540877.1878037954,916547.0726792548,360.584791869197,611.0313817861698,1457424.2604830503,0,0
2026-01-04 11:35:14.790495,568106.8847410087,998262.4108545755,378.7379231606725,665.5082739030503,1566369.2955955842,0,0
2026-01-04 11:35:15.790495,643216.4586679843,799176.9280246081,428.8109724453229,532.784618683072,1442393.3866925924,0,0
2026-01-04 11:35:16.790495,201178.57804797043,459650.17726748134,134.1190520319803,306.43345151165425,660828.7553154518,0,0
2026-01-04 11:35:17.790495,551121.3911421323,862168.3243195505,367.4142607614216,574.7788828797004,1413289.7154616828,0,0
2026-01-04 11:35:18.790495,295821.06394807476,623545.5923844601,197.21404263204985,415.6970615896401,919366.6563325349,0,0
2026-01-04 11:35:19.790495,682458.3366553216,1208082.8285682283,454.9722244368811,805.3885523788189,1890541.16522355,0,0
2026-01-04 11:35:20.790495,897250.6937387635,786748.5725662701,598.1671291591756,524.4990483775134,1683999.2663050336,0,0
2026-01-04 11:35:21.790495,503281.41278255614,1169765.1184272917,335.52094185503745,779.8434122848612,1673046.531209848,0,0
2026-01-04 11:35:22.790495,859355.0763229838,600215.4248509331,572.9033842153226,400.14361656728875,1459570.501173917,0,0
2026-01-04 11:35:23.790495,492157.48565852025,575211.2084436846,328.1049904390135,383.47413896245644,1067368.6941022049,0,0
2026-01-04 11:35:24.790495,633059.606632715,931846.720334645,422.03973775514334,621.2311468897633,1564906.32696736,0,0
2026-01-04 11:35:25.790495,590588.5101492382,1155830.672718064,393.72567343282543,770.5537818120426,1746419.182867302,0,0
2026-01-04 11:35:26.790495,569863.286107665,1063917.736366325,379.90885740511004,709.2784909108834,1633781.0224739902,0,0
2026-01-04 11:35:27.790495,763622.051685,691715.240002774,509.08136778999994,461.1434933351827,1455337.291687774,0,0
2026-01-04 11:35:28.790495,820391.4217502545,1306750.2876916127,546.9276145001696,871.1668584610752,2127141.709441867,0,0
2026-01-04 11:35:29.790495,1067985.921666123,747250.1441719141,711.990614444082,498.1667627812761,1815236.065838037,0,0
2026-01-04 11:35:30.790495,456807.0483452202,461463.98389828444,304.5380322301468,307.6426559321896,918271.0322435047,0,0
2026-01-04 11:35:31.790495,670657.4366089781,1274495.5004536342,447.1049577393187,849.6636669690895,1945152.9370626123,0,0
2026-01-04 11:35:32.790495,896746.4937477302,832108.4851025759,597.8309958318201,554.7389900683839,1728854.978850306,0,0
2026-01-04 11:35:33.790495,1506290.2542861127,2541831.5078722704,323.5606473344613,546.0014401354971,4048121.762158383,0,0
2026-01-04 11:35:34.790495,1085995.2613562252,522657.6079802062,723.9968409041502,348.43840532013746,1608652.8693364314,0,0
2026-01-04 11:35:35.790495,587842.6515775347,1131759.8682155092,391.89510105168984,754.5065788103395,1719602.519793044,0,0
2026-01-04 11:35:36.790495,1130425.8811888846,499112.8551850288,753.6172541259231,332.74190345668586,1629538.7363739135,0,0
2026-01-04 11:35:37.790495,774827.5344657681,730663.8423463218,516.5516896438454,487.1092282308812,1505491.37681209,0,0
2026-01-04 11:35:38.790495,2726390.329904916,4199091.449519997,449.04273254211625,691.5999803859544,6925481.779424914,0,0
2026-01-04 11:35:39.790495,1080463.2124977931,768105.3456531136,720.3088083318621,512.070230435409,1848568.5581509066,0,0
2026-01-04 11:35:40.790495,1018605.4007099732,855364.6646833036,679.0702671399821,570.243109788869,1873970.0653932767,0,0
2026-01-04 11:35:41.790495,826873.0998860481,959603.6798776167,551.2487332573654,639.7357865850778,1786476.7797636648,0,0
2026-01-04 11:35:42.790495,850119.9916795245,942498.0556094418,566.746661119683,628.3320370729613,1792618.0472889664,0,0
2026-01-04 11:35:43.790495,731931.8113177726,1326714.6152464359,487.95454087851505,884.4764101642905,2058646.4265642085,0,0
2026-01-04 11:35:44.790495,454315.1008821969,1044689.2620968564,302.8767339214646,696.459508064571,1499004.3629790533,0,0
2026-01-04 11:35:45.790495,1156498.188390796,814547.1931187577,770.9987922605308,543.0314620791718,1971045.3815095539,0,0
2026-01-04 11:35:46.790495,966669.4370716594,772620.8164958118,644.4462913811062,515.0805443305412,1739290.2535674712,0,0
2026-01-04 11:35:47.790495,759723.4019435045,870199.9602651893,506.4822679623363,580.1333068434595,1629923.3622086938,0,0
2026-01-04 11:35:48.790495,1526096.6443314243,712999.3622204505,1017.3977628876162,475.33290814696704,2239096.006551875,0,0
2026-01-04 11:35:49.790495,884894.2750366832,954673.3550702996,589.9295166911221,636.4489033801997,1839567.6301069828,0,0
2026-01-04 11:35:50.790495,810576.3050600273,1097827.317698652,540.3842033733515,731.884878465768,1908403.6227586793,0,0
2026-01-04 11:35:51.790495,1264990.9883180084,801633.8516234343,843.3273255453389,534.4225677489562,2066624.8399414427,0,0
2026-01-04 11:35:52.790495,1206482.6749680503,855261.9732568847,804.3217833120335,570.1746488379232,2061744.6482249352,0,0
2026-01-04 11:35:53.790495,596308.5537865357,1211947.0055699004,397.5390358576905,807.9646703799336,1808255.5593564361,0,0
2026-01-04 11:35:54.790495,741385.5215923983,989919.7739753677,494.2570143949322,659.9465159835785,1731305.295567766,0,0
2026-01-04 11:35:55.790495,661906.0553022639,822749.7166236452,441.2707035348426,548.4998110824301,1484655.771925909,0,0
2026-01-04 11:35:56.790495,711737.5815813376,1166224.7677967201,474.4917210542251,777.4831785311468,1877962.3493780578,0,0
2026-01-04 11:35:57.790495,1355837.3701120436,750348.0960135066,903.8915800746958,500.23206400900443,2106185.46612555,1,0
2026-01-04 11:35:58.790495,758057.6018329685,1120813.1756657609,505.37173455531234,747.208783777174,1878870.7774987295,0,0
2026-01-04 11:35:59.790495,499649.5459225295,760544.7352910741,333.0996972816863,507.02982352738275,1260194.2812136037,0,0
2026-01-04 11:36:00.790495,1031102.8087777043,443204.07483522553,687.4018725184695,295.4693832234837,1474306.8836129298,0,0
2026-01-04 11:36:01.790495,3985905.3177858805,3568219.270831554,583.8638621527829,522.6803243868761,7554124.588617435,0,0
2026-01-04 11:36:02.790495,498660.0901075929,892709.5859214619,332.4400600717286,595.1397239476413,1391369.676029055,0,0
2026-01-04 11:36:03.790495,1322691.2329310207,961113.5252533196,881.7941552873472,640.7423501688797,2283804.7581843403,0,0
2026-01-04 11:36:04.790495,379627.2413364092,655209.2646950189,253.0848275576061,436.80617646334593,1034836.506031428,0,0
2026-01-04 11:36:05.790495,831763.3678643767,918430.300231043,554.5089119095845,612.2868668206953,1750193.6680954196,0,0
2026-01-04 11:36:06.790495,680014.0433803302,479450.3076887914,453.3426955868868,319.63353845919426,1159464.3510691216,0,0
2026-01-04 11:36:07.790495,799885.4521882319,606094.6884421475,533.2569681254879,404.0631256280983,1405980.1406303793,0,0
2026-01-04 11:36:08.790495,856045.2333601551,1057955.4952699875,570.6968222401034,705.303663513325,1914000.7286301425,0,0
2026-01-04 11:36:09.790495,1030549.2326700181,976250.425862614,687.0328217800121,650.8336172417427,2006799.658532632,0,0
2026-01-04 11:36:10.790495,514402.7904707259,980960.6395772776,342.9351936471506,653.9737597181851,1495363.4300480036,0,0
2026-01-04 11:36:11.790495,766343.1002338028,357679.3531737651,510.8954001558685,238.45290211584341,1124022.453407568,0,0
2026-01-04 11:36:12.790495,665210.3258132673,593245.1170921448,443.4735505421782,395.49674472809653,1258455.442905412,0,0
2026-01-04 11:36:13.790495,1045686.8544232275,732304.9400458205,697.124569615485,488.2032933638804,1777991.794469048,0,0
2026-01-04 11:36:14.790495,588976.9041639738,605088.6814985004,392.65126944264915,403.3924543323336,1194065.5856624742,0,0
2026-01-04 11:36:15.790495,451426.71573955636,916917.1564655275,300.9511438263709,611.2781043103516,1368343.8722050837,0,0
2026-01-04 11:36:16.790495,929851.6512580212,464456.1439824555,619.9011008386808,309.637429321637,1394307.7952404767,1,0
2026-01-04 11:36:17.790495,1792852.6030977406,3776582.3570085424,294.6679306411777,620.7078630518184,5569434.9601062825,0,0
2026-01-04 11:36:18.790495,1100489.8609576626,575336.9158625244,733.6599073051084,383.5579439083496,1675826.776820187,0,0
2026-01-04 11:36:19.790495,997360.2866155815,714815.9001595618,664.9068577437209,476.54393343970787,1712176.1867751433,0,0
2026-01-04 11:36:20.790495,1166247.1471399302,559337.3670711091,777.4980980932868,372.8915780474061,1725584.5142110393,0,0
2026-01-04 11:36:21.790495,832219.6768538259,754671.7811814608,554.8131179025506,503.1145207876406,1586891.4580352867,0,0
2026-01-04 11:36:22.790495,961337.6403063843,562996.443108612,640.8917602042562,375.330962072408,1524334.0834149963,0,0
2026-01-04 11:36:23.790495,493411.5589864873,757992.2346226112,328.94103932432483,505.32815641507415,1251403.7936090985,0,0
2026-01-04 11:36:24.790495,846635.1584115049,1092532.935739082,564.4234389410033,728.3552904927213,1939168.094150587,0,1
2026-01-04 11:36:25.790495,1243605.3258833005,817025.9771219359,829.0702172555336,544.6839847479573,2060631.3030052364,0,0
2026-01-04 11:36:26.790495,547964.8802463764,1029715.9544032544,365.3099201642509,686.477302935503,1577680.8346496308,0,0
2026-01-04 11:36:27.790495,711215.1749852137,614659.0796546335,474.14344999014247,409.77271976975567,1325874.2546398472,0,0
2026-01-04 11:36:28.790495,631700.0473106687,841842.04660295,421.13336487377916,561.2280310686333,1473542.0939136187,0,0
2026-01-04 11:36:29.790495,832197.0801659249,574591.6480664547,554.7980534439499,383.0610987109698,1406788.7282323795,0,0
2026-01-04 11:36:30.790495,385879.4164548046,892273.1050655753,257.25294430320304,594.8487367103836,1278152.52152038,0,0
2026-01-04 11:36:31.790495,865206.7670837415,397468.3544374584,576.804511389161,264.9789029583056,1262675.1215211998,0,0
2026-01-04 11:36:32.790495,742514.9812911147,465618.90505475586,495.0099875274098,310.41260336983726,1208133.8863458706,0,0
2026-01-04 11:36:33.790495,659398.2865301498,936982.8479571142,439.5988576867665,624.6552319714095,1596381.1344872639,0,0
2026-01-04 11:36:34.790495,1045828.2781153092,732712.48742235,697.2188520768728,488.4749916149,1778540.7655376592,0,0
2026-01-04 11:36:35.790495,781852.6654021693,829791.6147516008,521.2351102681129,553.1944098344005,1611644.28015377,0,0
2026-01-04 11:36:36.790495,1015577.6640754474,702689.269514396,677.0517760502983,468.4595130095973,1718266.9335898433,0,0
2026-01-04 11:36:37.790495,1111812.7829292866,937812.834391703,741.2085219528577,625.2085562611353,2049625.6173209897,0,0
2026-01-04 11:36:38.790495,1100589.7941629519,613404.4961256399,733.726529441968,408.9363307504266,1713994.2902885918,0,0
2026-01-04 11:36:39.790495,762146.8977180935,993932.8647392191,508.0979318120623,662.6219098261461,1756079.7624573126,0,0
2026-01-04 11:36:40.790495,1047782.0171345643,736777.090201896,698.5213447563763,491.18472680126405,1784559.1073364604,0,0
2026-01-04 11:36:41.790495,1144461.980440302,1314887.9336896616,762.9746536268681,876.5919557931077,2459349.9141299636,0,0
2026-01-04 11:36:42.790495,559103.1124231147,702856.2648301856,372.7354082820765,468.5708432201237,1261959.3772533003,0,0
2026-01-04 11:36:43.790495,1373345.458165617,748698.1496421575,915.5636387770779,499.1320997614383,2122043.6078077746,0,0
2026-01-04 11:36:44.790495,855821.1266953412,1490221.7145481708,570.5474177968941,993.4811430321139,2346042.841243512,0,1
2026-01-04 11:36:45.790495,1004225.3987172485,1262925.4191082614,669.4835991448323,841.9502794055076,2267150.8178255097,0,0
2026-01-04 11:36:46.790495,717516.4072227413,1465853.1581389946,478.34427148182755,977.2354387593298,2183369.565361736,0,0
2026-01-04 11:36:47.790495,1198783.1521840857,658463.0365896394,799.1887681227238,438.97535772642624,1857246.1887737252,0,0
2026-01-04 11:36:48.790495,1100816.0823474543,702571.0973549963,733.8773882316361,468.3807315699975,1803387.1797024505,0,0
2026-01-04 11:36:49.790495,730718.9422761603,1312569.3147391477,487.14596151744024,875.0462098260984,2043288.2570153081,0,0
2026-01-04 11:36:50.790495,805125.5853075716,875969.4823054108,536.7503902050477,583.9796548702739,1681095.0676129824,0,0
2026-01-04 11:36:51.790495,1283691.585909186,629955.8532143047,855.7943906061239,419.9705688095364,1913647.4391234906,0,0
2026-01-04 11:36:52.790495,701498.3890174896,668732.7556959378,467.6655926783264,445.82183713062517,1370231.1447134274,0,0
2026-01-04 11:36:53.790495,1093316.2247198343,619152.2112798134,728.8774831465562,412.76814085320893,1712468.4359996477,0,0
2026-01-04 11:36:54.790495,1214373.3695607749,677512.9842403351,809.5822463738499,451.67532282689007,1891886.3538011098,0,0
2026-01-04 11:36:55.790495,1442129.2641550335,750656.1341473764,961.419509436689,500.4374227649176,2192785.39830241,0,0
2026-01-04 11:36:56.790495,989116.6869962582,644084.6496499701,659.4111246641721,429.3897664333134,1633201.3366462283,0,0
2026-01-04 11:36:57.790495,965595.6921795142,888132.3810102217,643.7304614530095,592.0882540068144,1853728.0731897359,0,0
2026-01-04 11:36:58.790495,975213.3603853519,809080.4998082431,650.1422402569012,539.386999872162,1784293.860193595,0,0
2026-01-04 11:36:59.790495,605043.994870111,655049.4640616839,403.3626632467407,436.6996427077892,1260093.4589317949,0,0
2026-01-04 11:37:00.790495,815871.1180567733,1510551.7556887548,543.9140787045155,1007.0345037925032,2326422.873745528,0,0
2026-01-04 11:37:01.790495,860413.6100361546,938044.0382354503,573.6090733574364,625.3626921569669,1798457.648271605,0,0
2026-01-04 11:37:02.790495,1016409.6671784371,518007.7556850152,677.6064447856247,345.3385037900101,1534417.4228634522,0,0
2026-01-04 11:37:03.790495,689719.6592402604,662715.8255492094,459.81310616017356,441.8105503661396,1352435.4847894697,0,0
2026-01-04 11:37:04.790495,704354.5154594406,1298213.786016251,469.56967697296045,865.4758573441673,2002568.3014756916,0,0
2026-01-04 11:37:05.790495,908552.4016319416,787443.8073180255,605.7016010879611,524.962538212017,1695996.208949967,0,0
2026-01-04 11:37:06.790495,556612.3683636788,483426.76519622846,371.0749122424525,322.28451013081894,1040039.1335599073,0,0
2026-01-04 11:37:07.790495,620547.90154498,787901.4758124484,413.69860102998666,525.2676505416323,1408449.3773574284,0,0
2026-01-04 11:37:08.790495,889854.8331816662,398803.25849297503,593.2365554544441,265.8688389953167,1288658.0916746412,0,0
2026-01-04 11:37:09.790495,358736.3205806473,407863.27159723477,239.1575470537649,271.90884773148986,766599.5921778821,0,0
2026-01-04 11:37:10.790495,1297932.3434048505,858930.6962255086,865.288228936567,572.6204641503391,2156863.039630359,0,0
2026-01-04 11:37:11.790495,619548.503489008,675407.0339285295,413.0323356593387,450.27135595235296,1294955.5374175375,0,0
2026-01-04 11:37:12.790495,614430.2329472111,936081.7596212113,409.62015529814073,624.0545064141409,1550511.9925684223,0,0
2026-01-04 11:37:13.790495,541205.974814146,1160986.003704289,360.8039832094306,773.9906691361927,1702191.9785184348,0,0
2026-01-04 11:37:14.790495,773510.984774356,524572.138579452,515.6739898495707,349.71475905296796,1298083.123353808,0,0
2026-01-04 11:37:15.790495,670973.5879340663,962935.2931976013,447.31572528937755,641.9568621317342,1633908.8811316676,0,0
2026-01-04 11:37:16.790495,980804.0203547741,768384.8510366008,653.8693469031828,512.2565673577338,1749188.8713913749,0,0
2026-01-04 11:37:17.790495,1012685.4940484823,455005.1303015163,675.1236626989881,303.3367535343442,1467690.6243499985,0,0
2026-01-04 11:37:18.790495,882066.584592144,1029021.7060653135,588.044389728096,686.014470710209,1911088.2906574577,0,0
2026-01-04 11:37:19.790495,675492.5180546022,667075.8120617126,450.3283453697348,444.71720804114176,1342568.3301163148,0,0
2026-01-04 11:37:20.790495,520440.0231253978,349923.4084189472,346.96001541693187,233.28227227929813,870363.431544345,0,0
2026-01-04 11:37:21.790495,530701.7323103511,1159808.0575233724,353.8011548735674,773.2053716822483,1690509.7898337236,0,0
2026-01-04 11:37:22.790495,880658.9947808722,496818.86574243824,587.1059965205815,331.2125771616255,1377477.8605233105,0,0
2026-01-04 11:37:23.790495,1725162.4712613435,793614.3854925754,1150.108314174229,529.0762569950502,2518776.856753919,0,0
2026-01-04 11:37:24.790495,607337.3584429795,1029300.12036007,404.8915722953197,686.2000802400466,1636637.4788030495,0,0
2026-01-04 11:37:25.790495,671784.9141651508,833599.8394295843,447.8566094434339,555.7332262863896,1505384.7535947352,0,0
2026-01-04 11:37:26.790495,702683.6468354192,1201525.6693359627,468.4557645569462,801.0171128906418,1904209.3161713819,0,0
2026-01-04 11:37:27.790495,862132.08309951,1157638.9304296265,574.75472206634,771.7592869530844,2019771.0135291365,0,0
2026-01-04 11:37:28.790495,556863.6554285439,1129314.0732624303,371.2424369523626,752.8760488416202,1686177.728690974,0,0
2026-01-04 11:37:29.790495,725284.6228166108,1416189.6020827626,483.52308187774054,944.1264013885084,2141474.2248993735,0,0
2026-01-04 11:37:30.790495,561731.9642873816,812738.6915081495,374.48797619158773,541.8257943387663,1374470.655795531,0,0
2026-01-04 11:37:31.790495,460137.78237108357,1020146.5145103675,306.7585215807224,680.097676340245,1480284.296881451,0,0
2026-01-04 11:37:32.790495,4337825.468650953,2563562.1426066696,578.7191570591109,342.01065325465214,6901387.611257623,0,0
2026-01-04 11:37:33.790495,1282372.4165255628,684450.9886853998,854.9149443503752,456.3006591235998,1966823.4052109625,0,0
2026-01-04 11:37:34.790495,1233397.575298015,1007047.4324693722,822.2650501986767,671.3649549795814,2240445.007767387,0,0
2026-01-04 11:37:35.790495,362063.01437078667,813132.6014149769,241.37534291385776,542.0884009433179,1175195.6157857636,0,0
2026-01-04 11:37:36.790495,972768.0274797822,709087.549883717,648.5120183198549,472.7250332558113,1681855.5773634992,0,0
2026-01-04 11:37:37.790495,866081.7984583746,1180795.9446454495,577.3878656389164,787.1972964302997,2046877.743103824,0,0
2026-01-04 11:37:38.790495,1311242.7733188856,684159.5358347611,874.161848879257,456.1063572231741,1995402.3091536467,0,0
2026-01-04 11:37:39.790495,1247930.8755384416,728007.2888491842,831.9539170256277,485.33819256612276,1975938.1643876259,0,0
2026-01-04 11:37:40.790495,1084216.3764088321,736424.8278974632,722.8109176058881,490.9498852649755,1820641.2043062954,0,0
2026-01-04 11:37:41.790495,1074354.5092778164,970987.0985254202,716.2363395185442,647.3247323502801,2045341.6078032367,0,0
2026-01-04 11:37:42.790495,740494.8426647092,1023491.2956399169,493.6632284431395,682.3275304266112,1763986.138304626,0,0
2026-01-04 11:37:43.790495,542005.0788949322,959864.017390695,361.3367192632881,639.9093449271301,1501869.0962856272,0,0
2026-01-04 11:37:44.790495,934527.5925731915,803716.4939828673,623.0183950487943,535.8109959885783,1738244.0865560588,0,0
2026-01-04 11:37:45.790495,1027214.0902021037,818727.4097110409,684.8093934680692,545.8182731406939,1845941.4999131446,0,0
2026-01-04 11:37:46.790495,733716.754333868,1189882.2731414454,489.14450288924536,793.2548487609636,1923599.0274753135,0,0
2026-01-04 11:37:47.790495,735591.2700411422,684394.8100204075,490.39418002742815,456.2632066802717,1419986.0800615498,0,0
2026-01-04 11:37:48.790495,728250.6995820573,1591370.131884441,485.5004663880382,1060.913421256294,2319620.8314664983,0,0
2026-01-04 11:37:49.790495,845203.1583173994,796559.7150409012,563.4687722115997,531.0398100272674,1641762.8733583007,0,0
2026-01-04 11:37:50.790495,837681.319725886,1206500.1488953119,558.4542131505907,804.3334325968746,2044181.4686211979,0,0
2026-01-04 11:37:51.790495,1539064.7722303537,661505.6424307614,1026.0431814869025,441.0037616205076,2200570.414661115,0,0
2026-01-04 11:37:52.790495,616409.0959561127,584754.9722423125,410.93939730407516,389.8366481615417,1201164.0681984252,0,0
2026-01-04 11:37:53.790495,925087.5566286718,840598.42551428,616.7250377524479,560.3989503428534,1765685.9821429518,0,0
2026-01-04 11:37:54.790495,1028786.7454771725,769197.7494335168,685.857830318115,512.7984996223445,1797984.4949106893,0,0
2026-01-04 11:37:55.790495,1093742.5890712691,925909.1990526532,729.1617260475127,617.2727993684355,2019651.7881239222,0,0
2026-01-04 11:37:56.790495,1023397.1098802339,570034.5368378763,682.2647399201559,380.0230245585842,1593431.6467181102,0,0
2026-01-04 11:37:57.790495,697511.2960080164,1148128.4686792952,465.00753067201094,765.4189791195301,1845639.7646873116,0,0
2026-01-04 11:37:58.790495,684551.5599332193,826323.8550280934,456.3677066221462,550.882570018729,1510875.4149613127,0,0
2026-01-04 11:37:59.790495,816019.3172344534,1061066.0706376634,544.0128781563022,707.3773804251089,1877085.3878721169,0,0
2026-01-04 11:38:00.790495,719653.2105856128,1178633.0044473538,479.7688070570752,785.7553362982359,1898286.2150329666,0,0
2026-01-04 11:38:01.790495,1034180.7473860952,921833.6219986299,689.4538315907301,614.5557479990866,1956014.369384725,0,0
2026-01-04 11:38:02.790495,988349.4950146504,684396.7807943086,658.8996633431003,456.2645205295391,1672746.275808959,0,0
2026-01-04 11:38:03.790495,829007.5938489077,613203.403571823,552.6717292326051,408.802269047882,1442210.9974207308,0,0
2026-01-04 11:38:04.790495,817921.0406231307,956271.1322690379,545.2806937487538,637.5140881793586,1774192.1728921686,0,0
2026-01-04 11:38:05.790495,498600.6976292767,411107.6058595025,332.40046508618445,274.0717372396683,909708.3034887792,0,0
2026-01-04 11:38:06.790495,1238988.393604941,627993.1109097138,825.992262403294,418.6620739398092,1866981.5045146549,0,0
2026-01-04 11:38:07.790495,3305128.905365519,4944303.979130668,481.902617654299,720.9016949849137,8249432.884496187,0,0
2026-01-04 11:38:08.790495,901345.5708188962,612082.0269981106,600.8970472125975,408.0546846654071,1513427.5978170068,0,0
2026-01-04 11:38:09.790495,624936.0069740057,712338.8864722847,416.62400464933717,474.89259098152314,1337274.8934462904,0,0
2026-01-04 11:38:10.790495,617234.5591320348,441034.5682636878,411.4897060880232,294.0230455091252,1058269.1273957225,0,0
2026-01-04 11:38:11.790495,578989.4163830493,827159.313307643,385.99294425536624,551.4395422050953,1406148.7296906924,0,0
2026-01-04 11:38:12.790495,789909.4386935496,466492.4645944404,526.6062924623664,310.9949763962936,1256401.90328799,0,0
2026-01-04 11:38:13.790495,926530.6228339977,742674.1166631028,617.6870818893318,495.11607777540183,1669204.7394971005,0,0
2026-01-04 11:38:14.790495,767811.4731256667,518278.43208485405,511.8743154171112,345.51895472323605,1286089.9052105208,0,0
2026-01-04 11:38:15.790495,758543.7242471843,370881.50436758157,505.69581616478956,247.2543362450544,1129425.228614766,0,0
2026-01-04 11:38:16.790495,584071.7280831273,794545.1275657833,389.38115205541817,529.6967517105222,1378616.8556489106,0,0
2026-01-04 11:38:17.790495,518456.3238242069,563604.525843296,345.6375492161379,375.7363505621973,1082060.8496675028,0,0
2026-01-04 11:38:18.790495,445160.8383028282,397552.5258500438,296.7738922018855,265.0350172333625,842713.364152872,0,0
2026-01-04 11:38:19.790495,862697.3822781357,835328.4052664721,575.1315881854239,556.8856035109815,1698025.7875446079,0,0
2026-01-04 11:38:20.790495,517644.5873677827,827176.0544276059,345.09639157852183,551.4507029517373,1344820.6417953887,0,0
2026-01-04 11:38:21.790495,1783718.908402863,1773980.673634502,387.03418065580655,384.9211629057277,3557699.582037365,0,0
2026-01-04 11:38:22.790495,758133.040143341,1238754.6313451936,505.4220267622273,825.8364208967957,1996887.6714885347,0,0
2026-01-04 11:38:23.790495,509178.4430002934,1112676.3121615942,339.4522953335289,741.7842081077295,1621854.7551618875,0,0
2026-01-04 11:38:24.790495,475187.4375594287,1004656.2724141274,316.79162503961913,669.770848276085,1479843.709973556,0,0
2026-01-04 11:38:25.790495,917046.7943334006,877192.1407655113,611.3645295556004,584.7947605103409,1794238.9350989119,0,0
2026-01-04 11:38:26.790495,680939.9517137723,541079.402848291,453.9599678091815,360.7196018988607,1222019.3545620632,0,0
2026-01-04 11:38:27.790495,481451.2365120224,1063189.0442778966,320.9674910080149,708.7926961852644,1544640.280789919,0,0
2026-01-04 11:38:28.790495,906434.8912637434,637244.7884430925,604.2899275091622,424.8298589620617,1543679.679706836,0,0
2026-01-04 11:38:29.790495,522582.8538494851,749901.7264680888,348.38856923299005,499.9344843120592,1272484.5803175739,0,0
2026-01-04 11:38:30.790495,1213296.559268625,1052205.6158934785,808.86437284575,701.4704105956523,2265502.1751621035,0,0
2026-01-04 11:38:31.790495,1117110.1897367465,562135.466719762,744.7401264911643,374.7569778131746,1679245.6564565084,0,0
2026-01-04 11:38:32.790495,816805.8094888447,1027133.3828035401,544.5372063258965,684.7555885356934,1843939.1922923848,0,0
2026-01-04 11:38:33.790495,896280.3160741471,964896.4168800965,597.5202107160981,643.2642779200644,1861176.7329542437,0,0
2026-01-04 11:38:34.790495,855731.7741871765,737525.1906535781,570.4878494581177,491.68346043571876,1593256.9648407546,0,0
2026-01-04 11:38:35.790495,1033332.7875187251,900068.949846716,688.8885250124835,600.0459665644773,1933401.7373654412,0,0
2026-01-04 11:38:36.790495,499236.55249818583,1002002.698668257,332.82436833212387,668.0017991121713,1501239.2511664429,0,0
2026-01-04 11:38:37.790495,4181574.0908070994,2947986.841036121,806.3747317758598,568.4897712192488,7129560.93184322,0,0
2026-01-04 11:38:38.790495,3035266.858514123,3483748.3789873547,551.7909164956001,633.3218133652117,6519015.237501478,0,0
2026-01-04 11:38:39.790495,595518.7819341944,974012.83808637,397.01252128946294,649.34189205758,1569531.6200205644,0,0
2026-01-04 11:38:40.790495,628833.4477058923,1457811.3481573644,419.22229847059486,971.8742321049097,2086644.7958632568,1,0
2026-01-04 11:38:41.790495,1200950.7157483613,523229.5951946764,800.6338104989076,348.81973012978426,1724180.3109430377,0,0
2026-01-04 11:38:42.790495,1235675.2586971535,529837.3713124538,823.7835057981024,353.2249142083025,1765512.6300096074,0,0
2026-01-04 11:38:43.790495,860196.9064808076,717851.1080533981,573.4646043205383,478.56740536893204,1578048.0145342057,0,0
2026-01-04 11:38:44.790495,626288.9451582322,1345014.7025862015,417.52596343882146,896.676468390801,1971303.6477444337,0,0
2026-01-04 11:38:45.790495,384954.44048308785,617402.7041767477,256.6362936553919,411.6018027844985,1002357.1446598356,0,0
2026-01-04 11:38:46.790495,608126.9042076422,797356.2513815027,405.4179361384281,531.5708342543352,1405483.155589145,0,0
2026-01-04 11:38:47.790495,733362.8219056922,1376721.1379390582,488.90854793712816,917.8140919593721,2110083.9598447504,0,0
2026-01-04 11:38:48.790495,4366552.759469831,3819790.27263095,680.4697690944585,595.2640327474325,8186343.032100782,0,0
2026-01-04 11:38:49.790495,1251045.08408202,1023379.397350986,834.03005605468,682.252931567324,2274424.481433006,0,0
2026-01-04 11:38:50.790495,4384964.698313309,4090623.3413953073,711.1038013191836,663.3708611041009,8475588.039708616,0,0
2026-01-04 11:38:51.790495,399400.6621525381,632740.9975790773,266.26710810169203,421.82733171938486,1032141.6597316153,0,0
2026-01-04 11:38:52.790495,4398309.889827959,1908022.8052285528,865.5607379721562,375.48732779852594,6306332.695056512,0,0
2026-01-04 11:38:53.790495,818043.1932940679,1091809.4260402974,545.3621288627119,727.8729506935316,1909852.6193343652,0,0
2026-01-04 11:38:54.790495,1584130.06057489,773397.6202485947,1056.0867070499266,515.5984134990631,2357527.680823485,0,0
2026-01-04 11:38:55.790495,721117.803527324,1293130.3086478242,480.7452023515493,862.0868724318829,2014248.1121751482,0,0
2026-01-04 11:38:56.790495,972896.6566224722,1384913.8432189065,648.5977710816481,923.2758954792711,2357810.4998413785,0,0
2026-01-04 11:38:57.790495,617029.8119872157,886733.7901545068,411.3532079914771,591.1558601030046,1503763.6021417223,0,0
2026-01-04 11:38:58.790495,1772832.167413864,762565.8099420074,1181.8881116092427,508.37720662800496,2535397.9773558713,0,0
2026-01-04 11:38:59.790495,862246.2273231996,530017.7197542549,574.8308182154664,353.3451465028366,1392263.9470774545,0,0
2026-01-04 11:39:00.790495,407093.8950893963,923427.104987294,271.3959300595975,615.6180699915293,1330521.0000766902,0,0
2026-01-04 11:39:01.790495,1087645.4302416316,597051.8322219845,725.0969534944211,398.03455481465636,1684697.2624636162,0,0
2026-01-04 11:39:02.790495,874230.9794556182,523120.0258411383,582.8206529704121,348.7466838940922,1397351.0052967565,0,0
2026-01-04 11:39:03.790495,545133.4919837442,1208888.250486364,363.4223279891628,805.9255003242426,1754021.742470108,0,0
2026-01-04 11:39:04.790495,574903.1285379746,1053518.8391774679,383.2687523586497,702.3458927849786,1628421.9677154422,0,0
2026-01-04 11:39:05.790495,663332.5412290915,1213296.9630177496,442.22169415272765,808.8646420118331,1876629.504246841,0,0
2026-01-04 11:39:06.790495,651650.6077492306,1072819.9752675195,434.43373849948705,715.213316845013,1724470.58301675,0,0
2026-01-04 11:39:07.790495,758412.9016631803,1132842.531017011,505.6086011087869,755.2283540113407,1891255.4326801915,0,0
2026-01-04 11:39:08.790495,794929.4912882685,964206.2020325209,529.952994192179,642.8041346883473,1759135.6933207894,0,0
2026-01-04 11:39:09.790495,643945.6590263026,1021691.7305576873,429.2971060175351,681.1278203717916,1665637.38958399,0,0
2026-01-04 11:39:10.790495,3933300.4712676797,2583672.657920873,866.4428684841995,569.1415556238112,6516973.1291885525,0,0
2026-01-04 11:39:11.790495,1398769.5199633434,642925.426273867,932.5130133088956,428.6169508492447,2041694.9462372104,0,0
2026-01-04 11:39:12.790495,996182.1091466941,487484.75026149384,664.121406097796,324.9898335076626,1483666.859408188,0,0
2026-01-04 11:39:13.790495,748333.2794697643,1095571.1506942222,498.8888529798429,730.3807671294815,1843904.4301639865,0,0
2026-01-04 11:39:14.790495,722753.3360174405,513408.48725885054,481.83555734496036,342.2723248392337,1236161.8232762911,0,0
2026-01-04 11:39:15.790495,395564.72542587575,707593.7219276174,263.70981695058384,471.72914795174495,1103158.4473534932,0,0
2026-01-04 11:39:16.790495,677034.9046826826,740293.4931566243,451.3566031217884,493.52899543774953,1417328.3978393069,0,0
2026-01-04 11:39:17.790495,703879.7681008058,1054298.0023219113,469.2531787338705,702.8653348812742,1758177.770422717,0,0
2026-01-04 11:39:18.790495,640266.661829168,1144030.5996924925,426.84444121944534,762.6870664616616,1784297.2615216605,0,0
2026-01-04 11:39:19.790495,596665.3243521663,762411.6971107427,397.7768829014442,508.27446474049515,1359077.021462909,0,0
2026-01-04 11:39:20.790495,263317.6543615063,613264.9669716032,175.54510290767087,408.8433113144022,876582.6213331094,0,0
2026-01-04 11:39:21.790495,506287.02553455345,942241.8726498631,337.52468368970233,628.1612484332421,1448528.8981844166,0,0
2026-01-04 11:39:22.790495,478291.2238144893,425846.18041870673,318.8608158763262,283.89745361247117,904137.404233196,0,0
2026-01-04 11:39:23.790495,936081.3937874788,511938.3713585844,624.0542625249859,341.2922475723896,1448019.7651460632,0,0
2026-01-04 11:39:24.790495,618794.1587070283,1044883.2299125637,412.52943913801886,696.5888199417092,1663677.388619592,0,0
2026-01-04 11:39:25.790495,452322.9495499066,913488.0136022386,301.5486330332711,608.9920090681591,1365810.9631521453,0,0
2026-01-04 11:39:26.790495,742102.9778152768,694404.0538688941,494.7353185435179,462.9360359125961,1436507.031684171,0,0
2026-01-04 11:39:27.790495,409876.1543296237,898930.1688339676,273.2507695530825,599.2867792226451,1308806.3231635913,0,0
2026-01-04 11:39:28.790495,1281128.1368323097,691027.0957906058,854.0854245548732,460.6847305270705,1972155.2326229154,0,0
2026-01-04 11:39:29.790495,3212709.79968715,3305725.1956499405,625.6799879458649,643.7948739621636,6518434.99533709,0,0
2026-01-04 11:39:30.790495,807876.245839729,509733.74828841817,538.5841638931527,339.82249885894544,1317609.9941281471,0,0
2026-01-04 11:39:31.790495,763426.8341174154,977735.0089930884,508.95122274494355,651.8233393287256,1741161.8431105039,0,0
2026-01-04 11:39:32.790495,818807.6131128976,1380958.5677978122,545.871742075265,920.6390451985415,2199766.18091071,0,0
2026-01-04 11:39:33.790495,697876.4704730384,729012.402414797,465.2509803153589,486.00826827653134,1426888.8728878354,0,0
2026-01-04 11:39:34.790495,689123.3136588602,1271854.945786715,459.4155424392401,847.9032971911433,1960978.259445575,0,0
2026-01-04 11:39:35.790495,367818.23249865515,775206.3182936,245.21215499910343,516.8042121957334,1143024.5507922552,0,0
2026-01-04 11:39:36.790495,643053.0551487003,678651.971681003,428.7020367658002,452.43464778733534,1321705.0268297032,0,0
2026-01-04 11:39:37.790495,777677.4219219615,1032131.9984137935,518.451614614641,688.087998942529,1809809.420335755,0,0
2026-01-04 11:39:38.790495,773882.1176822943,644126.1846542986,515.9214117881962,429.4174564361991,1418008.302336593,0,0
2026-01-04 11:39:39.790495,771244.0572754735,674486.7592528529,514.1627048503157,449.6578395019019,1445730.8165283264,0,0
2026-01-04 11:39:40.790495,708523.163032576,542610.148621887,472.34877535505063,361.740099081258,1251133.311654463,0,0
2026-01-04 11:39:41.790495,699410.2461676982,998022.270508744,466.27349744513214,665.3481803391627,1697432.5166764422,0,0
2026-01-04 11:39:42.790495,3066407.946753556,1908811.9107385045,639.7124395171485,398.21535333897833,4975219.85749206,0,0
2026-01-04 11:39:43.790495,1147128.337298948,1137282.7048258327,764.7522248659654,758.1884698838885,2284411.042124781,0,0
2026-01-04 11:39:44.790495,548021.8773143942,1216078.5379197022,365.3479182095962,810.7190252798015,1764100.4152340966,0,0
2026-01-04 11:39:45.790495,1306989.2384398885,683576.9301027241,871.3261589599257,455.7179534018161,1990566.1685426126,0,0
2026-01-04 11:39:46.790495,1183563.2205770838,699404.6200518043,789.0421470513892,466.2697467012029,1882967.840628888,0,0
2026-01-04 11:39:47.790495,671893.6552899337,804703.666892054,447.92910352662244,536.4691112613693,1476597.3221819876,0,0
2026-01-04 11:39:48.790495,742849.2927721461,784473.9734631273,495.2328618480974,522.9826489754182,1527323.2662352733,0,0
2026-01-04 11:39:49.790495,3326702.852236393,4033100.9152378095,533.4838684026863,646.7647918938901,7359803.767474202,0,0
2026-01-04 11:39:50.790495,935031.6607270312,1211144.481083526,623.3544404846874,807.4296540556841,2146176.1418105573,0,0
2026-01-04 11:39:51.790495,1380536.8216389264,824701.3474876931,920.3578810926176,549.8008983251287,2205238.1691266196,0,0
2026-01-04 11:39:52.790495,760698.6656227806,1127336.171491945,507.13244374852036,751.5574476612966,1888034.8371147255,0,0
2026-01-04 11:39:53.790495,936254.3208760462,837875.2101038875,624.1695472506975,558.5834734025916,1774129.5309799337,0,0
2026-01-04 11:39:54.790495,1389561.8542901303,612393.4890100909,926.3745695267536,408.2623260067273,2001955.3433002213,0,0
2026-01-04 11:39:55.790495,899959.9911521898,1012483.5787059668,599.9733274347932,674.9890524706445,1912443.5698581566,0,0
2026-01-04 11:39:56.790495,446331.47159227,1029352.2383045963,297.5543143948467,686.2348255363975,1475683.7098968662,0,0
2026-01-04 11:39:57.790495,494444.8711643223,964099.175531908,329.6299141095482,642.7327836879386,1458544.0466962303,0,0
2026-01-04 11:39:58.790495,1055000.0964634463,734881.4169284721,703.3333976422975,489.9209446189814,1789881.5133919185,0,0
2026-01-04 11:39:59.790495,1060642.0950424368,489976.9995628408,707.0947300282912,326.65133304189385,1550619.0946052775,0,0
2026-01-04 11:40:00.790495,571268.9610025431,740035.0659083547,380.8459740016954,493.3567106055698,1311304.0269108978,0,0
2026-01-04 11:40:01.790495,624841.4535501632,1366820.1070118162,416.5609690334421,911.2134046745441,1991661.5605619797,0,0
2026-01-04 11:40:02.790495,1051030.3260692935,560602.7164944361,700.6868840461957,373.7351443296241,1611633.0425637297,0,0
2026-01-04 11:40:03.790495,1009601.6658741581,492373.5917225088,673.0677772494388,328.2490611483392,1501975.257596667,0,0
2026-01-04 11:40:04.790495,734840.6603983737,929583.7233838432,489.8937735989158,619.7224822558954,1664424.383782217,0,0
2026-01-04 11:40:05.790495,5403796.920891961,2551297.118355286,784.7080158710205,370.4845553876904,7955094.039247246,0,0
2026-01-04 11:40:06.790495,705413.1192975353,825630.1842567174,470.2754128650235,550.4201228378116,1531043.3035542527,0,0
2026-01-04 11:40:07.790495,1221159.5620485912,770609.7767118809,814.1063746990608,513.739851141254,1991769.3387604721,0,0
2026-01-04 11:40:08.790495,1830900.5756111755,3662692.2746091094,327.16848266541143,654.4962025336491,5493592.850220285,0,0
2026-01-04 11:40:09.790495,955975.6085181263,713541.6618116208,637.3170723454175,475.6944412077472,1669517.270329747,0,0
2026-01-04 11:40:10.790495,728054.7202722193,370546.9519225306,485.36981351481285,247.03130128168706,1098601.6721947498,0,0
2026-01-04 11:40:11.790495,947126.4523460288,625609.2220393093,631.4176348973525,417.0728146928729,1572735.674385338,0,0
2026-01-04 11:40:12.790495,1035723.8762481895,747828.4572201003,690.4825841654597,498.5523048134002,1783552.3334682898,0,0
2026-01-04 11:40:13.790495,725583.7855883694,444274.9786212075,483.72252372557955,296.183319080805,1169858.7642095769,0,0
2026-01-04 11:40:14.790495,569550.4340864198,963642.8234249747,379.7002893909465,642.4285489499831,1533193.2575113946,0,0
2026-01-04 11:40:15.790495,658214.8795450748,441559.1666177684,438.8099196967165,294.37277774517895,1099774.0461628432,0,0
2026-01-04 11:40:16.790495,614368.3792763313,802145.4479379742,409.5789195175542,534.7636319586495,1416513.8272143055,0,0
2026-01-04 11:40:17.790495,701621.6355117203,1031507.3631214509,467.74775700781356,687.6715754143006,1733128.9986331712,0,0
2026-01-04 11:40:18.790495,1163092.1415195412,606873.6872941841,775.3947610130274,404.58245819612273,1769965.8288137252,0,0
2026-01-04 11:40:19.790495,1240295.1287960897,582251.1608325136,826.8634191973931,388.1674405550091,1822546.2896286033,0,0
2026-01-04 11:40:20.790495,703167.8085531456,494301.6802267685,468.7785390354304,329.5344534845123,1197469.488779914,0,0
2026-01-04 11:40:21.790495,636436.9145075841,832937.1876336853,424.29127633838937,555.2914584224569,1469374.1021412692,0,0
2026-01-04 11:40:22.790495,947216.4794239984,445637.4576652185,631.4776529493323,297.091638443479,1392853.937089217,0,0
2026-01-04 11:40:23.790495,1157189.5281053388,666578.1162695636,771.4596854035592,444.3854108463757,1823767.6443749024,0,0
2026-01-04 11:40:24.790495,1040038.0594183883,628015.6465467146,693.3587062789255,418.6770976978097,1668053.7059651029,0,0
2026-01-04 11:40:25.790495,974735.4538882395,723044.0866648961,649.823635925493,482.0293911099307,1697779.5405531356,0,0
2026-01-04 11:40:26.790495,703402.9166801614,809074.5126401717,468.93527778677424,539.3830084267811,1512477.429320333,0,0
2026-01-04 11:40:27.790495,577508.0621446255,1214423.7548008498,385.00537476308364,809.6158365338999,1791931.816945475,0,0
2026-01-04 11:40:28.790495,803318.917791037,504521.4189890366,535.5459451940246,336.3476126593577,1307840.3367800736,0,0
2026-01-04 11:40:29.790495,633050.8707029234,1160071.3474769695,422.0339138019489,773.3808983179797,1793122.2181798927,0,0
2026-01-04 11:40:30.790495,687475.4713915986,795033.7444234198,458.3169809277324,530.0224962822799,1482509.2158150184,0,0
2026-01-04 11:40:31.790495,838980.842844204,746929.1945058517,559.320561896136,497.9527963372345,1585910.0373500558,0,0
2026-01-04 11:40:32.790495,2163304.5333592338,4024071.3318841076,316.72206786256936,589.150613705655,6187375.865243341,0,0
2026-01-04 11:40:33.790495,661943.374964012,496212.85080477654,441.2955833093413,330.80856720318434,1158156.2257687885,0,0
2026-01-04 11:40:34.790495,820746.4385562198,601421.7256778107,547.1642923708132,400.94781711854046,1422168.1642340305,0,0
2026-01-04 11:40:35.790495,1466343.5822146502,747968.3911914909,977.5623881431002,498.6455941276606,2214311.973406141,0,0
2026-01-04 11:40:36.790495,1040648.6797484899,595458.8445199506,693.7657864989933,396.9725630133004,1636107.5242684404,0,0
2026-01-04 11:40:37.790495,1116059.2032371082,939265.7816790539,744.0394688247388,626.1771877860359,2055324.9849161622,0,0
2026-01-04 11:40:38.790495,702264.3313241153,1061254.5774035056,468.1762208827435,707.503051602337,1763518.908727621,0,0
2026-01-04 11:40:39.790495,600438.9012579578,1110770.0856983683,400.2926008386385,740.5133904655788,1711208.986956326,0,0
2026-01-04 11:40:40.790495,780657.8267136766,740617.9545889164,520.438551142451,493.7453030592776,1521275.781302593,0,0
2026-01-04 11:40:41.790495,4969546.503237638,2911434.891908804,737.1620802595131,431.87027227965075,7880981.395146442,0,0
2026-01-04 11:40:42.790495,1364734.9588212955,709834.8951843327,909.8233058808637,473.22326345622184,2074569.8540056283,0,0
2026-01-04 11:40:43.790495,793052.3422591427,1005286.5842448629,528.7015615060951,670.1910561632419,1798338.9265040057,0,0
2026-01-04 11:40:44.790495,752852.8152884718,700581.8813379749,501.90187685898115,467.0545875586499,1453434.6966264467,0,0
2026-01-04 11:40:45.790495,1207876.3990526663,590444.1269039693,805.2509327017775,393.6294179359796,1798320.5259566356,0,0
2026-01-04 11:40:46.790495,1420196.2533569604,1224231.1451695056,946.7975022379736,816.1540967796705,2644427.398526466,0,0
2026-01-04 11:40:47.790495,666313.7617928896,1120657.0215124444,444.20917452859305,747.1046810082962,1786970.783305334,0,0
2026-01-04 11:40:48.790495,1355303.1478386251,818617.0275110098,903.5354318924168,545.7446850073399,2173920.175349635,0,0
2026-01-04 11:40:49.790495,1114764.9126664887,518349.83774749027,743.1766084443258,345.56655849832686,1633114.750413979,0,0
2026-01-04 11:40:50.790495,994634.1614042846,620585.3168929899,663.0894409361898,413.7235445953266,1615219.4782972746,0,0
2026-01-04 11:40:51.790495,911238.4646590744,1490372.578884584,607.4923097727163,993.5817192563893,2401611.043543658,0,0
2026-01-04 11:40:52.790495,918746.3529049363,555915.9844359658,612.4975686032909,370.6106562906439,1474662.337340902,0,0
2026-01-04 11:40:53.790495,965461.736114584,1239553.5250363657,643.6411574097227,826.3690166909105,2205015.2611509496,0,0
2026-01-04 11:40:54.790495,1195686.3783331509,951215.0986837968,797.1242522221006,634.1433991225313,2146901.4770169477,0,0
2026-01-04 11:40:55.790495,992630.0724727205,1117088.0614503743,661.7533816484804,744.7253743002495,2109718.1339230947,0,0
2026-01-04 11:40:56.790495,595913.9155685211,694730.4809968121,397.27594371234744,463.15365399787476,1290644.3965653332,0,0
2026-01-04 11:40:57.790495,615011.2826893765,1113913.3166947279,410.00752179291766,742.6088777964852,1728924.5993841044,0,1
2026-01-04 11:40:58.790495,1203307.1456818588,838360.0377944228,802.2047637879058,558.9066918629486,2041667.1834762816,0,0
2026-01-04 11:40:59.790495,814336.6639176244,706489.2552901024,542.8911092784163,470.9928368600683,1520825.9192077268,0,1
2026-01-04 11:41:00.790495,627087.2516779171,709446.9032210929,418.05816778527804,472.9646021473953,1336534.15489901,0,0
2026-01-04 11:41:01.790495,1273390.2943702652,806423.9671922276,848.9268629135101,537.6159781281517,2079814.261562493,0,0
2026-01-04 11:41:02.790495,1209447.1526401713,715439.3166402675,806.2981017601143,476.959544426845,1924886.469280439,0,0
2026-01-04 11:41:03.790495,452030.60112280137,964520.0931343373,301.3537340818676,643.0133954228916,1416550.6942571388,0,0
2026-01-04 11:41:04.790495,1459582.0908386994,898096.5106607422,973.0547272257995,598.7310071071614,2357678.6014994415,0,0
2026-01-04 11:41:05.790495,1292297.1274642835,883742.9807239489,861.5314183095223,589.1619871492993,2176040.1081882324,0,0
2026-01-04 11:41:06.790495,905183.8387021229,1241493.279389774,603.455892468082,827.6621862598494,2146677.1180918966,0,0
2026-01-04 11:41:07.790495,1031341.676870982,889102.605751901,687.561117913988,592.7350705012674,1920444.282622883,0,0
2026-01-04 11:41:08.790495,783844.62383695,1495711.4134629914,522.5630825579667,997.1409423086609,2279556.0372999413,0,0
2026-01-04 11:41:09.790495,681201.7856960408,679463.2189038224,454.13452379736054,452.97547926921493,1360665.0045998632,0,0
2026-01-04 11:41:10.790495,519102.45001115865,1091969.0787375723,346.0683000074391,727.9793858250482,1611071.5287487311,0,0
2026-01-04 11:41:11.790495,1031776.4016676376,928126.3133141001,687.8509344450918,618.7508755427334,1959902.7149817378,0,0
2026-01-04 11:41:12.790495,742880.1715923825,834210.7720379189,495.25344772825497,556.1405146919459,1577090.9436303014,0,0
2026-01-04 11:41:13.790495,764585.4976376664,624161.2317647565,509.7236650917776,416.107487843171,1388746.729402423,0,0
2026-01-04 11:41:14.790495,430357.97218484007,862106.7789598414,286.9053147898934,574.7378526398942,1292464.7511446814,0,0
2026-01-04 11:41:15.790495,4552302.727461863,2263451.951504031,716.9229242029077,356.4614853216925,6815754.6789658945,0,0
2026-01-04 11:41:16.790495,1089099.7343739318,675050.1325696573,726.0664895826212,450.0334217131049,1764149.8669435892,0,0
2026-01-04 11:41:17.790495,775866.7355571033,344929.94112543884,517.2444903714022,229.9532940836259,1120796.676682542,0,0
2026-01-04 11:41:18.790495,977459.2474991361,519777.26128602226,651.6394983327574,346.5181741906815,1497236.5087851584,0,0
2026-01-04 11:41:19.790495,523577.5244144277,1087577.7563798416,349.0516829429518,725.0518375865611,1611155.2807942692,0,0
2026-01-04 11:41:20.790495,5890535.595083644,3159061.2430505515,812.65192010953,435.820672580483,9049596.838134196,0,0
2026-01-04 11:41:21.790495,756339.3384179948,878690.4356106933,504.22622561199654,585.7936237404622,1635029.7740286882,0,0
2026-01-04 11:41:22.790495,585729.4579394172,1062300.0482059834,390.4863052929448,708.2000321373223,1648029.5061454007,0,0
2026-01-04 11:41:23.790495,671104.2622881287,1324220.7740958834,447.40284152541915,882.8138493972556,1995325.036384012,0,0
2026-01-04 11:41:24.790495,330484.89948545647,647927.4711927708,220.32326632363765,431.9516474618472,978412.3706782272,0,0
2026-01-04 11:41:25.790495,1101364.9418526124,514232.99482635624,734.2432945684083,342.82199655090415,1615597.9366789686,0,0
2026-01-04 11:41:26.790495,843571.6185288442,603995.2217496488,562.3810790192294,402.6634811664325,1447566.840278493,0,0
2026-01-04 11:41:27.790495,862087.2202087423,652436.687072517,574.7248134724948,434.957791381678,1514523.9072812593,0,0
2026-01-04 11:41:28.790495,920492.9658788402,557800.4952466219,613.6619772525602,371.8669968310813,1478293.461125462,0,0
2026-01-04 11:41:29.790495,793623.6770792204,1029545.9076580415,529.082451386147,686.3639384386943,1823169.5847372618,0,0
2026-01-04 11:41:30.790495,897177.2449483038,963992.5524620991,598.1181632988691,642.6617016413994,1861169.797410403,0,0
2026-01-04 11:41:31.790495,1052648.5922246526,490521.1568657205,701.7657281497684,327.014104577147,1543169.7490903733,0,0
2026-01-04 11:41:32.790495,513029.7576281895,1051216.7478415403,342.01983841879303,700.8111652276936,1564246.5054697297,0,0
2026-01-04 11:41:33.790495,1087079.852204074,902886.6336871263,724.7199014693826,601.9244224580842,1989966.4858912001,0,0
2026-01-04 11:41:34.790495,691797.1103144541,739311.1681888072,461.1980735429694,492.8741121258715,1431108.2785032613,0,0
2026-01-04 11:41:35.790495,1080965.7316245514,596202.0671993115,720.6438210830343,397.46804479954096,1677167.7988238628,0,0
2026-01-04 11:41:36.790495,937810.4907232904,1038671.3222652195,625.2069938155269,692.447548176813,1976481.81298851,0,0
2026-01-04 11:41:37.790495,826815.3635071141,876815.7080982008,551.2102423380761,584.5438053988006,1703631.071605315,0,0
2026-01-04 11:41:38.790495,1020930.0982445943,1102744.77956482,680.6200654963963,735.1631863765467,2123674.877809414,0,0
2026-01-04 11:41:39.790495,998077.0813688285,734932.635589698,665.3847209125523,489.95509039313197,1733009.7169585265,0,1
2026-01-04 11:41:40.790495,1053086.6816821946,976094.383020255,702.0577877881298,650.72958868017,2029181.0647024496,0,0
2026-01-04 11:41:41.790495,1177913.8563086623,781428.7235506991,785.2759042057749,520.9524823671327,1959342.5798593613,0,0
2026-01-04 11:41:42.790495,588185.3273566505,1027331.3009140762,392.12355157110034,684.8875339427175,1615516.6282707267,0,0
2026-01-04 11:41:43.790495,807803.0197121811,1018550.3221612872,538.5353464747874,679.0335481075248,1826353.3418734684,0,0
2026-01-04 11:41:44.790495,605110.1047861455,1053495.9101784434,403.406736524097,702.3306067856289,1658606.0149645887,0,0
2026-01-04 11:41:45.790495,735557.6971417526,1255474.5643670752,490.37179809450174,836.9830429113834,1991032.2615088278,0,0
2026-01-04 11:41:46.790495,661004.6583150399,1216605.5179391848,440.6697722100266,811.0703452927899,1877610.1762542247,0,0
2026-01-04 11:41:47.790495,781931.3278609633,499459.4414004092,521.2875519073089,332.97296093360615,1281390.7692613725,0,0
2026-01-04 11:41:48.790495,588578.020203231,1009310.5842434522,392.385346802154,672.8737228289681,1597888.604446683,0,0
2026-01-04 11:41:49.790495,917945.0242789797,789192.1924598869,611.9633495193199,526.1281283065913,1707137.2167388666,0,0
2026-01-04 11:41:50.790495,1401543.618306321,1173991.457416309,934.362412204214,782.6609716108727,2575535.07572263,0,0
2026-01-04 11:41:51.790495,1376099.5389107137,725718.3630015322,917.3996926071425,483.81224200102145,2101817.901912246,0,0
2026-01-04 11:41:52.790495,993122.0552836726,542199.3073806486,662.0813701891151,361.4662049204324,1535321.3626643212,0,0
2026-01-04 11:41:53.790495,521144.3736910399,969214.5390625177,347.42958246069327,646.1430260416785,1490358.9127535576,0,0
2026-01-04 11:41:54.790495,1459249.843402295,763538.4884106772,972.8332289348633,509.0256589404515,2222788.331812972,0,0
2026-01-04 11:41:55.790495,1030212.0325700359,1102794.5199125863,686.8080217133572,735.1963466083909,2133006.552482622,0,0
2026-01-04 11:41:56.790495,752933.5747058473,918436.6917505085,501.9557164705649,612.2911278336724,1671370.2664563558,0,0
2026-01-04 11:41:57.790495,968913.6943127813,634042.8671154235,645.9424628751875,422.6952447436157,1602956.5614282049,0,0
2026-01-04 11:41:58.790495,608823.833433782,1165325.2860830452,405.8825556225213,776.8835240553634,1774149.1195168272,0,0
2026-01-04 11:41:59.790495,861492.8186053799,700828.6384862775,574.32854573692,467.21909232418506,1562321.4570916574,0,0
2026-01-04 11:42:00.790495,763365.1823165264,1451675.9320594305,508.91012154435094,967.783954706287,2215041.114375957,0,0
2026-01-04 11:42:01.790495,879358.0953120071,1139414.1101816767,586.2387302080048,759.6094067877845,2018772.2054936837,0,0
2026-01-04 11:42:02.790495,820968.5375799675,1105422.268097161,547.312358386645,736.9481787314407,1926390.8056771287,0,0
2026-01-04 11:42:03.790495,641784.4509574298,827775.6249538483,427.85630063828654,551.8504166358989,1469560.0759112781,0,0
2026-01-04 11:42:04.790495,736533.806088214,1082665.1725817171,491.0225373921427,721.7767817211447,1819198.9786699312,0,0
2026-01-04 11:42:05.790495,849675.1553279405,843674.7483898128,566.4501035519603,562.4498322598752,1693349.9037177532,0,0
2026-01-04 11:42:06.790495,751335.9110100823,1133045.78463704,500.8906073400549,755.3638564246934,1884381.6956471223,0,0
2026-01-04 11:42:07.790495,1612987.340884189,2938906.578183771,302.54637896405,551.2476885625894,4551893.91906796,0,0
2026-01-04 11:42:08.790495,685162.1058101222,761860.965253068,456.77473720674817,507.907310168712,1447023.0710631902,0,0
2026-01-04 11:42:09.790495,874397.6985775547,796411.543074443,582.9317990517031,530.9410287162954,1670809.2416519977,0,0
2026-01-04 11:42:10.790495,774273.3414369773,1127617.9426812618,516.1822276246515,751.7452951208412,1901891.284118239,0,0
2026-01-04 11:42:11.790495,1030519.6122716586,681274.6986088103,687.0130748477724,454.18313240587355,1711794.310880469,0,0
2026-01-04 11:42:12.790495,473022.388579878,810345.1838440986,315.34825905325204,540.2301225627324,1283367.5724239766,0,0
2026-01-04 11:42:13.790495,621268.5612230677,967501.5728515732,414.17904081537847,645.0010485677155,1588770.134074641,0,0
2026-01-04 11:42:14.790495,567582.4698176638,500268.69279322115,378.3883132117758,333.51246186214746,1067851.162610885,0,0
2026-01-04 11:42:15.790495,662588.4163409545,329401.1241989576,441.72561089396964,219.60074946597172,991989.5405399121,0,0
2026-01-04 11:42:16.790495,452749.71009504405,685566.0573660425,301.8331400633627,457.04403824402834,1138315.7674610866,0,0
2026-01-04 11:42:17.790495,614724.4309366228,824710.5530797614,409.81628729108184,549.8070353865077,1439434.9840163842,0,0
2026-01-04 11:42:18.790495,1310781.1280394793,642052.3906406924,873.8540853596528,428.034927093795,1952833.5186801718,0,0
2026-01-04 11:42:19.790495,729114.4703266473,771587.4889765201,486.07631355109817,514.3916593176801,1500701.9593031674,0,0
2026-01-04 11:42:20.790495,632937.1383576512,328997.87870285707,421.9580922384341,219.33191913523805,961935.0170605083,0,0
2026-01-04 11:42:21.790495,846921.3004520448,589051.4999451196,564.6142003013632,392.7009999634131,1435972.8003971644,0,0
2026-01-04 11:42:22.790495,1058295.216070065,633339.8275782429,705.53014404671,422.2265517188286,1691635.043648308,0,0
2026-01-04 11:42:23.790495,863779.4487850651,958162.751243357,575.8529658567101,638.7751674955713,1821942.200028422,0,0
2026-01-04 11:42:24.790495,600591.8373167674,754982.6042907248,400.39455821117826,503.32173619381655,1355574.4416074923,0,0
2026-01-04 11:42:25.790495,669050.7773121403,959009.1269643715,446.0338515414269,639.3394179762477,1628059.9042765119,0,0
2026-01-04 11:42:26.790495,598160.6511366587,902018.4691079742,398.77376742443914,601.3456460719829,1500179.120244633,0,0
2026-01-04 11:42:27.790495,737386.4490667648,789374.0325315933,491.59096604450986,526.2493550210622,1526760.4815983581,0,0
2026-01-04 11:42:28.790495,500056.17368929053,942448.9991436726,333.37078245952705,628.2993327624484,1442505.1728329633,0,0
2026-01-04 11:42:29.790495,827232.7997049675,731240.4759770108,551.4885331366451,487.49365065134054,1558473.2756819783,0,0
2026-01-04 11:42:30.790495,556172.1956895307,1167735.420748124,370.78146379302046,778.4902804987493,1723907.6164376547,0,0
2026-01-04 11:42:31.790495,927581.8671562163,1035136.6719939903,618.3879114374776,690.0911146626602,1962718.5391502066,0,0
2026-01-04 11:42:32.790495,5237268.555033524,4648932.560711367,720.6236677124288,639.6713855026123,9886201.11574489,0,0
2026-01-04 11:42:33.790495,844488.9657841646,1371563.8245877349,562.9926438561098,914.3758830584899,2216052.7903718995,0,0
2026-01-04 11:42:34.790495,1236188.9564429529,871319.0996837888,824.1259709619686,580.8793997891926,2107508.0561267417,0,0
2026-01-04 11:42:35.790495,436808.50619723054,912266.083465128,291.2056707981537,608.177388976752,1349074.5896623584,0,0
2026-01-04 11:42:36.790495,1231996.218733191,949942.3415123555,821.330812488794,633.2948943415703,2181938.5602455465,0,0
2026-01-04 11:42:37.790495,923809.1407502047,1105915.3472902158,615.8727605001365,737.2768981934772,2029724.4880404205,0,0
2026-01-04 11:42:38.790495,1034680.7339046982,614995.0916347536,689.7871559364654,409.9967277565024,1649675.8255394518,0,0
2026-01-04 11:42:39.790495,1474473.946073256,645331.1913629951,982.982630715504,430.2207942419967,2119805.137436251,0,0
2026-01-04 11:42:40.790495,942237.9263148874,569313.0470269187,628.1586175432583,379.54203135127915,1511550.973341806,0,0
2026-01-04 11:42:41.790495,1515888.9717939696,808518.4278840595,1010.5926478626465,539.0122852560397,2324407.399678029,0,0
2026-01-04 11:42:42.790495,772889.7368308264,834220.2220251847,515.2598245538843,556.1468146834565,1607109.958856011,0,0
2026-01-04 11:42:43.790495,1159757.9262674334,620748.9782728256,773.1719508449556,413.8326521818837,1780506.904540259,0,0
2026-01-04 11:42:44.790495,2703219.0518180863,3086501.708292547,513.6246958493444,586.4502545933244,5789720.760110633,0,0
2026-01-04 11:42:45.790495,1442600.0389655198,708123.322141533,961.7333593103465,472.082214761022,2150723.361107053,0,0
2026-01-04 11:42:46.790495,1120976.156179111,661919.2235038856,747.3174374527407,441.2794823359237,1782895.3796829965,0,0
2026-01-04 11:42:47.790495,1079193.4521548613,982965.4367181949,719.4623014365742,655.3102911454632,2062158.8888730563,0,0
2026-01-04 11:42:48.790495,1031919.1779527286,1257051.8141313184,687.9461186351524,838.0345427542122,2288970.992084047,0,0
2026-01-04 11:42:49.790495,699119.9362174743,944965.9409686923,466.0799574783162,629.9772939791281,1644085.8771861666,0,0
2026-01-04 11:42:50.790495,1014410.4568484764,923283.3645268726,676.2736378989842,615.5222430179151,1937693.821375349,0,0
2026-01-04 11:42:51.790495,708649.5151861482,1095243.137229366,472.4330101240988,730.162091486244,1803892.6524155142,0,0
2026-01-04 11:42:52.790495,914260.4329013749,746457.6595380268,609.5069552675833,497.63843969201787,1660718.0924394017,1,0
2026-01-04 11:42:53.790495,1244453.1106070555,821871.0269284827,829.6354070713703,547.9140179523218,2066324.1375355383,0,0
2026-01-04 11:42:54.790495,755079.5478207455,1322522.5434726768,503.38636521383035,881.6816956484512,2077602.0912934223,0,0
2026-01-04 11:42:55.790495,1085465.1572934384,588301.0656533708,723.6434381956257,392.20071043558056,1673766.2229468094,0,0
2026-01-04 11:42:56.790495,1281501.3904717227,790136.7786537914,854.3342603144818,526.757852435861,2071638.169125514,0,0
2026-01-04 11:42:57.790495,707768.2263796425,1087894.9307393902,471.845484253095,725.2632871595935,1795663.1571190327,0,0
2026-01-04 11:42:58.790495,788770.15722814,1093538.600364327,525.8467714854266,729.0257335762179,1882308.7575924671,0,0
2026-01-04 11:42:59.790495,685212.8221653161,728979.5846275548,456.8085481102107,485.98638975170314,1414192.4067928707,0,0
2026-01-04 11:43:00.790495,448162.1054836858,854104.5559399342,298.7747369891239,569.4030372932895,1302266.66142362,0,0
2026-01-04 11:43:01.790495,890285.8926503898,1106619.000576658,593.5239284335933,737.7460003844386,1996904.8932270478,0,0
2026-01-04 11:43:02.790495,584703.7009865377,1282918.3071168882,389.8024673243585,855.2788714112588,1867622.008103426,0,0
2026-01-04 11:43:03.790495,1063075.4244201996,674573.7678169329,708.7169496134663,449.7158452112886,1737649.1922371325,0,0
2026-01-04 11:43:04.790495,875423.674004328,694963.5898595655,583.615782669552,463.309059906377,1570387.2638638935,0,0
2026-01-04 11:43:05.790495,907622.3930956186,517231.136243368,605.081595397079,344.8207574955787,1424853.5293389866,0,0
2026-01-04 11:43:06.790495,1006791.6289020266,488767.0556383204,671.1944192680177,325.84470375888026,1495558.684540347,0,0
2026-01-04 11:43:07.790495,945629.9096810712,554132.6882263,630.4199397873808,369.4217921508666,1499762.5979073711,0,0
2026-01-04 11:43:08.790495,506219.2006947327,257459.38959661697,337.4794671298218,171.63959306441132,763678.5902913497,0,0
2026-01-04 11:43:09.790495,897686.1670859181,1004904.6475273469,598.4574447239454,669.9364316848979,1902590.814613265,0,0
2026-01-04 11:43:10.790495,560498.2664118857,1004011.8141398024,373.66551094125714,669.3412094265349,1564510.080551688,0,0
2026-01-04 11:43:11.790495,939410.0710691735,683725.500443358,626.2733807127823,455.817000295572,1623135.5715125315,0,0
2026-01-04 11:43:12.790495,450702.1201002459,574481.4065220997,300.4680800668306,382.9876043480665,1025183.5266223457,0,0
2026-01-04 11:43:13.790495,925081.5435691313,546174.4539225746,616.7210290460876,364.11630261504973,1471255.997491706,0,0
2026-01-04 11:43:14.790495,650587.1139304257,408549.60328434024,433.7247426202838,272.3664021895602,1059136.717214766,0,0
2026-01-04 11:43:15.790495,723095.5495992344,458356.0775295713,482.0636997328229,305.57071835304754,1181451.6271288057,0,0
2026-01-04 11:43:16.790495,786423.2507119058,912645.4234140537,524.2821671412705,608.4302822760359,1699068.6741259596,0,0
2026-01-04 11:43:17.790495,772270.838872421,1076431.7086032287,514.8472259149473,717.6211390688192,1848702.5474756495,0,0
2026-01-04 11:43:18.790495,1072028.1321700488,828689.68082808,714.6854214466991,552.4597872187201,1900717.8129981288,0,0
2026-01-04 11:43:19.790495,1112550.9758962707,553226.1178943503,741.7006505975138,368.8174119295669,1665777.093790621,0,0
2026-01-04 11:43:20.790495,579006.5130118405,452397.4158798366,386.0043420078937,301.5982772532244,1031403.9288916772,1,0
2026-01-04 11:43:21.790495,814698.2101664749,904373.481421983,543.1321401109833,602.915654281322,1719071.691588458,0,0
2026-01-04 11:43:22.790495,459401.68664877367,560690.681168945,306.26779109918243,373.79378744596335,1020092.3678177188,0,0
2026-01-04 11:43:23.790495,913724.9540234045,708313.6590445181,609.1499693489363,472.20910602967876,1622038.6130679226,0,0
2026-01-04 11:43:24.790495,706905.4097989763,455733.43274021236,471.2702731993175,303.8222884934749,1162638.8425391887,0,0
2026-01-04 11:43:25.790495,686692.0297627741,300417.29273163975,457.79468650851607,200.2781951544265,987109.3224944139,0,0
2026-01-04 11:43:26.790495,794490.2334392605,713952.8723683177,529.6601556261737,475.96858157887846,1508443.1058075782,1,0
2026-01-04 11:43:27.790495,660492.6919474673,912711.6563876824,440.32846129831154,608.4744375917883,1573204.3483351497,0,0
2026-01-04 11:43:28.790495,520725.8208186649,825461.2192535483,347.15054721244326,550.3074795023655,1346187.0400722132,0,0
2026-01-04 11:43:29.790495,353567.8997801574,725604.3100771905,235.71193318677157,483.736206718127,1079172.209857348,0,0
2026-01-04 11:43:30.790495,655127.4081014151,1136025.2116728914,436.75160540094345,757.350141115261,1791152.6197743064,0,0
2026-01-04 11:43:31.790495,846234.3221015335,1100350.9498268585,564.1562147343557,733.5672998845723,1946585.2719283921,0,0
2026-01-04 11:43:32.790495,816608.4765462629,739320.5531115115,544.4056510308419,492.88036874100766,1555929.0296577744,0,0
2026-01-04 11:43:33.790495,953153.8502105421,579729.7534390853,635.4359001403614,386.48650229272357,1532883.6036496274,0,1
2026-01-04 11:43:34.790495,1155434.1107112975,588138.9687046377,770.289407140865,392.09264580309184,1743573.079415935,0,0
2026-01-04 11:43:35.790495,4268214.201843433,2587354.294666501,747.9246664104611,453.3854221487598,6855568.496509934,0,0
2026-01-04 11:43:36.790495,1004671.0479961062,803024.7717775871,669.7806986640708,535.3498478517248,1807695.8197736933,0,0
2026-01-04 11:43:37.790495,1001848.8845936519,658690.0748161005,667.8992563957679,439.126716544067,1660538.9594097524,0,0
2026-01-04 11:43:38.790495,1127860.8288728218,864230.759044024,751.9072192485478,576.1538393626827,1992091.587916846,0,0
2026-01-04 11:43:39.790495,1012512.8912360987,1297856.607246575,675.0085941573991,865.2377381643832,2310369.4984826734,0,0
2026-01-04 11:43:40.790495,511331.9478587727,1057460.1794473557,340.8879652391818,704.9734529649038,1568792.1273061284,0,0
2026-01-04 11:43:41.790495,656190.8791100292,1453685.8982280775,437.4605860733528,969.1239321520517,2109876.7773381067,0,0
2026-01-04 11:43:42.790495,873289.2736826893,1534008.643680969,582.1928491217928,1022.672429120646,2407297.9173636585,0,0
2026-01-04 11:43:43.790495,820870.6225581245,1027569.2697436095,547.2470817054163,685.046179829073,1848439.892301734,0,0
2026-01-04 11:43:44.790495,1247470.334883576,852175.5510290491,831.646889922384,568.1170340193661,2099645.885912625,0,0
2026-01-04 11:43:45.790495,975147.3812285035,790320.7233786236,650.0982541523357,526.8804822524157,1765468.1046071271,0,0
2026-01-04 11:43:46.790495,1520948.9797504658,817276.9333371243,1013.9659865003106,544.8512888914162,2338225.91308759,0,0
2026-01-04 11:43:47.790495,801253.6489687925,1367283.5082856826,534.1690993125284,911.5223388571218,2168537.157254475,0,0
2026-01-04 11:43:48.790495,1054084.1081955528,1028536.9510726926,702.7227387970353,685.6913007151285,2082621.0592682455,0,0
2026-01-04 11:43:49.790495,735719.1839915372,556440.3385040592,490.47945599435815,370.96022566937285,1292159.5224955964,0,0
2026-01-04 11:43:50.790495,1060215.4335696332,752395.9708204671,706.8102890464221,501.5973138803114,1812611.4043901002,0,0
2026-01-04 11:43:51.790495,934009.6204022391,1415297.1504843552,622.6730802681594,943.5314336562368,2349306.7708865944,0,0
2026-01-04 11:43:52.790495,1139133.844922327,1005168.842116436,759.4225632815513,670.1125614109574,2144302.687038763,0,0
2026-01-04 11:43:53.790495,1268197.9013175333,1169534.1471250893,845.4652675450222,779.6894314167262,2437732.0484426226,0,0
2026-01-04 11:43:54.790495,584320.508470656,1174262.261222071,389.547005647104,782.8415074813806,1758582.769692727,0,0
2026-01-04 11:43:55.790495,679379.7921439966,1249503.0759075764,452.91986142933104,833.002050605051,1928882.868051573,0,0
2026-01-04 11:43:56.790495,725412.3223157852,1670131.308672053,483.60821487719016,1113.4208724480354,2395543.6309878384,0,0
2026-01-04 11:43:57.790495,1148840.005028739,866205.2145533405,765.8933366858261,577.4701430355603,2015045.2195820794,0,0
2026-01-04 11:43:58.790495,628894.8687232251,1406884.6229699464,419.2632458154834,937.9230819799642,2035779.4916931712,0,0
2026-01-04 11:43:59.790495,1094503.6937498096,674169.6633150475,729.6691291665397,449.44644221003165,1768673.3570648571,0,0
2026-01-04 11:44:00.790495,1078591.299280714,1128670.4063720948,719.0608661871427,752.4469375813965,2207261.705652809,0,0
2026-01-04 11:44:01.790495,1224558.763883496,536304.9025145016,816.372509255664,357.5366016763344,1760863.6663979974,0,0
2026-01-04 11:44:02.790495,724317.2445279678,1052010.7992599295,482.8781630186452,701.340532839953,1776328.0437878973,0,0
2026-01-04 11:44:03.790495,667659.568860045,484551.94294301484,445.10637924003004,323.03462862867656,1152211.5118030598,0,0
2026-01-04 11:44:04.790495,826146.133326206,1161031.9794571681,550.7640888841373,774.0213196381121,1987178.112783374,0,0
2026-01-04 11:44:05.790495,1272251.7632553773,1255055.4621510939,848.1678421702516,836.7036414340625,2527307.225406471,0,0
2026-01-04 11:44:06.790495,1000106.148728816,440906.51416902326,666.7374324858773,293.9376761126822,1441012.6628978392,0,0
2026-01-04 11:44:07.790495,861923.4544585812,912941.5843001135,574.6156363057207,608.6277228667424,1774865.0387586947,0,0
2026-01-04 11:44:08.790495,1291892.505098244,582248.2813930829,861.261670065496,388.16552092872195,1874140.786491327,0,0
2026-01-04 11:44:09.790495,524495.5663743411,962311.5737078765,349.66371091622744,641.5410491385843,1486807.1400822178,0,0
2026-01-04 11:44:10.790495,947112.3909734687,471946.025744165,631.4082606489791,314.63068382944334,1419058.4167176336,0,1
2026-01-04 11:44:11.790495,594689.1960949056,1274878.0195148264,396.4594640632704,849.9186796765509,1869567.2156097319,0,0
2026-01-04 11:44:12.790495,761508.7588897248,1413459.1675121684,507.6725059264832,942.3061116747789,2174967.926401893,0,0
2026-01-04 11:44:13.790495,525469.0408460463,695143.7852517085,350.31269389736417,463.42919016780564,1220612.8260977548,0,0
2026-01-04 11:44:14.790495,585989.9026885967,450505.43274426105,390.6599351257312,300.3369551628407,1036495.3354328579,0,0
2026-01-04 11:44:15.790495,962727.917125823,532562.9745663472,641.8186114172153,355.0419830442315,1495290.8916921702,0,0
2026-01-04 11:44:16.790495,507374.3656900421,977253.639272748,338.2495771266947,651.502426181832,1484628.00496279,0,0
2026-01-04 11:44:17.790495,1068993.3432548663,640178.5034819664,712.6622288365776,426.7856689879776,1709171.8467368328,0,0
2026-01-04 11:44:18.790495,343645.43011803844,561078.8968617823,229.0969534120256,374.0525979078549,904724.3269798207,0,0
2026-01-04 11:44:19.790495,706632.2226477263,391402.8393915473,471.08814843181756,260.9352262610315,1098035.0620392736,0,0
2026-01-04 11:44:20.790495,638331.5245114123,831500.7512170665,425.5543496742748,554.333834144711,1469832.2757284788,0,0
2026-01-04 11:44:21.790495,842755.0658220518,781203.4242386008,561.8367105480346,520.8022828257339,1623958.4900606526,0,0
2026-01-04 11:44:22.790495,834806.7295042049,1129318.246490027,556.53781966947,752.8788309933514,1964124.975994232,0,0
2026-01-04 11:44:23.790495,498042.5305297561,578278.7787235448,332.0283536865041,385.5191858156965,1076321.309253301,0,0
2026-01-04 11:44:24.790495,519921.6659177287,703800.9262714739,346.61444394515246,469.2006175143159,1223722.5921892026,0,0
2026-01-04 11:44:25.790495,706627.7924372876,419574.719650521,471.0851949581918,279.716479767014,1126202.5120878087,0,0
2026-01-04 11:44:26.790495,928363.3308686456,678188.524392707,618.9088872457637,452.12568292847135,1606551.8552613526,0,0
2026-01-04 11:44:27.790495,650768.8147315343,1107394.7052660638,433.84587648768957,738.2631368440425,1758163.5199975981,0,0
2026-01-04 11:44:28.790495,866864.2774838075,682293.7079898008,577.9095183225384,454.8624719932006,1549157.9854736084,0,0
2026-01-04 11:44:29.790495,730153.9069983204,971137.588299014,486.7692713322136,647.4250588660093,1701291.4952973344,0,0
2026-01-04 11:44:30.790495,383688.1838182275,544001.3681417882,255.792122545485,362.6675787611921,927689.5519600157,0,0
2026-01-04 11:44:31.790495,672160.2047227024,681092.5456024337,448.10680314846826,454.06169706828916,1353252.7503251361,0,0
2026-01-04 11:44:32.790495,647164.6387334282,1357103.5059810125,431.4430924889521,904.7356706540083,2004268.1447144407,0,0
2026-01-04 11:44:33.790495,451144.1057311881,1020913.7006220618,300.7627371541254,680.6091337480412,1472057.8063532498,0,0
2026-01-04 11:44:34.790495,489595.3391792784,908155.3372189652,326.3968927861856,605.4368914793101,1397750.6763982435,0,0
2026-01-04 11:44:35.790495,564240.7701346136,872543.0434141101,376.16051342307577,581.6953622760734,1436783.8135487237,0,0
2026-01-04 11:44:36.790495,961059.1674662734,510824.06433520874,640.7061116441823,340.5493762234725,1471883.2318014822,0,0
2026-01-04 11:44:37.790495,809652.4766600182,704689.1067007721,539.7683177733454,469.7927378005147,1514341.5833607903,0,0
2026-01-04 11:44:38.790495,1261508.7313989184,984978.0365193927,841.0058209326123,656.6520243462618,2246486.767918311,0,0
2026-01-04 11:44:39.790495,976122.9425865671,1314388.513178189,650.7486283910448,876.2590087854594,2290511.455764756,0,0
2026-01-04 11:44:40.790495,767663.9325630097,1473504.7034874193,511.77595504200644,982.3364689916128,2241168.6360504287,0,0
2026-01-04 11:44:41.790495,1102702.4999636528,851370.9283937159,735.1349999757686,567.580618929144,1954073.4283573686,0,0
2026-01-04 11:44:42.790495,1410256.2878160307,861949.6348334134,940.1708585440205,574.6330898889423,2272205.922649444,0,0
2026-01-04 11:44:43.790495,1271582.6973545083,667389.5579104079,847.7217982363389,444.9263719402719,1938972.2552649162,0,0
2026-01-04 11:44:44.790495,554125.862528136,1007710.5142328781,369.417241685424,671.8070094885854,1561836.376761014,0,0
2026-01-04 11:44:45.790495,1021728.1653878839,1070596.8456076046,681.1521102585892,713.7312304050697,2092325.0109954884,0,0
2026-01-04 11:44:46.790495,924557.4616582011,1186690.931000625,616.3716411054673,791.12728733375,2111248.392658826,0,0
2026-01-04 11:44:47.790495,723592.2002487143,1114089.322656223,482.39480016580956,742.7262151041488,1837681.5229049374,0,0
2026-01-04 11:44:48.790495,867086.3625782111,823278.6517307581,578.0575750521407,548.8524344871721,1690365.0143089693,0,0
2026-01-04 11:44:49.790495,804792.4790485941,790434.1843325316,536.5283193657294,526.9561228883545,1595226.6633811258,0,0
2026-01-04 11:44:50.790495,1022439.1402530224,1545929.6208563088,681.6260935020149,1030.6197472375393,2568368.761109331,0,0
2026-01-04 11:44:51.790495,778677.3233797161,1101992.1600078226,519.1182155864774,734.661440005215,1880669.4833875387,0,0
2026-01-04 11:44:52.790495,577151.3274007887,1168017.4450114146,384.7675516005258,778.6782966742763,1745168.7724122033,0,0
2026-01-04 11:44:53.790495,1042519.8167021367,1077707.399759213,695.0132111347577,718.4715998394753,2120227.2164613497,0,0
2026-01-04 11:44:54.790495,931122.2059454719,523304.77121892915,620.7481372969812,348.8698474792861,1454426.977164401,0,0
2026-01-04 11:44:55.790495,762980.3478369896,1133762.1390759551,508.6535652246597,755.8414260506368,1896742.4869129446,0,0
2026-01-04 11:44:56.790495,788443.4075069901,657108.3467703677,525.6289383379934,438.0722311802451,1445551.7542773578,0,0
2026-01-04 11:44:57.790495,1409684.0520592476,688740.3219379145,939.7893680394984,459.1602146252763,2098424.373997162,0,0
2026-01-04 11:44:58.790495,882419.8763884464,1034687.2395300468,588.2799175922976,689.7914930200312,1917107.1159184931,0,0
2026-01-04 11:44:59.790495,1115423.189977961,622778.3383270445,743.6154599853072,415.1855588846963,1738201.5283050053,0,0
2026-01-04 11:45:00.790495,1216122.5044708296,958789.2169152579,810.7483363138864,639.1928112768386,2174911.7213860876,0,0
2026-01-04 11:45:01.790495,1058997.415111215,889538.790003012,705.9982767408101,593.025860002008,1948536.205114227,0,0
2026-01-04 11:45:02.790495,4729658.515109444,2094739.1185358309,954.6413648602289,422.80528388187133,6824397.633645275,0,0
2026-01-04 11:45:03.790495,1110438.6949167275,724536.3210529884,740.2924632778183,483.0242140353256,1834975.015969716,0,0
2026-01-04 11:45:04.790495,764575.4213850696,603430.0443184187,509.7169475900464,402.28669621227914,1368005.4657034883,0,0
2026-01-04 11:45:05.790495,506684.7986833521,995689.2202393461,337.7898657889014,663.7928134928974,1502374.0189226982,0,0
2026-01-04 11:45:06.790495,736839.1575662136,685257.6972867158,491.2261050441424,456.83846485781055,1422096.8548529295,0,0
2026-01-04 11:45:07.790495,860616.0711187351,436516.2101354572,573.7440474124901,291.0108067569715,1297132.2812541923,0,0
2026-01-04 11:45:08.790495,859400.0102037532,919929.0878880703,572.9333401358355,613.2860585920469,1779329.0980918235,0,0
2026-01-04 11:45:09.790495,756354.0976066132,958835.8544292272,504.2360650710755,639.2239029528181,1715189.9520358404,0,0
2026-01-04 11:45:10.790495,587593.770670442,717925.5123808257,391.7291804469614,478.6170082538838,1305519.2830512677,0,0
2026-01-04 11:45:11.790495,513247.09333624004,580119.4374060138,342.16472889082667,386.74629160400923,1093366.5307422539,0,0
2026-01-04 11:45:12.790495,3685854.2687752293,2545501.187314405,629.2593195808186,434.57506138838284,6231355.456089634,0,0
2026-01-04 11:45:13.790495,839811.7940959175,614308.8974207976,559.8745293972784,409.53926494719843,1454120.691516715,0,0
2026-01-04 11:45:14.790495,778624.7004238628,1343575.8749745428,519.0831336159085,895.7172499830285,2122200.5753984055,0,0
2026-01-04 11:45:15.790495,3926086.5111702937,2590715.6445491384,566.8983789895183,374.08052398720764,6516802.155719432,0,0
2026-01-04 11:45:16.790495,206363.18698570412,405878.0524454294,137.5754579904694,270.58536829695294,612241.2394311335,0,0
2026-01-04 11:45:17.790495,847726.1789935707,588831.832763926,565.1507859957138,392.55455517595067,1436558.0117574967,0,0
2026-01-04 11:45:18.790495,647567.4654673345,1250195.6741987863,431.71164364488965,833.4637827991909,1897763.1396661208,0,0
2026-01-04 11:45:19.790495,839752.6833559322,850220.8485661023,559.8351222372881,566.8138990440682,1689973.5319220345,0,0
2026-01-04 11:45:20.790495,413339.92650772474,897871.6370789292,275.5599510051498,598.5810913859528,1311211.563586654,0,0
2026-01-04 11:45:21.790495,760995.738118915,1021445.0245490109,507.33049207927667,680.9633496993406,1782440.762667926,0,0
2026-01-04 11:45:22.790495,634564.3572062742,885879.6916743186,423.0429048041828,590.5864611162124,1520444.048880593,0,0
2026-01-04 11:45:23.790495,468190.50203697145,988668.7513025868,312.127001357981,659.1125008683912,1456859.2533395581,0,0
2026-01-04 11:45:24.790495,1118409.1191812532,730200.206720155,745.6060794541688,486.80013781343666,1848609.3259014082,0,0
2026-01-04 11:45:25.790495,706112.2432809349,675850.0173523983,470.74149552062323,450.56667823493217,1381962.2606333331,0,0
2026-01-04 11:45:26.790495,1113617.8631389195,546879.4354318028,742.4119087592796,364.5862902878685,1660497.298570722,0,0
2026-01-04 11:45:27.790495,1261677.7238892564,732975.628057041,841.1184825928376,488.650418704694,1994653.3519462973,1,0
2026-01-04 11:45:28.790495,489283.47467222443,1025767.9592640962,326.18898311481627,683.8453061760641,1515051.4339363207,0,0
2026-01-04 11:45:29.790495,662019.4007110781,728459.9044904305,441.34626714071874,485.63993632695366,1390479.3052015086,0,0
2026-01-04 11:45:30.790495,497822.7682849997,914466.1537141276,331.88184552333314,609.6441024760851,1412288.9219991274,0,0
2026-01-04 11:45:31.790495,539538.9854198061,858567.901604824,359.6926569465374,572.3786010698826,1398106.88702463,0,0
2026-01-04 11:45:32.790495,1588564.0376930037,810503.306664372,1059.0426917953357,540.335537776248,2399067.3443573755,0,0
2026-01-04 11:45:33.790495,655486.1657047919,1162668.7993779634,436.9907771365279,775.1125329186423,1818154.9650827553,0,0
2026-01-04 11:45:34.790495,942914.2047362827,982921.9413328049,628.6094698241885,655.2812942218699,1925836.1460690876,0,0
2026-01-04 11:45:35.790495,1133776.756958646,717064.5128948146,755.851171305764,478.0430085965431,1850841.2698534606,0,0
2026-01-04 11:45:36.790495,443210.92051204765,972505.9229977413,295.47394700803176,648.3372819984942,1415716.8435097889,0,0
2026-01-04 11:45:37.790495,963460.3889027142,1093639.75519796,642.3069259351429,729.0931701319734,2057100.1441006742,0,0
2026-01-04 11:45:38.790495,881527.8480148783,1519439.9650421543,587.6852320099189,1012.9599766947696,2400967.813057033,0,0
2026-01-04 11:45:39.790495,633719.0399932611,1212171.158708483,422.4793599955074,808.1141058056553,1845890.1987017442,0,0
2026-01-04 11:45:40.790495,892156.2006960307,922272.6522580476,594.7708004640205,614.8484348386984,1814428.8529540782,0,0
2026-01-04 11:45:41.790495,638333.9836289053,1033241.2842727464,425.55598908593686,688.8275228484977,1671575.2679016516,0,0
2026-01-04 11:45:42.790495,1114278.7090788386,683406.953465653,742.8524727192257,455.6046356437687,1797685.6625444917,0,0
2026-01-04 11:45:43.790495,1039948.4461572377,1012929.0311909304,693.2989641048251,675.2860207939536,2052877.4773481681,0,0
2026-01-04 11:45:44.790495,679735.1270747967,1313430.2828324733,453.1567513831978,875.6201885549822,1993165.40990727,0,0
2026-01-04 11:45:45.790495,1008004.6648089393,1012537.3377528865,672.0031098726262,675.0248918352577,2020542.0025618258,0,0
2026-01-04 11:45:46.790495,745493.3383045791,488717.685816239,496.99555886971945,325.81179054415935,1234211.0241208181,0,0
2026-01-04 11:45:47.790495,658918.5592848555,960284.9461930207,439.279039523237,640.1899641286805,1619203.5054778762,0,0
2026-01-04 11:45:48.790495,779362.9556901781,1102386.0028655287,519.575303793452,734.9240019103524,1881748.9585557068,0,0
2026-01-04 11:45:49.790495,1007207.3958905899,594822.11652409,671.4715972603933,396.5480776827266,1602029.5124146799,0,0
2026-01-04 11:45:50.790495,471262.03133823007,961222.9237668171,314.17468755882004,640.8152825112114,1432484.9551050472,0,0
2026-01-04 11:45:51.790495,1140829.5470558389,779534.4553543564,760.5530313705592,519.6896369029043,1920364.0024101953,0,0
2026-01-04 11:45:52.790495,629864.3725508414,1343571.1485828098,419.9095817005609,895.7140990552066,1973435.5211336513,0,0
2026-01-04 11:45:53.790495,928346.8962944235,1044037.7965206766,618.897930862949,696.025197680451,1972384.6928151,0,0
2026-01-04 11:45:54.790495,703830.4154601757,1447388.5688172432,469.2202769734505,964.9257125448288,2151218.984277419,0,0
2026-01-04 11:45:55.790495,763142.7096312251,1002667.2667858375,508.76180642081675,668.4448445238917,1765809.9764170626,0,0
2026-01-04 11:45:56.790495,865702.8103417759,777012.2713330777,577.1352068945173,518.0081808887185,1642715.0816748536,0,0
2026-01-04 11:45:57.790495,712767.3635246482,1238455.6279387448,475.17824234976547,825.6370852924965,1951222.9914633932,0,0
2026-01-04 11:45:58.790495,1201879.121142155,1100333.8804571568,801.2527474281034,733.5559203047712,2302213.001599312,0,0
2026-01-04 11:45:59.790495,2409204.323528426,2598177.0621986333,466.2121087364263,502.78077089958606,5007381.385727059,0,0
2026-01-04 11:46:00.790495,963147.9198882062,1203376.000276701,642.0986132588041,802.250666851134,2166523.9201649074,0,0
2026-01-04 11:46:01.790495,668100.9661605611,696745.226894752,445.4006441070407,464.49681792983466,1364846.193055313,0,0
2026-01-04 11:46:02.790495,742995.9793193721,1186091.584802968,495.3306528795814,790.7277232019786,1929087.56412234,0,0
2026-01-04 11:46:03.790495,5365047.105040511,2629234.2230467657,715.3480045950599,350.56867502663704,7994281.328087277,0,0
2026-01-04 11:46:04.790495,745025.4464203808,1206045.2753837926,496.6836309469206,804.0301835891951,1951070.7218041734,0,0
2026-01-04 11:46:05.790495,1309767.8775070654,632131.6719327206,873.1785850047103,421.42111462181373,1941899.549439786,0,0
2026-01-04 11:46:06.790495,993466.6804750668,758307.391245185,662.3111203167111,505.53826083012336,1751774.0717202518,0,0
2026-01-04 11:46:07.790495,1309282.4140736621,1013454.9233254602,872.8549427157748,675.6366155503068,2322737.3373991223,0,0
2026-01-04 11:46:08.790495,767068.792452194,1025653.5293299688,511.37919496812935,683.7690195533125,1792722.3217821629,0,0
2026-01-04 11:46:09.790495,994470.191986953,506565.2073749717,662.980127991302,337.7101382499811,1501035.3993619247,0,0
2026-01-04 11:46:10.790495,1008735.303883582,871871.615521625,672.4902025890547,581.2477436810833,1880606.919405207,0,0
2026-01-04 11:46:11.790495,598702.5017507351,1244783.1639944487,399.13500116715676,829.8554426629659,1843485.6657451838,0,0
2026-01-04 11:46:12.790495,757379.1046267544,720366.5152400812,504.91940308450296,480.2443434933875,1477745.6198668357,0,0
2026-01-04 11:46:13.790495,1855798.282402374,4030381.2878540913,330.29552836177015,717.3284562198579,5886179.570256465,0,0
2026-01-04 11:46:14.790495,544594.7406351126,337220.6765095608,363.0631604234084,224.81378433970718,881815.4171446734,0,0
2026-01-04 11:46:15.790495,1243239.2379816002,689705.5272241685,828.8261586544002,459.80368481611237,1932944.7652057689,1,0
2026-01-04 11:46:16.790495,1076475.9494670425,464272.149131693,717.6506329780283,309.51476608779535,1540748.0985987354,0,0
2026-01-04 11:46:17.790495,4503986.181387837,4380781.483475116,639.9840395495393,622.4775381780436,8884767.664862953,0,0
2026-01-04 11:46:18.790495,598202.0701836313,631664.4428364194,398.8013801224208,421.10962855761295,1229866.5130200507,0,0
2026-01-04 11:46:19.790495,751458.9672559018,810677.5232415132,500.97264483726786,540.4516821610088,1562136.490497415,0,0
2026-01-04 11:46:20.790495,1114704.4207413625,630702.6617968278,743.1362804942416,420.4684411978852,1745407.0825381903,0,0
2026-01-04 11:46:21.790495,1292851.470053199,682939.9569778364,861.900980035466,455.29330465189094,1975791.4270310355,0,0
2026-01-04 11:46:22.790495,535886.8274970109,1015112.9616896578,357.2578849980073,676.7419744597719,1550999.7891866688,0,0
2026-01-04 11:46:23.790495,596089.7466651736,1189907.9723114145,397.39316444344905,793.271981540943,1785997.718976588,0,0
2026-01-04 11:46:24.790495,1380322.3641079292,679633.6431854254,920.2149094052861,453.0890954569503,2059956.0072933545,0,0
2026-01-04 11:46:25.790495,466767.53654176625,853888.3843734463,311.17835769451085,569.2589229156309,1320655.9209152125,0,0
2026-01-04 11:46:26.790495,437960.52169208,837742.0059645248,291.97368112805333,558.4946706430165,1275702.5276566048,0,0
2026-01-04 11:46:27.790495,2814835.561126892,1712850.6204031117,554.6686966843706,337.52046988267426,4527686.181530003,0,0
2026-01-04 11:46:28.790495,847151.2907749763,986867.6682538398,564.7675271833175,657.9117788358932,1834018.959028816,0,0
2026-01-04 11:46:29.790495,585758.7768040241,999825.8022233788,390.5058512026827,666.5505348155858,1585584.579027403,0,0
2026-01-04 11:46:30.790495,1163726.754924935,658591.2547534589,775.8178366166234,439.0608365023059,1822318.009678394,0,0
2026-01-04 11:46:31.790495,861031.9314129449,656608.1368807739,574.0212876086299,437.738757920516,1517640.0682937189,0,0
2026-01-04 11:46:32.790495,2982860.115617472,2357526.9726938945,618.1185707922467,488.5348780977165,5340387.088311367,0,0
2026-01-04 11:46:33.790495,1216998.474142618,1005238.0384854991,811.3323160950787,670.1586923236661,2222236.512628117,0,0
2026-01-04 11:46:34.790495,763946.4785762854,529126.030617186,509.29765238419026,352.750687078124,1293072.5091934714,0,0
2026-01-04 11:46:35.790495,380353.2838378676,802901.6892445799,253.56885589191174,535.26779282972,1183254.9730824474,0,0
2026-01-04 11:46:36.790495,689939.6190662574,768951.7700045722,459.9597460441716,512.6345133363815,1458891.3890708296,0,0
2026-01-04 11:46:37.790495,651090.0478136676,1124311.40057606,434.06003187577835,749.5409337173733,1775401.4483897274,0,0
2026-01-04 11:46:38.790495,1514844.1679822719,760064.8013261886,1009.8961119881812,506.7098675507924,2274908.9693084606,0,0
2026-01-04 11:46:39.790495,1018235.299764936,1107018.2517152017,678.823533176624,738.0121678101344,2125253.5514801377,0,0
2026-01-04 11:46:40.790495,922350.227841254,658796.6697522745,614.9001518941693,439.19777983484965,1581146.8975935285,0,0
2026-01-04 11:46:41.790495,1020843.701148696,911643.7199563864,680.562467432464,607.7624799709242,1932487.4211050824,0,0
2026-01-04 11:46:42.790495,911999.5337465509,680189.5375370738,607.9996891643673,453.45969169138255,1592189.0712836247,0,0
2026-01-04 11:46:43.790495,568542.4100921816,1158825.3905985532,379.0282733947878,772.5502603990354,1727367.8006907348,0,0
2026-01-04 11:46:44.790495,736034.5774894425,954194.6350667306,490.689718326295,636.1297567111537,1690229.212556173,0,0
2026-01-04 11:46:45.790495,1253399.1190547848,703167.5696384363,835.5994127031898,468.77837975895756,1956566.6886932212,0,0
2026-01-04 11:46:46.790495,1113280.7661977122,985345.0345718018,742.1871774651414,656.8966897145345,2098625.800769514,0,0
2026-01-04 11:46:47.790495,838100.353674549,1419377.4858455253,558.733569116366,946.2516572303501,2257477.8395200744,0,0
2026-01-04 11:46:48.790495,864651.5661672812,651504.958136556,576.4343774448541,434.336638757704,1516156.5243038372,0,0
2026-01-04 11:46:49.790495,870303.330290267,701752.791458277,580.2022201935114,467.83519430551803,1572056.121748544,0,0
2026-01-04 11:46:50.790495,532613.7597841746,1018081.3530553628,355.07583985611643,678.7209020369086,1550695.1128395374,0,0
2026-01-04 11:46:51.790495,1089065.0682428933,1075159.1424808928,726.0433788285956,716.7727616539286,2164224.210723786,0,0
2026-01-04 11:46:52.790495,1001627.7426616758,861661.7778715914,667.7518284411171,574.4411852477276,1863289.5205332672,0,0
2026-01-04 11:46:53.790495,395284.24759225594,834548.5675253829,263.5228317281706,556.3657116835885,1229832.8151176388,0,0
2026-01-04 11:46:54.790495,1055116.050273136,605673.108596936,703.4107001820906,403.78207239795734,1660789.1588700719,0,0
2026-01-04 11:46:55.790495,1154548.020476203,591199.2358789088,769.6986803174686,394.13282391927254,1745747.2563551117,0,0
2026-01-04 11:46:56.790495,6442497.123720797,3768200.073577095,995.1226333383513,582.0446805256993,10210697.197297892,0,0
2026-01-04 11:46:57.790495,1209715.856121005,790448.3424958347,806.4772374140033,526.9655616638898,2000164.1986168397,0,0
2026-01-04 11:46:58.790495,884678.4407548055,1275520.6498688494,589.7856271698703,850.3470999125663,2160199.090623655,0,0
2026-01-04 11:46:59.790495,955177.8069765257,866651.559997735,636.7852046510171,577.7677066651567,1821829.3669742607,0,0
2026-01-04 11:47:00.790495,1020300.7903186091,997340.0617973931,680.2005268790728,664.8933745315954,2017640.8521160022,0,0
2026-01-04 11:47:01.790495,1201759.9485284006,702738.7517057299,801.1732990189338,468.4925011371532,1904498.7002341305,0,0
2026-01-04 11:47:02.790495,995274.7763895814,498637.8800022705,663.5165175930542,332.425253334847,1493912.6563918518,0,0
2026-01-04 11:47:03.790495,842138.7641192734,1356688.3092315528,561.4258427461823,904.4588728210351,2198827.0733508263,0,0
2026-01-04 11:47:04.790495,1063998.7368995203,729759.390466828,709.3324912663469,486.5062603112187,1793758.1273663482,0,0
2026-01-04 11:47:05.790495,466492.8809786559,1037506.1572312957,310.9952539857706,691.6707714875305,1503999.0382099515,0,0
2026-01-04 11:47:06.790495,895581.50901783,739871.4584911834,597.05433934522,493.2476389941222,1635452.9675090134,0,0
2026-01-04 11:47:07.790495,784533.9183742097,1417834.0681566324,523.0226122494731,945.2227121044216,2202367.986530842,0,0
2026-01-04 11:47:08.790495,1331196.344564882,688473.6489663735,887.4642297099214,458.982432644249,2019669.9935312555,0,0
2026-01-04 11:47:09.790495,878345.3798007837,882444.6447134314,585.5635865338558,588.2964298089543,1760790.024514215,0,0
2026-01-04 11:47:10.790495,871615.5570968902,731124.7428678686,581.0770380645935,487.41649524524576,1602740.2999647588,0,0
2026-01-04 11:47:11.790495,1141957.0978298772,997340.0930314084,761.3047318865848,664.8933953542722,2139297.1908612857,0,0
2026-01-04 11:47:12.790495,1270220.2709814229,771441.8003208467,846.8135139876152,514.2945335472311,2041662.0713022696,0,0
2026-01-04 11:47:13.790495,604861.9896999539,584350.2468461485,403.24132646663594,389.5668312307657,1189212.2365461024,0,0
2026-01-04 11:47:14.790495,808344.9937447757,512441.39697638416,538.8966624965171,341.6275979842561,1320786.3907211598,0,0
2026-01-04 11:47:15.790495,850128.8977773563,692810.3330671565,566.7525985182375,461.8735553781043,1542939.2308445128,0,0
2026-01-04 11:47:16.790495,510726.88349572953,457665.2179500795,340.484588997153,305.110145300053,968392.101445809,0,0
2026-01-04 11:47:17.790495,499352.27446913545,824363.4951154805,332.90151631275694,549.5756634103203,1323715.769584616,0,0
2026-01-04 11:47:18.790495,486507.08022132533,934547.5423550219,324.33805348088356,623.0316949033479,1421054.6225763473,0,0
2026-01-04 11:47:19.790495,889322.8645353456,535310.9514216488,592.8819096902304,356.87396761443256,1424633.8159569944,0,0
2026-01-04 11:47:20.790495,1343040.2879139204,684760.8881365757,895.3601919426136,456.5072587577171,2027801.176050496,0,0
2026-01-04 11:47:21.790495,377492.4746651558,483103.52915052423,251.66164977677053,322.0690194336828,860596.00381568,0,0
2026-01-04 11:47:22.790495,949349.7126924321,586876.3932324231,632.8998084616214,391.2509288216154,1536226.1059248552,0,0
2026-01-04 11:47:23.790495,1271826.6889167663,911113.6260751549,847.8844592778443,607.4090840501033,2182940.314991921,0,0
2026-01-04 11:47:24.790495,438663.3931193838,798843.9012878676,292.44226207958917,532.5626008585784,1237507.2944072513,0,0
2026-01-04 11:47:25.790495,836492.3557162991,652195.1767764423,557.6615704775328,434.7967845176282,1488687.5324927415,0,0
2026-01-04 11:47:26.790495,440177.2810768571,576687.1997247578,293.45152071790477,384.45813314983855,1016864.4808016149,0,0
2026-01-04 11:47:27.790495,598586.7596471851,969862.1765540525,399.05783976479006,646.5747843693683,1568448.9362012376,0,0
2026-01-04 11:47:28.790495,841471.8704871384,864967.9870578966,560.9812469914256,576.6453247052643,1706439.857545035,0,0
2026-01-04 11:47:29.790495,911768.837113914,729255.3207312207,607.845891409276,486.1702138208138,1641024.1578451346,0,0
2026-01-04 11:47:30.790495,906401.0134245997,696333.287603543,604.2673422830665,464.22219173569533,1602734.3010281427,0,0
2026-01-04 11:47:31.790495,563240.1166096124,524841.0974951241,375.4934110730749,349.8940649967494,1088081.2141047365,0,0
2026-01-04 11:47:32.790495,1049182.9518896663,711285.7418201633,699.4553012597775,474.19049454677554,1760468.6937098296,0,0
2026-01-04 11:47:33.790495,1600707.9699565116,1075185.9762261896,1067.1386466376744,716.7906508174598,2675893.9461827013,0,0
2026-01-04 11:47:34.790495,1110346.2655831235,970099.2125579526,740.2308437220823,646.7328083719684,2080445.4781410762,0,0
2026-01-04 11:47:35.790495,3426544.82829502,3295373.271699904,508.16912823310753,488.715906721604,6721918.099994924,0,0
2026-01-04 11:47:36.790495,633664.4966488444,1211503.0876463281,422.4429977658963,807.668725097552,1845167.5842951725,0,0
2026-01-04 11:47:37.790495,791520.1452316244,538654.631063248,527.6800968210829,359.10308737549866,1330174.7762948724,0,0
2026-01-04 11:47:38.790495,1210288.4089558937,809549.1924924059,806.8589393039291,539.6994616616039,2019837.6014482996,0,0
2026-01-04 11:47:39.790495,757729.0233456773,1284231.2159804893,505.15268223045155,856.1541439869928,2041960.2393261665,0,0
2026-01-04 11:47:40.790495,679257.7230797394,1277371.6615286344,452.83848205315957,851.5811076857563,1956629.384608374,0,0
2026-01-04 11:47:41.790495,6548158.089425001,2942874.665230992,960.0011276918035,431.44392036592853,9491032.754655993,0,0
2026-01-04 11:47:42.790495,1354304.0171969684,842898.9409944529,902.8693447979789,561.9326273296352,2197202.9581914213,0,0
2026-01-04 11:47:43.790495,768886.9863970352,894536.1232102264,512.5913242646901,596.3574154734843,1663423.1096072616,0,0
2026-01-04 11:47:44.790495,1025031.2076563935,909004.170295272,683.3541384375957,606.002780196848,1934035.3779516655,0,0
2026-01-04 11:47:45.790495,1031663.8738383623,1329848.669400798,687.7759158922415,886.565779600532,2361512.5432391604,0,0
2026-01-04 11:47:46.790495,1318869.3736493078,646456.0829753287,879.2462490995385,430.97072198355244,1965325.4566246364,0,0
2026-01-04 11:47:47.790495,596800.0254933684,1209625.0066569496,397.8666836622456,806.4166711046331,1806425.032150318,0,0
2026-01-04 11:47:48.790495,848282.4065741309,1465653.298054183,565.5216043827539,977.1021987027887,2313935.704628314,0,0
2026-01-04 11:47:49.790495,1104055.0638862555,1173056.295793842,736.0367092575036,782.0375305292281,2277111.3596800976,0,0
2026-01-04 11:47:50.790495,1455972.6865202356,723416.5990252235,970.6484576801571,482.2777326834823,2179389.285545459,0,0
2026-01-04 11:47:51.790495,1056000.2255919147,904594.26024634,704.0001503946098,603.0628401642266,1960594.4858382547,0,0
2026-01-04 11:47:52.790495,3314428.884425573,4688308.835715907,567.72287869298,803.0524356462887,8002737.72014148,0,0
2026-01-04 11:47:53.790495,1200879.4319765968,927826.4691860708,800.5862879843979,618.5509794573805,2128705.9011626677,0,0
2026-01-04 11:47:54.790495,4208218.2561663985,4865448.253097484,629.8384736257859,728.2052200466936,9073666.509263882,1,0
2026-01-04 11:47:55.790495,480770.6024969079,909698.4180540916,320.51373499793857,606.4656120360611,1390469.0205509996,0,0
2026-01-04 11:47:56.790495,930517.4565266247,1109954.4084306408,620.3449710177498,739.9696056204272,2040471.8649572656,0,0
2026-01-04 11:47:57.790495,491214.75091030373,1056804.0948367936,327.47650060686914,704.536063224529,1548018.8457470974,0,0
2026-01-04 11:47:58.790495,3880373.3921880415,3745069.1765562184,666.232228924679,643.0014673323093,7625442.56874426,0,0
2026-01-04 11:47:59.790495,1110048.7202304995,617498.1118439995,740.0324801536664,411.66540789599964,1727546.832074499,1,0
2026-01-04 11:48:00.790495,1267007.0790878905,629350.080656166,844.6713860585936,419.56672043744396,1896357.1597440564,0,0
2026-01-04 11:48:01.790495,1199958.985596398,686037.6323000704,799.9726570642653,457.35842153338024,1885996.6178964681,0,0
2026-01-04 11:48:02.790495,618297.5937783619,1307188.6737814925,412.1983958522413,871.4591158543284,1925486.2675598543,0,0
2026-01-04 11:48:03.790495,509320.00346772437,1038556.2211239868,339.5466689784829,692.3708140826578,1547876.224591711,0,0
2026-01-04 11:48:04.790495,2768087.703450574,4794694.286130603,467.2964093423747,809.4192322773122,7562781.989581178,0,0
2026-01-04 11:48:05.790495,689395.5716870364,840214.2094950965,459.5970477913576,560.1428063300643,1529609.781182133,0,0
2026-01-04 11:48:06.790495,657577.4185321685,1137811.923563213,438.38494568811234,758.5412823754754,1795389.3420953818,0,0
2026-01-04 11:48:07.790495,849455.3354362084,839691.2652061556,566.3035569574723,559.7941768041037,1689146.600642364,0,0
2026-01-04 11:48:08.790495,1248566.713773808,1098913.659477754,832.3778091825386,732.6091063185027,2347480.373251562,0,0
2026-01-04 11:48:09.790495,554586.2821431961,748205.8894468423,369.72418809546406,498.80392629789486,1302792.1715900383,0,0
2026-01-04 11:48:10.790495,334536.375810544,570548.9794365439,223.02425054036266,380.36598629102923,905085.3552470879,0,0
2026-01-04 11:48:11.790495,883592.1327898583,967754.1591902914,589.0614218599055,645.1694394601943,1851346.2919801497,0,0
2026-01-04 11:48:12.790495,646242.2861373796,709940.5211919375,430.8281907582531,473.293680794625,1356182.807329317,0,0
2026-01-04 11:48:13.790495,427665.3725488948,788161.8630402653,285.11024836592986,525.4412420268435,1215827.2355891601,0,0
2026-01-04 11:48:14.790495,498921.7748167385,840088.2565366306,332.61451654449235,560.0588376910871,1339010.0313533691,0,0
2026-01-04 11:48:15.790495,498877.18197080836,964353.6574248105,332.5847879805389,642.902438283207,1463230.8393956188,0,0
2026-01-04 11:48:16.790495,1215019.0904068013,761866.4171514476,810.0127269378676,507.91094476763175,1976885.507558249,0,0
2026-01-04 11:48:17.790495,586589.4711019954,809567.4285692609,391.05964740133027,539.711619046174,1396156.8996712563,0,0
2026-01-04 11:48:18.790495,1052346.7437866116,461947.32867219695,701.564495857741,307.96488578146466,1514294.0724588085,0,0
2026-01-04 11:48:19.790495,866157.8305112955,1146334.0233102408,577.438553674197,764.2226822068272,2012491.8538215363,0,0
2026-01-04 11:48:20.790495,790198.2939335847,672316.9604198284,526.7988626223898,448.21130694655227,1462515.2543534131,0,0
2026-01-04 11:48:21.790495,476173.96895483584,1005825.5375713605,317.44931263655724,670.550358380907,1481999.5065261964,0,0
2026-01-04 11:48:22.790495,678360.9487274365,884614.4913650437,452.24063248495764,589.7429942433624,1562975.4400924803,0,0
2026-01-04 11:48:23.790495,977575.3283578902,534370.0481814116,651.7168855719268,356.2466987876077,1511945.3765393018,0,0
2026-01-04 11:48:24.790495,4648300.889165864,3601604.019858427,687.9699125024425,533.053961327165,8249904.909024291,0,0
2026-01-04 11:48:25.790495,866556.5058917787,818464.6660478842,577.7043372611859,545.6431106985895,1685021.171939663,0,0
2026-01-04 11:48:26.790495,772162.9850987955,972638.9728706323,514.775323399197,648.4259819137549,1744801.9579694278,0,0
2026-01-04 11:48:27.790495,643884.3675482965,1095380.2864592564,429.2562450321976,730.2535243061709,1739264.654007553,0,0
2026-01-04 11:48:28.790495,575997.0943696052,1308672.1066958203,383.9980629130701,872.4480711305469,1884669.2010654255,0,0
2026-01-04 11:48:29.790495,646417.6297376828,479948.14483074535,430.9450864917885,319.96542988716357,1126365.774568428,0,0
2026-01-04 11:48:30.790495,648853.0484989155,751686.6219434815,432.568698999277,501.12441462898767,1400539.670442397,0,0
2026-01-04 11:48:31.790495,711008.0764735185,611011.5824533517,474.005384315679,407.3410549689011,1322019.6589268702,0,0
2026-01-04 11:48:32.790495,472278.26720421057,702612.1463755324,314.85217813614037,468.40809758368823,1174890.413579743,0,0
2026-01-04 11:48:33.790495,1090383.4973293946,613422.5740476261,726.9223315529297,408.9483826984174,1703806.0713770206,0,0
2026-01-04 11:48:34.790495,1142545.8230833095,641772.257812508,761.697215388873,427.84817187500533,1784318.0808958176,0,0
2026-01-04 11:48:35.790495,1060666.7870030615,730330.5021693136,707.1111913353743,486.88700144620907,1790997.289172375,0,0
2026-01-04 11:48:36.790495,1004620.2839177581,634358.6045394829,669.7468559451721,422.90573635965524,1638978.888457241,0,0
2026-01-04 11:48:37.790495,1030612.6834595766,1409146.4112134,687.0751223063844,939.4309408089334,2439759.0946729765,0,0
2026-01-04 11:48:38.790495,840252.6263724088,481954.00991110766,560.1684175816059,321.30267327407176,1322206.6362835164,0,0
2026-01-04 11:48:39.790495,748393.3651411551,1013571.962036409,498.9289100941034,675.714641357606,1761965.3271775641,0,0
2026-01-04 11:48:40.790495,668719.5541751733,962681.1142301679,445.8130361167822,641.7874094867786,1631400.6684053412,0,0
2026-01-04 11:48:41.790495,1142409.5692439938,711189.5740179947,761.6063794959958,474.1263826786631,1853599.1432619884,0,0
2026-01-04 11:48:42.790495,696725.9146149297,1254160.1798813927,464.4839430766198,836.1067865875951,1950886.0944963223,0,0
2026-01-04 11:48:43.790495,1086301.2719217099,739506.9722308689,724.2008479478066,493.00464815391257,1825808.2441525788,0,0
2026-01-04 11:48:44.790495,1708905.3307311956,783116.3991068824,1139.2702204874638,522.0775994045882,2492021.729838078,0,0
2026-01-04 11:48:45.790495,800956.0068713175,1351887.7772538909,533.970671247545,901.2585181692606,2152843.7841252084,0,0
2026-01-04 11:48:46.790495,796652.9282920334,1221064.3956433206,531.1019521946889,814.0429304288804,2017717.323935354,0,0
2026-01-04 11:48:47.790495,1135076.8194603196,545615.3697186895,756.717879640213,363.74357981245964,1680692.189179009,0,0
2026-01-04 11:48:48.790495,1061658.5517928447,1291339.552876778,707.7723678618964,860.8930352511853,2352998.1046696226,0,0
2026-01-04 11:48:49.790495,1631904.7245071693,719755.4293828561,1087.9364830047796,479.83695292190407,2351660.1538900253,0,0
2026-01-04 11:48:50.790495,1234092.6232497229,565464.7936511283,822.7284154998152,376.9765291007522,1799557.416900851,0,0
2026-01-04 11:48:51.790495,1140791.7686783154,838435.2293335977,760.5278457855436,558.9568195557318,1979226.9980119132,0,0
2026-01-04 11:48:52.790495,782104.7848682188,655687.6443712228,521.4031899121459,437.1250962474819,1437792.4292394416,0,0
2026-01-04 11:48:53.790495,1068402.643056915,963606.1609509697,712.26842870461,642.4041073006465,2032008.8040078846,0,0
2026-01-04 11:48:54.790495,1149701.8035145379,964507.5871401526,766.4678690096919,643.0050580934351,2114209.3906546906,0,0
2026-01-04 11:48:55.790495,723449.558613148,600241.2090519564,482.2997057420987,400.16080603463763,1323690.7676651045,0,0
2026-01-04 11:48:56.790495,791406.607873846,781232.2815561254,527.6044052492307,520.8215210374169,1572638.8894299713,0,0
2026-01-04 11:48:57.790495,695481.0208498321,985027.4912167927,463.65401389988807,656.6849941445284,1680508.5120666248,0,0
2026-01-04 11:48:58.790495,1251115.248847429,593357.1031753214,834.0768325649526,395.5714021168809,1844472.3520227503,0,0
2026-01-04 11:48:59.790495,740046.7531909068,759898.0849172432,493.36450212727124,506.59872327816214,1499944.83810815,0,0
2026-01-04 11:49:00.790495,1351063.8036681914,626544.423756219,900.709202445461,417.696282504146,1977608.2274244104,0,0
2026-01-04 11:49:01.790495,638498.1192824143,1219947.5471340814,425.6654128549429,813.2983647560543,1858445.6664164958,0,0
2026-01-04 11:49:02.790495,704294.0135496318,1143951.934859481,469.5293423664212,762.6346232396539,1848245.9484091126,0,0
2026-01-04 11:49:03.790495,663539.9242244494,1466482.0539714764,442.3599494829663,977.6547026476509,2130021.9781959257,0,0
2026-01-04 11:49:04.790495,1144649.253378202,673693.0434790764,763.0995022521347,449.12869565271757,1818342.2968572783,0,0
2026-01-04 11:49:05.790495,699222.2915162371,1028182.0787875559,466.14819434415807,685.4547191917039,1727404.3703037929,0,0
2026-01-04 11:49:06.790495,701806.7318948602,735290.1746106572,467.87115459657343,490.1934497404381,1437096.9065055172,0,0
2026-01-04 11:49:07.790495,730631.3178753316,1125680.9218911189,487.08754525022107,750.4539479274126,1856312.2397664506,0,0
2026-01-04 11:49:08.790495,420773.49943036906,624931.427331646,280.51566628691273,416.62095155443063,1045704.9267620151,0,0
2026-01-04 11:49:09.790495,583640.7247447068,1083792.5270966997,389.09381649647116,722.5283513977998,1667433.2518414066,0,0
2026-01-04 11:49:10.790495,1197507.5865034524,696829.0584991956,798.3383910023016,464.5527056661304,1894336.645002648,1,0
2026-01-04 11:49:11.790495,420184.1377352779,576654.3847078682,280.1227584901853,384.43625647191215,996838.5224431461,0,0
2026-01-04 11:49:12.790495,991882.7831661663,593679.4052070862,661.2551887774442,395.7862701380575,1585562.1883732525,0,0
2026-01-04 11:49:13.790495,830355.6902167166,588055.7853417997,553.5704601444777,392.03719022786646,1418411.4755585163,0,0
2026-01-04 11:49:14.790495,1485797.3610676776,935466.3787597575,990.5315740451184,623.644252506505,2421263.739827435,0,0
2026-01-04 11:49:15.790495,1059581.408993492,525943.7621886188,706.3876059956613,350.6291747924125,1585525.1711821107,0,0
2026-01-04 11:49:16.790495,704393.0907019341,579823.0827757436,469.5953938012894,386.5487218504957,1284216.1734776776,0,0
2026-01-04 11:49:17.790495,1107530.3530486275,537613.3201276903,738.353568699085,358.4088800851269,1645143.6731763177,0,0
2026-01-04 11:49:18.790495,762467.7100497432,990362.3630948645,508.31180669982876,660.2415753965763,1752830.0731446077,0,0
2026-01-04 11:49:19.790495,727595.978961058,1300068.1700181463,485.06398597403864,866.7121133454309,2027664.1489792042,0,0
2026-01-04 11:49:20.790495,1005681.4486925969,528795.4819957596,670.4542991283979,352.5303213305064,1534476.9306883565,0,0
2026-01-04 11:49:21.790495,536934.930527067,748860.662724069,357.95662035137804,499.240441816046,1285795.5932511361,0,0
2026-01-04 11:49:22.790495,903819.0378169381,1119461.1649426077,602.5460252112921,746.3074432950718,2023280.2027595458,0,0
2026-01-04 11:49:23.790495,758322.2405932915,372102.3926365428,505.54816039552765,248.06826175769518,1130424.6332298343,0,0
2026-01-04 11:49:24.790495,638278.8584111417,768834.893057283,425.5192389407611,512.556595371522,1407113.7514684247,0,0
2026-01-04 11:49:25.790495,638083.4417323712,1127840.033222894,425.38896115491417,751.8933554819293,1765923.4749552652,0,0
2026-01-04 11:49:26.790495,601313.7726532442,873591.0655962152,400.87584843549615,582.3940437308102,1474904.8382494594,0,0
2026-01-04 11:49:27.790495,476468.7881685742,531032.4993155707,317.6458587790495,354.0216662103805,1007501.2874841449,0,0
2026-01-04 11:49:28.790495,668425.7877201637,864205.2902541446,445.61719181344245,576.1368601694297,1532631.0779743083,0,0
2026-01-04 11:49:29.790495,540951.7699629839,902062.7020364418,360.6345133086559,601.3751346909612,1443014.4719994257,0,0
2026-01-04 11:49:30.790495,863007.6777126713,1532436.4656093058,575.3384518084475,1021.6243104062039,2395444.143321977,0,0
2026-01-04 11:49:31.790495,631718.1464320191,692594.1428831362,421.1454309546794,461.72942858875746,1324312.2893151552,0,0
2026-01-04 11:49:32.790495,755731.0584980253,942300.5221917802,503.8207056653502,628.2003481278534,1698031.5806898056,0,0
2026-01-04 11:49:33.790495,917622.3848403167,980862.3764662504,611.7482565602112,653.9082509775003,1898484.7613065671,0,0
2026-01-04 11:49:34.790495,430008.9280412586,1002237.6350568808,286.6726186941724,668.1584233712539,1432246.5630981394,0,0
2026-01-04 11:49:35.790495,838009.1329279329,810546.9554310298,558.6727552852886,540.3646369540198,1648556.0883589627,0,0
2026-01-04 11:49:36.790495,560043.0967285105,1011354.0000703669,373.3620644856736,674.2360000469113,1571397.0967988775,0,0
2026-01-04 11:49:37.790495,1232772.2733974797,600234.4879645674,821.8481822649865,400.1563253097116,1833006.7613620472,0,0
2026-01-04 11:49:38.790495,786938.7454598928,917737.0802653125,524.6258303065952,611.824720176875,1704675.8257252052,0,0
2026-01-04 11:49:39.790495,1027088.5250230338,1005483.145712316,684.7256833486892,670.3220971415441,2032571.6707353499,0,0
2026-01-04 11:49:40.790495,1162033.8049869984,581368.3838831431,774.6892033246656,387.57892258876205,1743402.1888701415,0,0
2026-01-04 11:49:41.790495,1265224.7770563774,575055.0412424639,843.4831847042516,383.3700274949759,1840279.8182988414,0,0
2026-01-04 11:49:42.790495,1215618.1451600457,826839.0947327722,810.4120967733638,551.2260631551815,2042457.2398928178,0,0
2026-01-04 11:49:43.790495,1479461.4980705525,662164.3053890727,986.3076653803683,441.44287025938183,2141625.803459625,0,0
2026-01-04 11:49:44.790495,909424.0146004314,1320946.0422053789,606.2826764002876,880.6306948035859,2230370.0568058104,0,0
2026-01-04 11:49:45.790495,666898.995474476,1497980.1337876418,444.5993303163173,998.6534225250945,2164879.1292621177,0,0
2026-01-04 11:49:46.790495,5064221.426831252,4388444.449339938,708.631959431124,614.0710934387869,9452665.87617119,0,0
2026-01-04 11:49:47.790495,873004.6187560302,1035487.0173389637,582.0030791706868,690.3246782259758,1908491.636094994,0,0
2026-01-04 11:49:48.790495,1239805.5531753788,813266.7307117333,826.5370354502526,542.1778204744888,2053072.2838871123,0,0
2026-01-04 11:49:49.790495,1113410.1476654327,752456.138539319,742.2734317769551,501.6374256928794,1865866.2862047518,0,0
2026-01-04 11:49:50.790495,1718098.1319091406,997117.4935867699,1145.3987546060937,664.7449957245133,2715215.6254959106,0,0
2026-01-04 11:49:51.790495,715350.1713159862,951462.4603534399,476.9001142106575,634.3083069022932,1666812.631669426,0,0
2026-01-04 11:49:52.790495,1381311.5409299803,614920.1695325606,920.8743606199869,409.94677968837374,1996231.710462541,0,0
2026-01-04 11:49:53.790495,1025048.1014882274,1243504.9431002701,683.3654009921515,829.00329540018,2268553.0445884974,0,0
2026-01-04 11:49:54.790495,566212.9676086508,1290070.553140481,377.4753117391005,860.0470354269873,1856283.520749132,0,0
2026-01-04 11:49:55.790495,817071.3708567858,897798.6129543113,544.7142472378572,598.5324086362075,1714869.983811097,0,0
2026-01-04 11:49:56.790495,639855.8575111246,712888.6931849583,426.57057167408306,475.2591287899722,1352744.5506960829,0,0
2026-01-04 11:49:57.790495,1011359.5902436486,746521.527931725,674.239726829099,497.68101862115003,1757881.1181753736,0,0
2026-01-04 11:49:58.790495,994544.2942839774,812834.61895386,663.0295295226516,541.88974596924,1807378.9132378374,0,0
2026-01-04 11:49:59.790495,541289.5117203895,669114.3638403326,360.8596744802596,446.0762425602217,1210403.875560722,0,0
2026-01-04 11:50:00.790495,927275.8532363687,984021.8924298137,618.1839021575792,656.0145949532092,1911297.7456661824,0,0
2026-01-04 11:50:01.790495,1324556.400359692,860500.1979443948,883.0376002397948,573.6667986295965,2185056.598304087,0,0
2026-01-04 11:50:02.790495,760949.4840421473,1456165.8946448485,507.2996560280982,970.7772630965657,2217115.3786869957,0,0
2026-01-04 11:50:03.790495,849655.8314776826,566560.8931019162,566.4372209851217,377.7072620679441,1416216.7245795988,0,0
2026-01-04 11:50:04.790495,1292596.443330068,916766.0877882147,861.7309622200453,611.1773918588098,2209362.5311182826,0,0
2026-01-04 11:50:05.790495,477705.63425389095,580461.1788315832,318.4704228359273,386.9741192210555,1058166.813085474,0,0
2026-01-04 11:50:06.790495,1476486.1378993315,3264094.6089020683,319.35909552753594,706.0129284372216,4740580.7468014,0,0
2026-01-04 11:50:07.790495,393508.48814907926,589769.9977787304,262.3389920993862,393.17999851915357,983278.4859278096,0,0
2026-01-04 11:50:08.790495,723816.0121988029,868176.6545483505,482.5440081325353,578.784436365567,1591992.6667471535,0,0
2026-01-04 11:50:09.790495,807876.4947102972,666200.1389000687,538.5843298068648,444.13342593337916,1474076.633610366,0,0
2026-01-04 11:50:10.790495,980641.5548403224,436503.99543538224,653.7610365602148,291.00266362358815,1417145.5502757046,0,0
2026-01-04 11:50:11.790495,612885.4303301013,508479.80961354694,408.5902868867342,338.98653974236464,1121365.2399436482,0,0
2026-01-04 11:50:12.790495,953073.5126578428,1302027.5228721767,635.3823417718952,868.0183485814512,2255101.0355300196,0,0
2026-01-04 11:50:13.790495,1284380.4257288633,740214.4982971934,856.2536171525755,493.47633219812894,2024594.9240260567,0,0
2026-01-04 11:50:14.790495,1032908.0691221331,700361.1881634076,688.6053794147554,466.90745877560505,1733269.2572855407,0,0
2026-01-04 11:50:15.790495,954170.1773039063,916206.3721580061,636.1134515359375,610.8042481053374,1870376.5494619124,0,0
2026-01-04 11:50:16.790495,883607.2424721462,939967.1331487668,589.0714949814308,626.6447554325113,1823574.375620913,0,0
2026-01-04 11:50:17.790495,2768803.8779741367,4566483.646596124,471.1608206694583,777.067743807887,7335287.524570261,0,0
2026-01-04 11:50:18.790495,811218.9406523473,557088.7561543836,540.8126271015649,371.39250410292243,1368307.696806731,0,0
2026-01-04 11:50:19.790495,628864.6350463865,1250985.7676004164,419.24309003092435,833.990511733611,1879850.402646803,0,0
2026-01-04 11:50:20.790495,538478.274106911,922041.0778280905,358.98551607127405,614.6940518853937,1460519.3519350016,0,0
2026-01-04 11:50:21.790495,1055693.489437122,880122.5251759798,703.7956596247479,586.7483501173199,1935816.0146131017,0,0
2026-01-04 11:50:22.790495,625812.2705992495,1184042.6802213385,417.20818039949967,789.3617868142256,1809854.950820588,0,0
2026-01-04 11:50:23.790495,490142.50346138293,882211.5714190899,326.7616689742553,588.1410476127267,1372354.0748804729,0,0
2026-01-04 11:50:24.790495,4374948.9430959895,3440070.9085635524,673.2667090535948,529.3970854618901,7815019.851659542,0,0
2026-01-04 11:50:25.790495,619592.0179094286,1186412.9622801004,413.0613452729524,790.9419748534003,1806004.980189529,0,0
2026-01-04 11:50:26.790495,501668.9894365112,962455.6741196958,334.44599295767415,641.6371160797972,1464124.663556207,0,0
2026-01-04 11:50:27.790495,839552.2686555661,1012791.7599979903,559.7015124370441,675.1945066653269,1852344.0286535565,0,0
2026-01-04 11:50:28.790495,997457.3929533819,719498.073949714,664.9715953022546,479.66538263314266,1716955.4669030958,0,0
2026-01-04 11:50:29.790495,1050504.1393051387,1022239.3718917653,700.3360928700924,681.4929145945101,2072743.511196904,0,0
2026-01-04 11:50:30.790495,1229941.3318359123,544454.8911631673,819.9608878906082,362.96992744211155,1774396.2229990796,0,0
2026-01-04 11:50:31.790495,1223849.613019752,546068.7074485105,815.8997420131681,364.04580496567365,1769918.3204682625,0,0
2026-01-04 11:50:32.790495,1160378.070597236,721502.8455806564,773.5853803981573,481.00189705377096,1881880.9161778926,0,0
2026-01-04 11:50:33.790495,1018739.0219532509,888012.7797837096,679.1593479688339,592.0085198558064,1906751.8017369604,0,0
2026-01-04 11:50:34.790495,851120.1987871212,747832.102362303,567.4134658580808,498.55473490820197,1598952.3011494242,0,0
2026-01-04 11:50:35.790495,546565.790407765,1182890.205264337,364.3771936051766,788.5934701762246,1729455.9956721019,0,0
2026-01-04 11:50:36.790495,728968.4273562073,1010273.9087167779,485.97895157080484,673.5159391445186,1739242.3360729853,0,0
2026-01-04 11:50:37.790495,525982.3975777616,952092.1448575588,350.6549317185077,634.7280965717058,1478074.5424353203,0,0
2026-01-04 11:50:38.790495,819566.0459128243,1083856.479904648,546.3773639418829,722.5709866030986,1903422.5258174723,0,0
2026-01-04 11:50:39.790495,1718637.7555419523,2775890.6044988143,320.96301800264797,518.4095503500569,4494528.360040766,0,0
2026-01-04 11:50:40.790495,860068.3046729023,694653.0208216297,573.3788697819349,463.10201388108646,1554721.325494532,0,0
2026-01-04 11:50:41.790495,632162.0641537014,1045306.5648319301,421.4413761024676,696.8710432212868,1677468.6289856315,0,0
2026-01-04 11:50:42.790495,665066.1843938126,700464.9998486392,443.3774562625417,466.9766665657595,1365531.1842424518,0,0
2026-01-04 11:50:43.790495,875877.2683370877,797969.83502841,583.9181788913918,531.97989001894,1673847.1033654977,0,0
2026-01-04 11:50:44.790495,548428.2305038171,1182338.340121903,365.61882033587807,788.2255600812687,1730766.57062572,0,0
2026-01-04 11:50:45.790495,1247237.4679217285,907809.9236934201,831.4916452811524,605.2066157956134,2155047.3916151486,0,0
2026-01-04 11:50:46.790495,859124.7957415996,1186403.367197294,572.7498638277331,790.9355781315294,2045528.1629388935,0,0
2026-01-04 11:50:47.790495,993660.624068847,728589.8264474432,662.440416045898,485.72655096496214,1722250.4505162903,0,0
2026-01-04 11:50:48.790495,998645.4892831051,836949.0383844941,665.76365952207,557.9660255896628,1835594.5276675993,0,0
2026-01-04 11:50:49.790495,597031.0467591577,801669.8533886981,398.02069783943847,534.4465689257987,1398700.9001478557,0,0
2026-01-04 11:50:50.790495,641730.3349042747,1129858.3843406804,427.8202232695165,753.2389228937869,1771588.719244955,0,0
2026-01-04 11:50:51.790495,977490.9208047637,1185330.9496462597,651.6606138698425,790.2206330975065,2162821.8704510233,0,0
2026-01-04 11:50:52.790495,799198.023349844,1393174.8664146338,532.7986822332293,928.7832442764226,2192372.889764478,0,0
2026-01-04 11:50:53.790495,556023.5348395414,1296331.2414645806,370.68235655969426,864.2208276430538,1852354.776304122,0,0
2026-01-04 11:50:54.790495,1165670.244934483,625736.7666640232,777.1134966229887,417.1578444426821,1791407.011598506,0,0
2026-01-04 11:50:55.790495,519174.3099770289,974992.0299851941,346.1162066513526,649.994686656796,1494166.339962223,0,0
2026-01-04 11:50:56.790495,819709.0412201921,1511412.1220088645,546.4726941467948,1007.608081339243,2331121.1632290566,0,0
2026-01-04 11:50:57.790495,897194.75281258,731526.6520684359,598.1298352083867,487.6844347122906,1628721.404881016,0,0
2026-01-04 11:50:58.790495,985509.2298136638,732847.6788125823,657.0061532091091,488.5651192083882,1718356.908626246,0,0
2026-01-04 11:50:59.790495,1168411.278346931,581177.8130818208,778.9408522312874,387.4518753878806,1749589.0914287518,0,0
2026-01-04 11:51:00.790495,737035.891343398,1156798.1736534904,491.3572608955987,771.1987824356603,1893834.0649968886,0,0
2026-01-04 11:51:01.790495,764600.0227539432,1419825.4935604858,509.7333485026288,946.5503290403238,2184425.516314429,0,0
2026-01-04 11:51:02.790495,720039.6491784651,1341759.0825690872,480.0264327856434,894.5060550460581,2061798.7317475523,0,0
2026-01-04 11:51:03.790495,766819.5532985958,662281.4497074254,511.2130355323972,441.52096647161693,1429101.0030060213,0,0
2026-01-04 11:51:04.790495,611439.9714793164,1062972.2660184125,407.6266476528776,708.6481773456084,1674412.2374977288,0,0
2026-01-04 11:51:05.790495,696050.5816806206,1116835.1237295659,464.0337211204137,744.5567491530439,1812885.7054101864,0,0
2026-01-04 11:51:06.790495,901563.671537649,1262092.6894964667,601.042447691766,841.3951263309777,2163656.361034116,0,0
2026-01-04 11:51:07.790495,955192.1424017609,769217.2061983766,636.794761601174,512.8114707989178,1724409.3486001375,0,0
2026-01-04 11:51:08.790495,560636.4955706345,1123127.8533470214,373.7576637137563,748.7519022313476,1683764.3489176559,0,0
2026-01-04 11:51:09.790495,535188.5191505313,774694.2348534191,356.79234610035417,516.4628232356127,1309882.7540039504,0,0
2026-01-04 11:51:10.790495,566053.5113708671,1122876.4375913567,377.3690075805781,748.5842917275711,1688929.948962224,0,0
2026-01-04 11:51:11.790495,2881910.4505470064,2883346.939660444,583.761722732124,584.0526989348672,5765257.39020745,0,0
2026-01-04 11:51:12.790495,796773.9679812605,412192.6969913198,531.1826453208404,274.7951313275465,1208966.6649725803,0,0
2026-01-04 11:51:13.790495,480566.79616923886,656565.9014096169,320.37786411282593,437.7106009397446,1137132.6975788558,0,0
2026-01-04 11:51:14.790495,524591.2947431282,1145746.8080251296,349.72752982875215,763.8312053500864,1670338.102768258,0,0
2026-01-04 11:51:15.790495,983843.5828263,849820.8583465639,655.8957218841999,566.5472388977092,1833664.4411728638,0,0
2026-01-04 11:51:16.790495,663260.4062433775,910314.9474803933,442.17360416225165,606.8766316535956,1573575.3537237707,0,0
2026-01-04 11:51:17.790495,652319.9462897978,658308.1272445612,434.87996419319853,438.8720848297075,1310628.073534359,0,0
2026-01-04 11:51:18.790495,895558.1911994959,1028028.1518778503,597.0387941329973,685.3521012519002,1923586.3430773462,0,0
2026-01-04 11:51:19.790495,803933.6565029976,810294.468629511,535.9557710019984,540.196312419674,1614228.1251325086,0,0
2026-01-04 11:51:20.790495,661061.5727057755,1138188.5756511178,440.70771513718364,758.7923837674119,1799250.1483568936,0,0
2026-01-04 11:51:21.790495,490130.2435956234,918192.1300073314,326.7534957304156,612.1280866715542,1408322.373602955,0,0
2026-01-04 11:51:22.790495,724503.276873399,365143.03676371026,483.002184582266,243.42869117580685,1089646.3136371092,0,0
2026-01-04 11:51:23.790495,1008171.4973723697,534310.3923279028,672.1143315815798,356.2069282186019,1542481.8897002726,0,0
2026-01-04 11:51:24.790495,570146.1479948225,718129.6651714178,380.0974319965483,478.7531101142785,1288275.8131662402,0,0
2026-01-04 11:51:25.790495,838943.0434720692,1181572.3277487166,559.2953623147127,787.7148851658111,2020515.3712207857,0,0
2026-01-04 11:51:26.790495,2755624.424616119,1383108.9129638602,608.026446553645,305.18193627320755,4138733.337579979,0,0
2026-01-04 11:51:27.790495,828544.3522472535,1102387.720862022,552.362901498169,734.925147241348,1930932.0731092754,0,0
2026-01-04 11:51:28.790495,763083.1769954462,668453.0042077482,508.72211799696413,445.6353361384988,1431536.1812031944,0,0
2026-01-04 11:51:29.790495,843970.5871422532,476716.3689226098,562.6470580948354,317.81091261507316,1320686.956064863,0,0
2026-01-04 11:51:30.790495,1223828.3596948392,639651.2021875207,815.8855731298928,426.43413479168044,1863479.56188236,0,0
2026-01-04 11:51:31.790495,748092.424474284,1454186.9353164108,498.72828298285606,969.4579568776072,2202279.359790695,0,0
2026-01-04 11:51:32.790495,601742.8745013863,1202194.6842486311,401.1619163342575,801.4631228324207,1803937.5587500175,0,0
2026-01-04 11:51:33.790495,480778.4760267386,1004817.5068119622,320.51898401782574,669.8783378746415,1485595.9828387008,0,0
2026-01-04 11:51:34.790495,667562.4556537066,775766.6058731126,445.04163710247104,517.1777372487417,1443329.0615268191,0,0
2026-01-04 11:51:35.790495,1181401.5971773383,642032.0895628796,787.6010647848922,428.02139304191974,1823433.686740218,0,0
2026-01-04 11:51:36.790495,805583.5431031056,900041.782092965,537.0556954020705,600.0278547286433,1705625.3251960706,0,0
2026-01-04 11:51:37.790495,3779720.887600109,8232115.807109601,547.1320133460695,1191.6366921213798,12011836.694709709,0,0
2026-01-04 11:51:38.790495,853225.3678441101,1182337.77316154,568.8169118960734,788.2251821076934,2035563.1410056504,0,0
2026-01-04 11:51:39.790495,723123.7446278074,1232074.1192484507,482.08249641853826,821.3827461656339,1955197.8638762583,0,0
2026-01-04 11:51:40.790495,756723.1507848719,931838.6825696471,504.48210052324794,621.2257883797647,1688561.833354519,0,0
2026-01-04 11:51:41.790495,1127009.6254049453,874276.7312399638,751.3397502699636,582.8511541599759,2001286.3566449091,0,0
2026-01-04 11:51:42.790495,786233.8572596539,1145714.1966039191,524.1559048397693,763.8094644026128,1931948.053863573,0,0
2026-01-04 11:51:43.790495,698082.5754274786,1155487.6165956801,465.3883836183191,770.3250777304535,1853570.1920231588,0,0
2026-01-04 11:51:44.790495,917996.5182877727,1098546.97609519,611.9976788585151,732.3646507301266,2016543.4943829626,0,0
2026-01-04 11:51:45.790495,943157.6778153202,804307.33091914,628.7717852102135,536.2048872794267,1747465.0087344602,0,0
2026-01-04 11:51:46.790495,942869.7943424182,881686.5866859432,628.5798628949454,587.7910577906288,1824556.3810283614,0,0
2026-01-04 11:51:47.790495,755711.322098518,1253938.3603488912,503.8075480656787,835.9589068992608,2009649.6824474093,0,0
2026-01-04 11:51:48.790495,725146.7489899646,1227352.2775783064,483.4311659933097,818.2348517188709,1952499.026568271,0,0
2026-01-04 11:51:49.790495,1103124.0596534493,864030.6158011901,735.4160397689662,576.0204105341268,1967154.6754546396,0,0
2026-01-04 11:51:50.790495,1051267.8591215524,629589.0114936435,700.8452394143683,419.726007662429,1680856.870615196,0,0
2026-01-04 11:51:51.790495,1430555.7723347046,733677.8973462676,953.7038482231364,489.11859823084507,2164233.669680972,0,0
2026-01-04 11:51:52.790495,859307.0618301798,694408.2931077364,572.8713745534532,462.93886207182425,1553715.3549379162,0,0
2026-01-04 11:51:53.790495,1387513.412729285,1005751.4924774597,925.0089418195233,670.5009949849731,2393264.9052067446,0,0
2026-01-04 11:51:54.790495,708504.620809344,718115.7611089925,472.336413872896,478.74384073932833,1426620.3819183365,0,0
2026-01-04 11:51:55.790495,1189144.5269125963,1613005.125659344,792.7630179417308,1075.3367504395626,2802149.6525719403,0,0
2026-01-04 11:51:56.790495,798089.7822497113,1431417.7450247423,532.0598548331409,954.2784966831615,2229507.5272744535,0,0
2026-01-04 11:51:57.790495,690395.3868862502,1348341.3834746839,460.26359125750014,898.8942556497892,2038736.7703609338,0,0
2026-01-04 11:51:58.790495,1020235.7549954914,832318.9074717341,680.1571699969942,554.8792716478227,1852554.6624672255,0,0
2026-01-04 11:51:59.790495,4693163.422711859,2129514.3726972886,824.0734072018616,373.9218106707152,6822677.795409149,0,0
2026-01-04 11:52:00.790495,997485.1252060399,739877.4647831245,664.9900834706932,493.25164318874965,1737362.5899891644,0,0
2026-01-04 11:52:01.790495,588289.8282935214,595652.280520607,392.19321886234763,397.10152034707136,1183942.1088141284,0,0
2026-01-04 11:52:02.790495,1014056.9434512744,824517.907033663,676.0379623008496,549.6786046891086,1838574.8504849374,0,0
2026-01-04 11:52:03.790495,993991.7307016869,586318.5196972137,662.6611538011247,390.8790131314758,1580310.2503989006,0,0
2026-01-04 11:52:04.790495,1146892.6038859468,558116.0876574807,764.5950692572978,372.0773917716538,1705008.6915434275,0,0
2026-01-04 11:52:05.790495,630919.2743860466,1307747.1612260514,420.6128495906977,871.8314408173676,1938666.435612098,0,0
2026-01-04 11:52:06.790495,776573.4020996463,443972.7946920235,517.7156013997642,295.9818631280157,1220546.1967916698,0,0
2026-01-04 11:52:07.790495,677257.5957110978,1036910.0571159916,451.5050638073985,691.2733714106611,1714167.6528270894,0,0
2026-01-04 11:52:08.790495,1083931.117265474,724636.6961646787,722.6207448436494,483.0911307764524,1808567.8134301526,0,0
2026-01-04 11:52:09.790495,992230.7083159311,599744.9082263798,661.4871388772874,399.82993881758654,1591975.616542311,0,0
2026-01-04 11:52:10.790495,1855343.6638392513,2523396.9446383347,361.01098427366634,491.0001486258209,4378740.608477586,0,0
2026-01-04 11:52:11.790495,939742.2404916867,1213371.5203361881,626.4948269944579,808.9143468907921,2153113.7608278748,0,0
2026-01-04 11:52:12.790495,478551.903576686,868034.2558540757,319.03460238445734,578.6895039027171,1346586.1594307616,0,0
2026-01-04 11:52:13.790495,805465.7846820945,953606.8003204395,536.977189788063,635.737866880293,1759072.585002534,0,0
2026-01-04 11:52:14.790495,451965.87990159966,660541.8688183667,301.31058660106646,440.3612458789111,1112507.7487199663,0,0
2026-01-04 11:52:15.790495,1091027.498057731,517586.86336480104,727.3516653718207,345.05790890986736,1608614.361422532,0,0
2026-01-04 11:52:16.790495,411964.08570700703,818032.7971970027,274.64272380467133,545.3551981313351,1229996.8829040097,0,0
2026-01-04 11:52:17.790495,1168729.7733622529,763961.9638232227,779.1531822415019,509.30797588214847,1932691.7371854756,0,0
2026-01-04 11:52:18.790495,1246575.5647739447,599200.7242783523,831.0503765159631,399.4671495189016,1845776.2890522971,0,0
2026-01-04 11:52:19.790495,930331.6004619314,492947.29619349394,620.221066974621,328.6315307956626,1423278.8966554254,0,0
2026-01-04 11:52:20.790495,1259931.8532853068,654579.600712613,839.9545688568712,436.38640047507533,1914511.4539979198,0,0
2026-01-04 11:52:21.790495,738335.5472965147,1085548.8666994667,492.22369819767647,723.6992444663111,1823884.4139959814,0,0
2026-01-04 11:52:22.790495,652671.227408839,1190004.1426320244,435.1141516058927,793.3360950880162,1842675.3700408633,0,0
2026-01-04 11:52:23.790495,778528.4086112194,530447.9010430218,519.0189390741463,353.6319340286812,1308976.3096542412,0,0
2026-01-04 11:52:24.790495,1037952.2207121131,572612.8032639377,691.9681471414087,381.74186884262514,1610565.0239760508,0,0
2026-01-04 11:52:25.790495,2518100.3788503874,4548180.500958604,337.7267601089796,610.0004105796804,7066280.879808991,0,0
2026-01-04 11:52:26.790495,618407.372814579,801132.0624161714,412.27158187638605,534.0880416107809,1419539.4352307504,0,0
2026-01-04 11:52:27.790495,4953513.089872144,2855551.7829279415,675.9799697165788,389.6821856985495,7809064.872800086,0,1
2026-01-04 11:52:28.790495,743905.6332632896,521921.9611650709,495.9370888421931,347.94797411004726,1265827.5944283605,0,0
2026-01-04 11:52:29.790495,646687.2469607276,711922.625653566,431.12483130715174,474.61508376904396,1358609.8726142936,0,0
2026-01-04 11:52:30.790495,424732.3059640923,975441.3739444417,283.1548706427282,650.2942492962944,1400173.679908534,0,0
2026-01-04 11:52:31.790495,595292.6872567289,371033.84702796274,396.8617915044859,247.35589801864182,966326.5342846916,0,0
2026-01-04 11:52:32.790495,1651266.8309952205,879782.2678606779,1100.8445539968136,586.5215119071186,2531049.0988558982,0,0
2026-01-04 11:52:33.790495,730251.215185868,1153745.4800183775,486.8341434572453,769.163653345585,1883996.6952042454,0,0
2026-01-04 11:52:34.790495,993031.4768701552,630529.6389095492,662.0209845801035,420.35309260636615,1623561.1157797044,0,0
2026-01-04 11:52:35.790495,1156931.2111454317,647341.8170296352,771.2874740969545,431.56121135309013,1804273.028175067,0,0
2026-01-04 11:52:36.790495,810479.9161004997,1202284.2627851176,540.3199440669998,801.5228418567451,2012764.1788856173,0,0
2026-01-04 11:52:37.790495,954702.9728174476,629161.0095438709,636.468648544965,419.4406730292473,1583863.9823613185,0,0
2026-01-04 11:52:38.790495,561401.2926038518,1048880.6489965087,374.26752840256785,699.2537659976724,1610281.9416003604,0,0
2026-01-04 11:52:39.790495,1015194.0270504991,951448.2801484403,676.7960180336661,634.2988534322935,1966642.3071989394,0,0
2026-01-04 11:52:40.790495,753318.9807399007,747199.6485189867,502.2126538266005,498.1330990126578,1500518.6292588874,0,0
2026-01-04 11:52:41.790495,4163072.4641408003,1917358.3001305037,649.7928888151064,299.27074281483954,6080430.764271304,0,0
2026-01-04 11:52:42.790495,894740.6222888797,1346788.7597065119,596.4937481925865,897.8591731376746,2241529.3819953916,0,0
2026-01-04 11:52:43.790495,1062488.4078359685,909430.4133209034,708.325605223979,606.2869422139356,1971918.821156872,0,0
2026-01-04 11:52:44.790495,704878.619176804,1469045.1292995207,469.91907945120266,979.3634195330138,2173923.7484763246,0,0
2026-01-04 11:52:45.790495,943883.4425426682,1234383.1262239602,629.2556283617788,822.9220841493068,2178266.5687666284,0,0
2026-01-04 11:52:46.790495,988097.9518293153,1599076.6111707082,658.7319678862102,1066.0510741138055,2587174.5630000234,0,0
2026-01-04 11:52:47.790495,690900.9668635735,745388.1015255658,460.6006445757157,496.9254010170439,1436289.0683891394,0,0
2026-01-04 11:52:48.790495,1467253.1766566522,655453.5695187403,978.1687844377682,436.9690463458269,2122706.7461753925,0,0
2026-01-04 11:52:49.790495,594654.6109554303,1226620.6955871952,396.43640730362023,817.7471303914634,1821275.3065426254,0,0
2026-01-04 11:52:50.790495,1183381.9234445498,586413.5918399908,788.9212822963665,390.9423945599939,1769795.5152845406,0,0
2026-01-04 11:52:51.790495,987975.6584129524,1078308.3249878988,658.6504389419683,718.8722166585992,2066283.9834008513,0,0
2026-01-04 11:52:52.790495,859223.1918901219,795335.1090373318,572.8154612600813,530.2234060248878,1654558.3009274537,0,0
2026-01-04 11:52:53.790495,832112.3383185952,565459.5192920007,554.7415588790635,376.9730128613338,1397571.8576105959,0,0
2026-01-04 11:52:54.790495,860787.8920282525,682203.2672056557,573.8585946855017,454.8021781371038,1542991.1592339082,0,0
2026-01-04 11:52:55.790495,982575.8998564663,1388249.29988073,655.0505999043108,925.49953325382,2370825.1997371963,0,0
2026-01-04 11:52:56.790495,940147.629624727,1033665.7621649327,626.7650864164847,689.1105081099552,1973813.3917896596,0,0
2026-01-04 11:52:57.790495,1263145.7762906118,1157578.1792735863,842.0971841937412,771.7187861823909,2420723.955564198,0,0
2026-01-04 11:52:58.790495,724278.8527872977,953145.1395673323,482.85256852486515,635.4300930448883,1677423.99235463,0,0
2026-01-04 11:52:59.790495,753745.9884781586,992958.5592605404,502.49732565210576,661.9723728403603,1746704.547738699,0,0
2026-01-04 11:53:00.790495,819155.6756730339,743386.5625078339,546.1037837820226,495.5910416718893,1562542.2381808679,0,0
2026-01-04 11:53:01.790495,610866.3588467999,1083339.4757887505,407.24423923119997,722.2263171925003,1694205.8346355504,0,0
2026-01-04 11:53:02.790495,1024170.1345069521,1200796.672349206,682.7800896713014,800.5311148994706,2224966.806856158,0,0
2026-01-04 11:53:03.790495,1117856.4614462096,647700.0710693927,745.2376409641397,431.8000473795951,1765556.5325156022,0,0
2026-01-04 11:53:04.790495,506981.8105360115,1062373.6324878556,337.9878736906743,708.249088325237,1569355.4430238672,0,0
2026-01-04 11:53:05.790495,666255.2008781298,1240186.9030776655,444.1701339187532,826.7912687184437,1906442.1039557953,0,0
2026-01-04 11:53:06.790495,694415.4045870837,663840.4553516693,462.9436030580558,442.56030356777956,1358255.859938753,0,0
2026-01-04 11:53:07.790495,875366.8349153437,685493.4798346716,583.5778899435625,456.9956532231144,1560860.3147500153,0,0
2026-01-04 11:53:08.790495,835433.8143351029,1220004.321560822,556.9558762234019,813.3362143738813,2055438.1358959249,0,0
2026-01-04 11:53:09.790495,425056.2482716367,648998.5734423215,283.37083218109115,432.66571562821434,1074054.8217139582,0,0
2026-01-04 11:53:10.790495,592730.573457062,978563.7308216603,395.1537156380413,652.3758205477735,1571294.3042787223,0,0
2026-01-04 11:53:11.790495,699416.4791980789,708631.757327056,466.27765279871926,472.42117155137066,1408048.2365251349,0,0
2026-01-04 11:53:12.790495,714441.2734620671,661411.7558468468,476.29418230804475,440.9411705645646,1375853.029308914,0,0
2026-01-04 11:53:13.790495,555081.7214827106,526480.7323362046,370.0544809884737,350.9871548908031,1081562.4538189152,0,0
2026-01-04 11:53:14.790495,650887.2220855989,674952.457254801,433.9248147237326,449.96830483653395,1325839.6793403998,0,0
2026-01-04 11:53:15.790495,530045.5022154037,806264.404072038,353.36366814360247,537.509602714692,1336309.9062874417,0,0
2026-01-04 11:53:16.790495,1045759.2063309089,815320.3137980751,697.1728042206059,543.5468758653834,1861079.520128984,0,0
2026-01-04 11:53:17.790495,630250.3145115105,403883.4113118324,420.166876341007,269.2556075412216,1034133.7258233429,0,0
2026-01-04 11:53:18.790495,543991.2256194318,538732.9912422306,362.6608170796212,359.1553274948204,1082724.2168616625,0,0
2026-01-04 11:53:19.790495,3568133.0878301263,3202639.20623859,592.8255099812509,532.1007299867653,6770772.2940687165,0,0
2026-01-04 11:53:20.790495,2032136.6187401877,2231736.1435605506,417.9597684637559,459.01240754818565,4263872.762300738,0,0
2026-01-04 11:53:21.790495,1363110.8035392587,671126.202072297,908.7405356928391,447.417468048198,2034237.0056115557,0,0
2026-01-04 11:53:22.790495,793759.509191929,599957.4407690867,529.1730061279527,399.97162717939113,1393716.9499610157,0,0
2026-01-04 11:53:23.790495,865115.4282945652,738360.4447733379,576.7436188630435,492.2402965155586,1603475.873067903,0,0
2026-01-04 11:53:24.790495,3032891.4785686517,2345429.84190704,568.0466013009932,439.2882039135784,5378321.320475692,0,0
2026-01-04 11:53:25.790495,1231120.666238078,549310.5856252222,820.7471108253852,366.20705708348146,1780431.2518633,0,0
2026-01-04 11:53:26.790495,904917.0604775442,512085.4004319036,603.2780403183629,341.3902669546024,1417002.4609094479,0,0
2026-01-04 11:53:27.790495,577069.1190601706,771026.6803134838,384.71274604011376,514.0177868756559,1348095.7993736544,0,0
2026-01-04 11:53:28.790495,772369.8591563903,838087.473562064,514.9132394375936,558.7249823747094,1610457.3327184543,0,0
2026-01-04 11:53:29.790495,1130492.8456048998,725226.6264526651,753.6618970699332,483.48441763511005,1855719.4720575649,0,0
2026-01-04 11:53:30.790495,753209.0679674686,533022.9763506029,502.1393786449791,355.34865090040194,1286232.0443180716,0,0
2026-01-04 11:53:31.790495,988355.1495033869,862486.9633991305,658.903433002258,574.9913089327537,1850842.1129025174,0,0
2026-01-04 11:53:32.790495,507010.685922311,1064003.7681096296,338.0071239482073,709.3358454064197,1571014.4540319405,0,0
2026-01-04 11:53:33.790495,874620.9497330665,995837.7205884928,583.0806331553777,663.8918137256619,1870458.6703215593,0,0
2026-01-04 11:53:34.790495,771865.1364088217,813440.7930444947,514.5767576058811,542.2938620296632,1585305.9294533164,0,0
2026-01-04 11:53:35.790495,707989.2217601452,535890.4314017899,471.9928145067634,357.2602876011933,1243879.653161935,0,0
2026-01-04 11:53:36.790495,1483954.8629780407,705682.9284324582,989.3032419853605,470.4552856216388,2189637.791410499,0,0
2026-01-04 11:53:37.790495,1313372.2043361024,1079644.8295478213,875.5814695574015,719.7632196985476,2393017.0338839237,0,0
2026-01-04 11:53:38.790495,812904.8418236105,1016130.7327717539,541.9365612157403,677.4204885145026,1829035.5745953645,0,0
2026-01-04 11:53:39.790495,684370.9372959713,1508945.3186528303,456.24729153064754,1005.9635457685536,2193316.2559488015,0,1
2026-01-04 11:53:40.790495,1421999.9656948098,640657.5243313517,947.9999771298732,427.1050162209012,2062657.4900261615,0,0
2026-01-04 11:53:41.790495,727167.5297538474,572665.3205828335,484.7783531692316,381.77688038855564,1299832.850336681,1,0
2026-01-04 11:53:42.790495,877027.3113409209,712492.1122507865,584.6848742272806,474.99474150052436,1589519.4235917074,0,0
2026-01-04 11:53:43.790495,1282948.3150138839,551759.7869717786,855.2988766759225,367.83985798118573,1834708.1019856625,0,0
2026-01-04 11:53:44.790495,498303.2042055313,1082870.8346363178,332.20213613702083,721.9138897575452,1581174.0388418492,0,0
2026-01-04 11:53:45.790495,1072983.3855118542,1034535.0680540086,715.3222570079027,689.6900453693391,2107518.453565863,0,0
2026-01-04 11:53:46.790495,1297966.3365853082,586000.0686605116,865.3108910568722,390.6667124403411,1883966.4052458198,0,0
2026-01-04 11:53:47.790495,1368042.826941031,729375.9345732564,912.0285512940206,486.2506230488376,2097418.7615142874,0,0
2026-01-04 11:53:48.790495,623545.3353754205,782943.5158790626,415.6968902502803,521.962343919375,1406488.851254483,0,0
2026-01-04 11:53:49.790495,554905.8234212981,977710.4941556158,369.9372156141987,651.8069961037438,1532616.3175769139,0,0
2026-01-04 11:53:50.790495,503200.08402256016,1014711.4075383312,335.46672268170676,676.4742716922208,1517911.4915608913,0,0
2026-01-04 11:53:51.790495,1044277.2176368028,712623.0998295696,696.1848117578685,475.0820665530464,1756900.3174663724,0,0
2026-01-04 11:53:52.790495,615975.9439621067,1136890.6238414478,410.65062930807113,757.9270825609651,1752866.5678035545,0,0
2026-01-04 11:53:53.790495,994351.5149174005,1530187.9195394348,662.9010099449337,1020.1252796929566,2524539.4344568355,0,0
2026-01-04 11:53:54.790495,621175.2959733631,982299.8112073436,414.1168639822421,654.8665408048957,1603475.1071807067,0,0
2026-01-04 11:53:55.790495,520114.9749637843,1160430.7650641582,346.74331664252287,773.6205100427721,1680545.7400279425,0,0
2026-01-04 11:53:56.790495,1469773.7707214986,863199.3809614124,979.849180480999,575.466253974275,2332973.151682911,0,0
2026-01-04 11:53:57.790495,525281.9790438827,1143874.2628984014,350.1879860292551,762.5828419322676,1669156.241942284,0,0
2026-01-04 11:53:58.790495,514823.7912638098,1076749.1530189626,343.2158608425398,717.8327686793084,1591572.9442827725,0,0
2026-01-04 11:53:59.790495,1307652.7202226263,707681.8004171988,871.7684801484176,471.7878669447992,2015334.5206398251,0,0
2026-01-04 11:54:00.790495,770151.6153636859,1156293.564211475,513.4344102424573,770.8623761409833,1926445.1795751608,0,0
2026-01-04 11:54:01.790495,800424.0004746567,1307572.331087202,533.6160003164377,871.7148873914681,2107996.3315618588,0,0
2026-01-04 11:54:02.790495,838016.673587256,1087275.5250172757,558.677782391504,724.8503500115171,1925292.1986045316,0,0
2026-01-04 11:54:03.790495,587241.9524130053,944439.1494138401,391.49463494200353,629.6260996092268,1531681.1018268454,0,0
2026-01-04 11:54:04.790495,833235.3431132903,885718.9954503493,555.4902287421935,590.4793303002328,1718954.3385636394,0,0
2026-01-04 11:54:05.790495,960135.3688085437,1046821.792656423,640.0902458723624,697.8811951042819,2006957.1614649666,0,0
2026-01-04 11:54:06.790495,823081.2362729586,683413.4187625183,548.7208241819724,455.60894584167886,1506494.655035477,0,0
2026-01-04 11:54:07.790495,1153184.9741568316,874842.1295204299,768.789982771221,583.2280863469532,2028027.1036772616,0,0
2026-01-04 11:54:08.790495,599841.4364572538,509480.7105753116,399.8942909715025,339.6538070502078,1109322.1470325654,0,0
2026-01-04 11:54:09.790495,822146.7753789711,712406.5875165949,548.0978502526474,474.93772501106326,1534553.362895566,0,0
2026-01-04 11:54:10.790495,580018.5008667061,997103.9743018121,386.67900057780406,664.7359828678748,1577122.4751685183,0,0
2026-01-04 11:54:11.790495,780330.5371644236,796018.8970548697,520.2203581096157,530.6792647032464,1576349.4342192933,0,0
2026-01-04 11:54:12.790495,1051165.0433971738,709881.1231236078,700.7766955981158,473.2540820824052,1761046.1665207816,0,0
2026-01-04 11:54:13.790495,558833.423484279,941874.8152381397,372.555615656186,627.9165434920932,1500708.2387224187,0,0
2026-01-04 11:54:14.790495,405376.3774247591,670987.0037693747,270.2509182831727,447.3246691795831,1076363.3811941338,0,0
2026-01-04 11:54:15.790495,649193.2024439626,1261080.9898338616,432.79546829597507,840.720659889241,1910274.192277824,0,0
2026-01-04 11:54:16.790495,801249.519694885,584849.5550246227,534.1663464632567,389.89970334974845,1386099.0747195077,0,0
2026-01-04 11:54:17.790495,742330.8828327291,526622.1702399099,494.88725522181943,351.0814468266066,1268953.053072639,0,0
2026-01-04 11:54:18.790495,491818.96860556945,509535.5455179722,327.87931240371296,339.6903636786481,1001354.5141235417,0,0
2026-01-04 11:54:19.790495,843490.4346045094,487140.8003823446,562.3269564030063,324.7605335882297,1330631.234986854,1,0
2026-01-04 11:54:20.790495,802347.0559579573,782245.2570096481,534.8980373053049,521.4968380064321,1584592.3129676054,0,0
2026-01-04 11:54:21.790495,979123.6942069905,514921.13363373117,652.749129471327,343.2807557558208,1494044.8278407217,0,0
2026-01-04 11:54:22.790495,868731.9016178512,681213.7624935216,579.1546010785675,454.1425083290144,1549945.6641113728,0,0
2026-01-04 11:54:23.790495,877360.6526502203,658160.2292375322,584.9071017668135,438.77348615835484,1535520.8818877526,0,0
2026-01-04 11:54:24.790495,700198.8568288529,764641.9213050398,466.79923788590196,509.7612808700265,1464840.7781338927,0,0
2026-01-04 11:54:25.790495,486654.33747341787,981136.7581050334,324.4362249822786,654.0911720700223,1467791.0955784512,0,0
2026-01-04 11:54:26.790495,689374.1024267559,980276.1704108994,459.5827349511706,653.5174469405996,1669650.2728376554,0,0
2026-01-04 11:54:27.790495,772635.4458427358,580782.3419382329,515.0902972284905,387.1882279588219,1353417.7877809687,0,0
2026-01-04 11:54:28.790495,461904.79992751026,815633.7620779325,307.9365332850068,543.7558413852884,1277538.5620054428,0,0
2026-01-04 11:54:29.790495,848138.1168903551,621211.537999028,565.4254112602367,414.14102533268533,1469349.6548893831,0,0
2026-01-04 11:54:30.790495,786469.803754439,847424.7669607162,524.3132025029594,564.9498446404775,1633894.5707151552,0,0
2026-01-04 11:54:31.790495,668224.7597198664,993373.9233839331,445.48317314657766,662.2492822559554,1661598.6831037996,0,0
2026-01-04 11:54:32.790495,1008055.7047448584,572671.6373775986,672.0371364965723,381.7810915850657,1580727.342122457,0,0
2026-01-04 11:54:33.790495,863097.3513104379,1447050.2790707538,575.3982342069586,964.7001860471693,2310147.6303811916,0,0
2026-01-04 11:54:34.790495,785717.5541790652,1049519.0884613553,523.8117027860435,699.6793923075702,1835236.6426404205,0,0
2026-01-04 11:54:35.790495,2950710.109016339,4545717.957627528,438.01801320429286,674.7888727879302,7496428.066643868,0,0
2026-01-04 11:54:36.790495,725328.6036267332,1602390.573601838,483.5524024178221,1068.2603824012253,2327719.1772285714,0,0
2026-01-04 11:54:37.790495,1032757.9299845771,643463.0864385843,688.5052866563848,428.9753909590562,1676221.0164231614,0,0
2026-01-04 11:54:38.790495,756698.0951744546,821659.0185951691,504.4653967829697,547.772679063446,1578357.1137696237,0,0
2026-01-04 11:54:39.790495,1287616.5493689552,597845.6080860973,858.4110329126368,398.5637387240649,1885462.1574550525,0,0
2026-01-04 11:54:40.790495,840371.5126175226,1044745.2639904045,560.2476750783484,696.4968426602697,1885116.7766079272,0,0
2026-01-04 11:54:41.790495,1063396.8906316846,704801.7484887715,708.931260421123,469.86783232584764,1768198.639120456,0,0
2026-01-04 11:54:42.790495,675095.6322219626,1338511.8359256762,450.0637548146417,892.3412239504507,2013607.4681476387,0,0
2026-01-04 11:54:43.790495,1295610.116156837,764942.1232457882,863.7400774378913,509.9614154971921,2060552.2394026252,0,0
2026-01-04 11:54:44.790495,542959.0965946139,947796.1331882383,361.9727310630759,631.8640887921588,1490755.229782852,0,0
2026-01-04 11:54:45.790495,1430248.606440346,1237611.461774415,953.4990709602307,825.07430784961,2667860.068214761,0,0
2026-01-04 11:54:46.790495,860801.1137480924,1055800.4956858312,573.867409165395,703.8669971238875,1916601.6094339236,0,0
2026-01-04 11:54:47.790495,1000978.9657209978,733865.0838726667,667.3193104806652,489.2433892484445,1734844.0495936645,0,0
2026-01-04 11:54:48.790495,542935.9044076137,1103629.4188011072,361.9572696050758,735.7529458674048,1646565.323208721,0,0
2026-01-04 11:54:49.790495,654899.2620791742,816447.0561233152,436.59950805278277,544.2980374155435,1471346.3182024895,0,0
2026-01-04 11:54:50.790495,724143.0963187983,813419.1446681448,482.76206421253215,542.2794297787632,1537562.240986943,0,0
2026-01-04 11:54:51.790495,785768.827192292,992637.0563734802,523.8458847948613,661.7580375823202,1778405.8835657723,0,0
2026-01-04 11:54:52.790495,2817747.5120630357,3961447.931579466,514.9735741383535,723.9970903549244,6779195.443642502,0,0
2026-01-04 11:54:53.790495,960444.9616811592,1156555.9414062896,640.2966411207728,771.0372942708598,2117000.903087449,0,0
2026-01-04 11:54:54.790495,1495940.5967718977,710975.1494607386,997.2937311812651,473.98343297382576,2206915.7462326363,0,0
2026-01-04 11:54:55.790495,1339837.478179679,1022953.0550450103,893.2249854531193,681.9687033633402,2362790.5332246893,0,0
2026-01-04 11:54:56.790495,665941.190037173,1120798.9954781937,443.9607933581153,747.1993303187958,1786740.1855153667,0,0
2026-01-04 11:54:57.790495,535683.2653327753,1230092.4412573264,357.1221768885169,820.0616275048843,1765775.7065901016,0,0
2026-01-04 11:54:58.790495,1066007.6227750983,601228.8265238171,710.6717485167322,400.8192176825448,1667236.4492989155,0,0
2026-01-04 11:54:59.790495,1069714.7632161155,1020280.4342764603,713.1431754774104,680.1869561843068,2089995.1974925757,0,0
2026-01-04 11:55:00.790495,865501.3612976465,995173.622333488,577.0009075317644,663.4490815556586,1860674.9836311345,0,0
2026-01-04 11:55:01.790495,852365.8067056874,1503504.085242065,568.243871137125,1002.3360568280433,2355869.8919477523,0,0
2026-01-04 11:55:02.790495,570992.2664114144,1267629.4230906318,380.6615109409429,845.0862820604212,1838621.6895020464,0,0
2026-01-04 11:55:03.790495,931194.8408463398,797178.6936656168,620.7965605642265,531.4524624437445,1728373.5345119566,0,0
2026-01-04 11:55:04.790495,747291.6969479407,1233720.1912132085,498.1944646319605,822.4801274754723,1981011.8881611493,0,0
2026-01-04 11:55:05.790495,756562.9422108994,741330.7964995068,504.3752948072663,494.2205309996712,1497893.7387104062,0,0
2026-01-04 11:55:06.790495,716335.1896218184,920761.9646829752,477.5567930812122,613.8413097886502,1637097.1543047936,0,0
2026-01-04 11:55:07.790495,530964.7504911217,1132095.010549694,353.97650032741444,754.7300070331294,1663059.7610408156,0,0
2026-01-04 11:55:08.790495,859491.050926077,451019.52064336307,572.994033950718,300.67968042890874,1310510.57156944,0,0
2026-01-04 11:55:09.790495,785256.2944864564,908001.7931001885,523.5041963243043,605.334528733459,1693258.0875866448,0,0
2026-01-04 11:55:10.790495,1048832.827811461,708838.2325675602,699.2218852076406,472.5588217117068,1757671.060379021,0,1
2026-01-04 11:55:11.790495,710839.4440961906,683561.447028823,473.8929627307937,455.7076313525486,1394400.8911250136,0,0
2026-01-04 11:55:12.790495,538693.562724386,688827.3415267938,359.1290418162573,459.2182276845292,1227520.9042511797,0,0
2026-01-04 11:55:13.790495,875574.261284276,390365.21437146986,583.7161741895173,260.2434762476466,1265939.475655746,0,0
2026-01-04 11:55:14.790495,604544.8395388845,974824.170028999,403.029893025923,649.8827800193327,1579369.0095678833,0,0
2026-01-04 11:55:15.790495,478200.20774678304,616182.954687081,318.80013849785536,410.78863645805404,1094383.162433864,0,0
2026-01-04 11:55:16.790495,663342.9354167503,1238162.8805713642,442.2286236111668,825.4419203809094,1901505.8159881146,0,0
2026-01-04 11:55:17.790495,603964.0779702179,1405569.2775686714,402.64271864681194,937.0461850457809,2009533.3555388893,0,0
2026-01-04 11:55:18.790495,526035.2924652941,1011937.6369942697,350.69019497686276,674.6250913295131,1537972.929459564,0,0
2026-01-04 11:55:19.790495,1099027.4409708963,776221.9344470063,732.6849606472642,517.4812896313375,1875249.3754179026,0,0
2026-01-04 11:55:20.790495,1111712.2682619228,840183.7480335131,741.1415121746152,560.1224986890087,1951896.0162954358,0,0
2026-01-04 11:55:21.790495,855351.1009064247,1103054.0505001962,570.2340672709498,735.3693670001308,1958405.1514066209,0,0
2026-01-04 11:55:22.790495,523814.97469379724,1172603.3039660158,349.2099831291982,781.7355359773438,1696418.2786598129,0,0
2026-01-04 11:55:23.790495,371472.0661366738,827375.173278575,247.64804409111585,551.5834488523833,1198847.2394152486,0,0
2026-01-04 11:55:24.790495,796829.1066067255,577305.2485316648,531.2194044044836,384.87016568777653,1374134.3551383903,0,0
2026-01-04 11:55:25.790495,846539.985437189,705917.2879385361,564.3599902914593,470.61152529235744,1552457.2733757251,0,0
2026-01-04 11:55:26.790495,608422.6366874889,312615.5457813666,405.6150911249926,208.4103638542444,921038.1824688555,0,0
2026-01-04 11:55:27.790495,590682.0896264317,1108002.0528487586,393.78805975095446,738.6680352325058,1698684.1424751903,0,0
2026-01-04 11:55:28.790495,819136.0178862348,951696.002940875,546.0906785908232,634.4640019605833,1770832.02082711,0,0
2026-01-04 11:55:29.790495,944036.5627694046,573007.6480997002,629.3577085129364,382.0050987331335,1517044.2108691048,0,0
2026-01-04 11:55:30.790495,1089714.5648956224,1026488.6270010886,726.4763765970816,684.3257513340591,2116203.191896711,0,0
2026-01-04 11:55:31.790495,650642.5333534975,458964.9920743739,433.7616889023317,305.9766613829159,1109607.5254278714,0,0
2026-01-04 11:55:32.790495,832065.7773785552,556030.9572093731,554.7105182523701,370.68730480624873,1388096.7345879283,0,0
2026-01-04 11:55:33.790495,832078.79877937,906156.0012972162,554.7191991862467,604.1040008648108,1738234.8000765862,0,0
2026-01-04 11:55:34.790495,934566.7234472972,819664.6085110644,623.0444822981982,546.4430723407096,1754231.3319583617,0,0
2026-01-04 11:55:35.790495,2893651.704420302,4236355.814284182,636.3954726102306,931.6939065120076,7130007.518704484,0,0
2026-01-04 11:55:36.790495,608755.6122396329,1168000.4594147229,405.83707482642194,778.6669729431486,1776756.0716543556,0,0
2026-01-04 11:55:37.790495,1154398.726314425,1093623.8068502424,769.5991508762834,729.0825379001616,2248022.5331646674,0,0
2026-01-04 11:55:38.790495,405392.0161096574,598117.5634974501,270.26134407310496,398.7450423316334,1003509.5796071074,0,0
2026-01-04 11:55:39.790495,549859.9933222635,615357.8204123857,366.573328881509,410.23854694159047,1165217.8137346492,0,0
2026-01-04 11:55:40.790495,1018781.4131992828,1217119.6626444845,679.1876087995219,811.4131084296564,2235901.0758437673,0,0
2026-01-04 11:55:41.790495,859065.5794481143,695503.531021987,572.7103862987428,463.66902068132464,1554569.1104701012,0,0
2026-01-04 11:55:42.790495,919644.9501765217,1026478.9478221419,613.0966334510144,684.3192985480946,1946123.8979986636,1,0
2026-01-04 11:55:43.790495,993564.2183375688,1053595.7476395648,662.3761455583792,702.3971650930432,2047159.9659771335,0,0
2026-01-04 11:55:44.790495,759324.6560162398,1206897.8227892872,506.21643734415983,804.5985485261915,1966222.4788055269,0,0
2026-01-04 11:55:45.790495,862783.4638516137,1058451.6117327258,575.1889759010758,705.6344078218171,1921235.0755843394,0,0
2026-01-04 11:55:46.790495,593491.4303285087,966913.5817713548,395.66095355233915,644.6090545142365,1560405.0120998635,0,0
2026-01-04 11:55:47.790495,1503269.2318997711,716012.1653407256,1002.1794879331808,477.3414435604837,2219281.3972404967,0,0
2026-01-04 11:55:48.790495,660718.1105060437,1193051.3847030539,440.4787403373624,795.3675898020359,1853769.4952090976,0,0
2026-01-04 11:55:49.790495,766309.2686142328,1581251.305613685,510.8728457428218,1054.16753707579,2347560.5742279175,0,0
2026-01-04 11:55:50.790495,859934.2469595886,1275266.9634736294,573.289497973059,850.1779756490863,2135201.210433218,0,0
2026-01-04 11:55:51.790495,2005074.9431424388,3155675.8663702426,404.4186175779882,636.4919554585508,5160750.809512681,0,0
2026-01-04 11:55:52.790495,535033.84599152,1025824.1437894877,356.6892306610133,683.8827625263251,1560857.9897810076,0,0
2026-01-04 11:55:53.790495,1090102.3208829458,717186.0794334385,726.7348805886305,478.12405295562564,1807288.4003163842,0,0
2026-01-04 11:55:54.790495,1192299.735476447,599901.99764047,794.8664903176314,399.9346650936467,1792201.733116917,0,0
2026-01-04 11:55:55.790495,582724.3522024062,1016943.8616617233,388.48290146827077,677.962574441149,1599668.2138641295,0,0
2026-01-04 11:55:56.790495,1301452.6505684853,576157.6540375594,867.6351003789902,384.1051026917063,1877610.3046060447,0,0
2026-01-04 11:55:57.790495,860409.9012966091,1201350.951851241,573.606600864406,800.9006345674941,2061760.8531478501,0,0
2026-01-04 11:55:58.790495,1665204.8130087312,837904.512261657,1110.1365420058207,558.6030081744381,2503109.3252703883,0,0
2026-01-04 11:55:59.790495,1002617.8200798737,956054.012320487,668.4118800532491,637.3693415469913,1958671.8324003606,0,0
2026-01-04 11:56:00.790495,656807.0940389717,1091961.4796168455,437.87139602598114,727.9743197445637,1748768.573655817,0,0
2026-01-04 11:56:01.790495,535910.9637549117,1073826.5455166087,357.2739758366078,715.8843636777392,1609737.5092715207,0,0
2026-01-04 11:56:02.790495,921842.7179191086,686147.1083482989,614.5618119460723,457.4314055655326,1607989.8262674075,0,0
2026-01-04 11:56:03.790495,512966.6847956233,1124445.6395916382,341.97778986374885,749.6304263944255,1637412.3243872614,0,0
2026-01-04 11:56:04.790495,641840.7807568636,1485233.5362610153,427.8938538379091,990.1556908406769,2127074.317017879,0,0
2026-01-04 11:56:05.790495,830862.0909218935,842303.1046825093,553.9080606145957,561.5354031216729,1673165.1956044028,0,0
2026-01-04 11:56:06.790495,922078.8476849566,728785.9060668792,614.7192317899711,485.8572707112528,1650864.7537518358,0,0
2026-01-04 11:56:07.790495,2699837.408179901,3554003.29587803,541.0890503849906,712.2770662431055,6253840.704057931,0,0
2026-01-04 11:56:08.790495,526078.7313466072,1217195.5492764954,350.71915423107146,811.4636995176636,1743274.2806231026,0,0
2026-01-04 11:56:09.790495,586864.045185524,1263396.3296174456,391.2426967903494,842.2642197449637,1850260.3748029696,0,0
2026-01-04 11:56:10.790495,632171.9378364272,1040582.2824539492,421.44795855761816,693.7215216359662,1672754.2202903766,0,0
2026-01-04 11:56:11.790495,4259809.257456445,1910382.1323900714,894.5729323733123,401.1860726238729,6170191.389846517,0,0
2026-01-04 11:56:12.790495,1110238.8892511434,494558.1525260321,740.1592595007623,329.7054350173548,1604797.0417771756,0,0
2026-01-04 11:56:13.790495,706029.3406406628,569418.119813654,470.6862270937752,379.6120798757693,1275447.4604543168,0,0
2026-01-04 11:56:14.790495,929498.1988534245,443836.2875478429,619.665465902283,295.8908583652286,1373334.4864012673,0,0
2026-01-04 11:56:15.790495,1115479.5367645323,1016591.8125051409,743.6530245096882,677.7278750034272,2132071.349269673,0,0
2026-01-04 11:56:16.790495,490597.8025056605,971754.5093739729,327.06520167044033,647.8363395826486,1462352.3118796335,0,0
2026-01-04 11:56:17.790495,3105492.8884315635,3021417.3384642513,539.757836112113,525.1448781854207,6126910.226895815,0,0
2026-01-04 11:56:18.790495,586439.8962405318,752080.9427319522,390.9599308270212,501.3872951546348,1338520.838972484,0,0
2026-01-04 11:56:19.790495,725114.8721434737,807342.2074608714,483.4099147623158,538.2281383072476,1532457.0796043451,0,0
2026-01-04 11:56:20.790495,419330.27093054465,465520.3237670841,279.55351395369644,310.3468825113894,884850.5946976288,0,0
2026-01-04 11:56:21.790495,684101.5228823245,720970.5680920578,456.0676819215497,480.64704539470523,1405072.0909743824,0,0
2026-01-04 11:56:22.790495,920807.8448349455,416452.96821255225,613.8718965566303,277.6353121417015,1337260.8130474978,0,0
2026-01-04 11:56:23.790495,1070693.0698263962,696098.0137230667,713.7953798842641,464.06534248204446,1766791.0835494627,0,0
2026-01-04 11:56:24.790495,825066.869537542,420200.7610186149,550.0445796916947,280.1338406790766,1245267.6305561569,0,0
2026-01-04 11:56:25.790495,688989.4815834386,614469.5517384957,459.3263210556257,409.6463678256638,1303459.0333219343,0,0
2026-01-04 11:56:26.790495,877403.3701860041,609011.6947574331,584.9355801240027,406.0077965049554,1486415.0649434372,0,0
2026-01-04 11:56:27.790495,845773.629935167,817449.5745572734,563.8490866234447,544.9663830381822,1663223.2044924404,0,0
2026-01-04 11:56:28.790495,1715082.187144227,3274044.426801342,313.92526064155146,599.2746340319833,4989126.613945569,0,0
2026-01-04 11:56:29.790495,1099454.4618295392,558423.7595139366,732.9696412196928,372.2825063426244,1657878.2213434756,0,0
2026-01-04 11:56:30.790495,990878.3521171624,1074369.4143511497,660.5855680781083,716.2462762340998,2065247.7664683121,0,0
2026-01-04 11:56:31.790495,415513.4698079441,935454.0469752619,277.0089798719627,623.6360313168412,1350967.516783206,0,0
2026-01-04 11:56:32.790495,986080.6409530648,1145344.5430839506,657.3870939687099,763.5630287226338,2131425.1840370153,0,0
2026-01-04 11:56:33.790495,702621.110543944,522350.3778087717,468.4140736959627,348.23358520584776,1224971.4883527157,0,0
2026-01-04 11:56:34.790495,1170575.1520106483,873385.1611411476,780.3834346737655,582.2567740940984,2043960.3131517959,0,0
2026-01-04 11:56:35.790495,3816627.5278295176,1797783.1645481328,784.6245071857867,369.58930868285955,5614410.69237765,0,0
2026-01-04 11:56:36.790495,1305580.056789315,756506.82424193,870.38670452621,504.33788282795336,2062086.8810312452,0,0
2026-01-04 11:56:37.790495,686630.4054585489,759666.9651048194,457.75360363903263,506.4446434032129,1446297.3705633683,0,0
2026-01-04 11:56:38.790495,625042.2334741233,959566.6413227997,416.6948223160822,639.7110942151999,1584608.874796923,0,0
2026-01-04 11:56:39.790495,456816.7644130688,964083.4472641057,304.54450960871253,642.7222981760705,1420900.2116771745,0,0
2026-01-04 11:56:40.790495,1015502.3660481684,807215.8341631303,677.0015773654455,538.1438894420868,1822718.2002112987,0,0
2026-01-04 11:56:41.790495,1814340.5435966472,3605765.3200384183,367.0832346114883,729.530077250971,5420105.863635066,0,0
2026-01-04 11:56:42.790495,1043042.0602850422,592385.4687221994,695.3613735233614,394.9236458147996,1635427.5290072416,0,0
2026-01-04 11:56:43.790495,1234074.2078091865,692000.8033115045,822.7161385394577,461.33386887433636,1926075.0111206912,0,0
2026-01-04 11:56:44.790495,5095335.269138547,2296812.1815822376,841.0364194697781,379.1119899592166,7392147.450720784,0,0
2026-01-04 11:56:45.790495,890277.7486773019,589700.9996628866,593.5184991182012,393.13399977525773,1479978.7483401885,0,0
2026-01-04 11:56:46.790495,662974.6266231114,761119.1576650363,441.98308441540763,507.4127717766909,1424093.7842881477,0,0
2026-01-04 11:56:47.790495,1273485.2085601906,1116283.825556572,848.9901390401271,744.1892170377147,2389769.0341167627,0,0
2026-01-04 11:56:48.790495,526750.5024155255,1078731.0331054002,351.1670016103503,719.1540220702668,1605481.5355209257,0,0
2026-01-04 11:56:49.790495,793072.3482006331,646424.2520242484,528.714898800422,430.9495013494989,1439496.6002248814,0,0
2026-01-04 11:56:50.790495,708580.0364068714,1147341.2078245354,472.38669093791424,764.8941385496903,1855921.2442314068,0,0
2026-01-04 11:56:51.790495,1113748.0770495683,610801.8018777521,742.4987180330455,407.20120125183473,1724549.8789273205,0,0
2026-01-04 11:56:52.790495,836330.1194618512,1178021.0219294515,557.5534129745674,785.3473479529677,2014351.1413913027,0,0
2026-01-04 11:56:53.790495,998750.4820770452,918358.4350428813,665.8336547180302,612.2389566952542,1917108.9171199265,0,0
2026-01-04 11:56:54.790495,1269964.2941485748,875918.9150511816,846.6428627657166,583.9459433674543,2145883.2091997564,0,0
2026-01-04 11:56:55.790495,1435256.6258320927,708961.1067610356,956.8377505547285,472.6407378406904,2144217.7325931285,0,0
2026-01-04 11:56:56.790495,1185277.9284334152,669968.2296009575,790.1852856222769,446.64548640063833,1855246.1580343728,0,1
2026-01-04 11:56:57.790495,840020.4520171318,1403097.4416479343,560.0136346780879,935.3982944319562,2243117.893665066,0,0
2026-01-04 11:56:58.790495,1333695.4898298203,848964.090518146,889.1303265532135,565.9760603454307,2182659.5803479664,0,0
2026-01-04 11:56:59.790495,517566.9820897433,842297.1596898229,345.04465472649554,561.5314397932153,1359864.1417795662,0,0
2026-01-04 11:57:00.790495,2167560.147168988,4439307.962959961,369.8220460983036,757.4202525667445,6606868.110128949,0,0
2026-01-04 11:57:01.790495,1365669.049058629,876956.1582327469,910.4460327057526,584.6374388218312,2242625.207291376,0,0
2026-01-04 11:57:02.790495,381114.22878843406,799954.3335594509,254.07615252562272,533.3028890396339,1181068.562347885,0,0
2026-01-04 11:57:03.790495,709284.1491798407,631613.3819662137,472.8560994532271,421.0755879774758,1340897.5311460544,0,0
2026-01-04 11:57:04.790495,808013.1819844949,485763.1096210089,538.67545465633,323.8420730806726,1293776.2916055038,0,0
2026-01-04 11:57:05.790495,816442.5953498735,707001.6413518036,544.2950635665824,471.33442756786906,1523444.236701677,0,0
2026-01-04 11:57:06.790495,942451.6062748543,698296.626912169,628.3010708499029,465.5310846081127,1640748.2331870233,0,0
2026-01-04 11:57:07.790495,886699.8055932446,930994.5335812183,591.1332037288297,620.6630223874789,1817694.339174463,0,0
2026-01-04 11:57:08.790495,1175837.5019574987,690197.8956235949,783.8916679716658,460.1319304157299,1866035.3975810935,0,0
2026-01-04 11:57:09.790495,734291.857710164,1254247.4935572105,489.52790514010934,836.164995704807,1988539.3512673746,0,0
2026-01-04 11:57:10.790495,1776726.742779939,3282595.7776386878,240.9893221192878,445.2404031511579,5059322.520418627,0,0
2026-01-04 11:57:11.790495,1028287.069491445,810430.0901357775,685.5247129942967,540.286726757185,1838717.1596272225,0,0
2026-01-04 11:57:12.790495,898574.4322439742,1147452.9099233989,599.0496214959828,764.9686066155992,2046027.342167373,0,0
2026-01-04 11:57:13.790495,407129.14864720614,753907.6134217619,271.41943243147074,502.60507561450794,1161036.762068968,0,0
2026-01-04 11:57:14.790495,744562.6253479319,906478.7602173391,496.3750835652879,604.319173478226,1651041.3855652711,0,0
2026-01-04 11:57:15.790495,1000204.9770277414,853608.385260874,666.8033180184942,569.0722568405827,1853813.3622886154,0,0
2026-01-04 11:57:16.790495,1374688.6483847026,597617.5653309622,916.4590989231351,398.41171022064145,1972306.2137156648,0,0
2026-01-04 11:57:17.790495,1027914.456952371,565026.676817237,685.276304634914,376.68445121149136,1592941.133769608,0,0
2026-01-04 11:57:18.790495,3747411.938248974,1886777.7249480742,514.0906405664765,258.83857585145756,5634189.663197048,0,0
2026-01-04 11:57:19.790495,727316.0872657908,891546.4116080091,484.8773915105272,594.3642744053394,1618862.4988738,0,0
2026-01-04 11:57:20.790495,1146454.53751515,605410.5618362605,764.3030250101,403.60704122417366,1751865.0993514105,0,0
2026-01-04 11:57:21.790495,737881.111036801,617510.7359871224,491.92074069120065,411.67382399141496,1355391.8470239234,0,0
2026-01-04 11:57:22.790495,784227.0063137725,801999.0883125566,522.8180042091817,534.6660588750377,1586226.0946263291,0,0
2026-01-04 11:57:23.790495,1256584.9351033948,613010.2106463542,837.7232900689298,408.6734737642362,1869595.145749749,0,0
2026-01-04 11:57:24.790495,916331.9429402517,1079493.001015023,610.8879619601678,719.662000676682,1995824.9439552748,0,0
2026-01-04 11:57:25.790495,940929.6195844607,871225.8299766197,627.2864130563072,580.8172199844131,1812155.4495610804,0,0
2026-01-04 11:57:26.790495,642873.2583066399,1213828.8330656043,428.58217220442657,809.2192220437362,1856702.091372244,0,0
2026-01-04 11:57:27.790495,648348.0950293092,1072044.566719517,432.2320633528728,714.6963778130114,1720392.6617488263,0,0
2026-01-04 11:57:28.790495,935949.1962565028,533523.2674772812,623.9661308376685,355.6821783181874,1469472.463733784,0,0
2026-01-04 11:57:29.790495,985465.0283671435,952202.085616364,656.9766855780956,634.8013904109093,1937667.1139835075,0,0
2026-01-04 11:57:30.790495,1074517.9431195424,576566.087523855,716.3452954130283,384.37739168257,1651084.0306433975,0,0
2026-01-04 11:57:31.790495,1015343.0709981904,831355.1290203242,676.8953806654603,554.2367526802161,1846698.2000185146,0,0
2026-01-04 11:57:32.790495,969088.3991821549,832662.1323935426,646.0589327881032,555.1080882623617,1801750.5315756975,0,0
2026-01-04 11:57:33.790495,729144.4104995525,1011830.0369378522,486.09627366636835,674.5533579585681,1740974.4474374047,0,0
2026-01-04 11:57:34.790495,1325542.6789213642,675062.0823085788,883.6951192809095,450.04138820571916,2000604.761229943,0,0
2026-01-04 11:57:35.790495,824537.619299858,858887.0061270768,549.6917461999053,572.5913374180512,1683424.6254269348,0,0
2026-01-04 11:57:36.790495,864931.506294472,798566.2318687217,576.6210041963146,532.3774879124811,1663497.7381631937,0,0
2026-01-04 11:57:37.790495,1183415.6066095345,838793.3573477329,788.9437377396896,559.1955715651552,2022208.9639572673,0,0
2026-01-04 11:57:38.790495,742691.3744250494,1135307.8767347978,495.12758295003295,756.8719178231986,1877999.2511598472,0,0
2026-01-04 11:57:39.790495,1235016.120155742,756769.8727489992,823.344080103828,504.51324849933275,1991785.992904741,0,0
2026-01-04 11:57:40.790495,1123119.0823499935,1082825.1354295157,748.7460548999957,721.8834236196772,2205944.2177795093,0,0
2026-01-04 11:57:41.790495,988599.8102316454,1053048.3466327742,659.0665401544302,702.0322310885161,2041648.1568644196,0,0
2026-01-04 11:57:42.790495,872115.6513642467,1140348.3851059556,581.4104342428311,760.2322567373037,2012464.0364702025,0,0
2026-01-04 11:57:43.790495,1238945.7016585749,708643.9944701884,825.9638011057166,472.42932964679227,1947589.6961287633,0,0
2026-01-04 11:57:44.790495,1463632.6314559863,662200.1204248372,975.7550876373242,441.4667469498915,2125832.7518808236,0,0
2026-01-04 11:57:45.790495,850212.6171914483,984027.6755589129,566.8084114609655,656.0184503726086,1834240.2927503611,0,0
2026-01-04 11:57:46.790495,619730.0894976392,1335875.335759409,413.15339299842617,890.5835571729393,1955605.4252570483,0,0
2026-01-04 11:57:47.790495,946874.1221172292,1149327.506810948,631.2494147448194,766.2183378739653,2096201.6289281773,0,0
2026-01-04 11:57:48.790495,5446828.727814799,4179556.380586777,825.772980834072,633.6466416387308,9626385.108401576,0,0
2026-01-04 11:57:49.790495,1104667.684821076,530015.5682995612,736.4451232140507,353.34371219970745,1634683.2531206373,0,0
2026-01-04 11:57:50.790495,912220.5993347792,1697285.039675041,608.1470662231861,1131.5233597833608,2609505.6390098203,0,0
2026-01-04 11:57:51.790495,987470.2495113255,789346.7026250835,658.313499674217,526.231135083389,1776816.952136409,0,0
2026-01-04 11:57:52.790495,1166668.0382994083,556989.7391684639,777.7786921996055,371.32649277897593,1723657.7774678722,0,0
2026-01-04 11:57:53.790495,430593.5813143138,919534.8008300727,287.06238754287585,613.0232005533818,1350128.3821443866,0,0
2026-01-04 11:57:54.790495,1200036.7419321826,658256.1568008492,800.024494621455,438.83743786723284,1858292.898733032,0,0
2026-01-04 11:57:55.790495,749214.7036880398,1527384.2483931815,499.47646912535987,1018.2561655954543,2276598.952081221,0,0
2026-01-04 11:57:56.790495,1222122.3562536114,668623.9730233778,814.7482375024076,445.74931534891857,1890746.3292769892,0,0
2026-01-04 11:57:57.790495,867645.8397926153,718030.2091604508,578.4305598617435,478.68680610696725,1585676.048953066,0,0
2026-01-04 11:57:58.790495,891060.3583851933,645311.7962495919,594.0402389234622,430.2078641663946,1536372.1546347851,0,0
2026-01-04 11:57:59.790495,532408.0478554629,999622.9349906102,354.9386985703086,666.4152899937402,1532030.982846073,0,0
2026-01-04 11:58:00.790495,1003856.4452567452,873371.4372812435,669.2376301711635,582.2476248541624,1877227.8825379887,0,0
2026-01-04 11:58:01.790495,435257.5307273487,971148.0205924695,290.1716871515658,647.432013728313,1406405.5513198182,0,0
2026-01-04 11:58:02.790495,1075827.3271222366,818113.1788187242,717.218218081491,545.4087858791495,1893940.505940961,0,0
2026-01-04 11:58:03.790495,1371993.442159834,618466.0449547179,914.6622947732227,412.31069663647855,1990459.487114552,0,0
2026-01-04 11:58:04.790495,740918.9101603508,685181.3505401667,493.94594010690054,456.7875670267778,1426100.2607005176,0,0
2026-01-04 11:58:05.790495,853886.134504611,854687.3099691891,569.257423003074,569.7915399794595,1708573.4444738,0,0
2026-01-04 11:58:06.790495,390308.3809218092,905540.4645114957,260.20558728120614,603.6936430076638,1295848.8454333048,0,0
2026-01-04 11:58:07.790495,943552.7578291176,613695.4365432614,629.0351718860784,409.13029102884093,1557248.194372379,0,0
2026-01-04 11:58:08.790495,785579.5089144114,974698.0824401639,523.7196726096076,649.798721626776,1760277.5913545752,0,0
2026-01-04 11:58:09.790495,585889.1266391337,1029550.251723331,390.5927510927558,686.3668344822207,1615439.3783624647,0,0
2026-01-04 11:58:10.790495,662611.2795001343,769808.9862057765,441.74085300008954,513.205990803851,1432420.2657059107,0,0
2026-01-04 11:58:11.790495,967887.7111859174,639027.4757297322,645.2584741239449,426.0183171531548,1606915.1869156496,0,0
2026-01-04 11:58:12.790495,750414.8023644526,880769.6005647882,500.2765349096351,587.1797337098589,1631184.4029292408,0,0
2026-01-04 11:58:13.790495,646979.8304585805,870714.3441096536,431.319886972387,580.4762294064358,1517694.1745682342,0,0
2026-01-04 11:58:14.790495,645618.8505637933,642540.2136892161,430.4125670425289,428.3601424594774,1288159.0642530094,0,0
2026-01-04 11:58:15.790495,1156955.5831102761,582927.4069242734,771.3037220735174,388.6182712828489,1739882.9900345495,0,0
2026-01-04 11:58:16.790495,1049163.608530093,530064.4733464158,699.4424056867286,353.3763155642772,1579228.0818765087,0,0
2026-01-04 11:58:17.790495,2170083.1354353917,4779938.217359589,302.2254172135279,665.6974557366668,6950021.352794981,0,0
2026-01-04 11:58:18.790495,1016825.8351831883,686829.6820485911,677.8838901221255,457.8864546990607,1703655.5172317794,0,0
2026-01-04 11:58:19.790495,903414.6740799899,619335.7311768994,602.2764493866599,412.89048745126627,1522750.4052568893,0,0
2026-01-04 11:58:20.790495,726123.1962801623,454606.48058851575,484.0821308534415,303.0709870590105,1180729.676868678,0,0
2026-01-04 11:58:21.790495,1171384.7960536652,662771.0001796677,780.9231973691102,441.84733345311184,1834155.796233333,0,0
2026-01-04 11:58:22.790495,556904.8382427822,1180225.6695991938,371.2698921618548,786.8171130661292,1737130.507841976,0,0
2026-01-04 11:58:23.790495,1701578.1788546704,3484747.3483493724,299.2904989186791,612.9320330112818,5186325.527204042,0,0
2026-01-04 11:58:24.790495,617044.2463874421,1050250.3669184134,411.36283092496143,700.1669112789423,1667294.6133058555,1,0
2026-01-04 11:58:25.790495,634800.7675491812,446521.62686913286,423.2005116994542,297.6810845794219,1081322.394418314,0,0
2026-01-04 11:58:26.790495,916060.8055693336,617075.4076615091,610.707203712889,411.38360510767274,1533136.2132308427,0,0
2026-01-04 11:58:27.790495,885538.163506311,1471724.3772065043,590.358775670874,981.1495848043362,2357262.5407128152,0,0
2026-01-04 11:58:28.790495,944608.4061239788,1359790.637032857,629.7389374159859,906.527091355238,2304399.0431568357,0,0
2026-01-04 11:58:29.790495,810672.7659881897,1059410.9741131284,540.4485106587931,706.2739827420855,1870083.740101318,0,0
2026-01-04 11:58:30.790495,800281.5247818042,714228.4890226381,533.5210165212028,476.15232601509206,1514510.0138044422,0,0
2026-01-04 11:58:31.790495,1202099.9857167848,680212.2331472692,801.3999904778566,453.4748220981795,1882312.218864054,0,0
2026-01-04 11:58:32.790495,1301676.4044218918,1260901.6661908838,867.7842696145946,840.6011107939225,2562578.0706127756,0,0
2026-01-04 11:58:33.790495,535221.5335016836,1022463.2591428543,356.8143556677891,681.6421727619029,1557684.792644538,0,0
2026-01-04 11:58:34.790495,878227.8069615765,694068.6867095076,585.4852046410509,462.7124578063384,1572296.493671084,0,0
2026-01-04 11:58:35.790495,652929.3243049021,1144868.6195785096,435.28621620326805,763.2457463856731,1797797.9438834116,0,0
2026-01-04 11:58:36.790495,805361.156022356,1283829.649365282,536.9074373482373,855.886432910188,2089190.8053876378,0,0
2026-01-04 11:58:37.790495,774392.6236630894,1270293.0248998757,516.2617491087262,846.8620165999172,2044685.648562965,0,0
2026-01-04 11:58:38.790495,788889.4904466168,554110.4923040407,525.9263269644111,369.40699486936046,1342999.9827506575,0,0
2026-01-04 11:58:39.790495,876401.3229276815,1208643.6929713495,584.2675486184544,805.7624619808996,2085045.015899031,0,0
2026-01-04 11:58:40.790495,1389201.7538990965,721073.5818711027,926.1345025993977,480.7157212474018,2110275.335770199,0,0
2026-01-04 11:58:41.790495,2544925.256388061,4167647.2731458787,345.6843777509998,566.1032875864553,6712572.52953394,0,0
2026-01-04 11:58:42.790495,960473.9201391767,698094.9951630203,640.3159467594511,465.39666344201356,1658568.915302197,0,0
2026-01-04 11:58:43.790495,1211688.8394096633,1016589.8663317617,807.7925596064422,677.7265775545078,2228278.705741425,0,0
2026-01-04 11:58:44.790495,763904.2915648833,884590.8678257995,509.2695277099222,589.7272452171997,1648495.1593906828,0,0
2026-01-04 11:58:45.790495,1027908.1097957289,1119071.7099783353,685.2720731971526,746.0478066522236,2146979.8197740642,0,0
2026-01-04 11:58:46.790495,1142415.009019668,1113381.721304197,761.610006013112,742.2544808694647,2255796.730323865,0,0
2026-01-04 11:58:47.790495,1251782.1937868453,633546.7466920252,834.5214625245635,422.3644977946835,1885328.9404788706,0,0
2026-01-04 11:58:48.790495,926399.0132731871,1186782.8419112577,617.5993421821247,791.1885612741718,2113181.8551844447,0,0
2026-01-04 11:58:49.790495,713444.1266237119,812656.3753544813,475.6294177491413,541.7709169029876,1526100.5019781932,0,0
2026-01-04 11:58:50.790495,1336398.134089715,1233163.6826910817,890.9320893931434,822.1091217940544,2569561.8167807967,0,0
2026-01-04 11:58:51.790495,762708.4536678791,1251235.3964072315,508.47230244525275,834.1569309381543,2013943.8500751106,0,0
2026-01-04 11:58:52.790495,831668.6164958292,742529.0066790023,554.4457443305528,495.01933778600153,1574197.6231748315,0,0
2026-01-04 11:58:53.790495,755226.0736531777,1256423.9970382275,503.4840491021185,837.615998025485,2011650.070691405,0,0
2026-01-04 11:58:54.790495,781579.4685876868,535657.519886397,521.0529790584578,357.10501325759805,1317236.9884740838,0,0
2026-01-04 11:58:55.790495,677322.8428659622,899758.4234157159,451.54856191064147,599.8389489438106,1577081.266281678,0,0
2026-01-04 11:58:56.790495,1066636.1344154105,1063463.467101737,711.0907562769403,708.9756447344913,2130099.6015171474,0,0
2026-01-04 11:58:57.790495,1126773.524777201,518000.3539864111,751.1823498514674,345.3335693242741,1644773.8787636121,0,0
2026-01-04 11:58:58.790495,1119678.2343220164,957943.9979811421,746.4521562146775,638.6293319874281,2077622.2323031584,0,0
2026-01-04 11:58:59.790495,904846.7327479841,848333.9677273796,603.2311551653228,565.5559784849197,1753180.7004753638,0,0
2026-01-04 11:59:00.790495,1251556.308432177,801241.5550017697,834.370872288118,534.1610366678465,2052797.8634339466,0,1
2026-01-04 11:59:01.790495,817753.1940812264,703639.780179674,545.1687960541509,469.09318678644934,1521392.9742609004,0,0
2026-01-04 11:59:02.790495,902604.5547962398,718283.9561568056,601.7363698641599,478.8559707712038,1620888.5109530455,0,0
2026-01-04 11:59:03.790495,1114380.1040966185,1150503.0764793004,742.9200693977457,767.0020509862003,2264883.180575919,0,0
2026-01-04 11:59:04.790495,570010.0090984137,1259859.0303811128,380.00667273227583,839.9060202540752,1829869.0394795267,0,0
2026-01-04 11:59:05.790495,822494.6280753559,1198143.1598764127,548.3297520502373,798.7621065842751,2020637.7879517686,0,0
2026-01-04 11:59:06.790495,1108996.4194200947,629255.7633730696,739.3309462800631,419.50384224871306,1738252.1827931642,0,0
2026-01-04 11:59:07.790495,1221374.117201728,719811.7997597574,814.2494114678187,479.8745331731716,1941185.9169614855,0,0
2026-01-04 11:59:08.790495,567865.7701210699,965575.2461598063,378.5771800807132,643.7168307732042,1533441.016280876,0,0
2026-01-04 11:59:09.790495,669955.8749716842,901221.7244929093,446.6372499811228,600.8144829952729,1571177.5994645935,0,0
2026-01-04 11:59:10.790495,651947.8747689625,582735.9154129314,434.6319165126417,388.49061027528757,1234683.7901818939,0,0
2026-01-04 11:59:11.790495,607960.4140132621,1210900.007148967,405.3069426755081,807.2666714326446,1818860.421162229,0,0
2026-01-04 11:59:12.790495,920149.4388635781,397927.4801967488,613.4329592423854,265.2849867978325,1318076.9190603269,0,0
2026-01-04 11:59:13.790495,1122894.0037189762,567032.9950967982,748.5960024793175,378.0219967311988,1689926.9988157745,0,0
2026-01-04 11:59:14.790495,473931.47519152984,987266.4738880619,315.95431679435325,658.177649258708,1461197.9490795918,0,0
2026-01-04 11:59:15.790495,1095554.2939107805,792613.3888453577,730.3695292738537,528.4089258969051,1888167.6827561383,0,0
2026-01-04 11:59:16.790495,478083.5685246721,919475.7051454195,318.7223790164481,612.9838034302796,1397559.2736700915,0,0
2026-01-04 11:59:17.790495,723176.931240562,1039425.2414531668,482.11795416037467,692.9501609687778,1762602.172693729,0,0
2026-01-04 11:59:18.790495,1631826.1716827552,2639325.5545854256,287.1596789055901,464.4538076016438,4271151.726268181,0,0
2026-01-04 11:59:19.790495,979935.6665885664,609748.2150630275,653.2904443923776,406.4988100420183,1589683.8816515938,0,0
2026-01-04 11:59:20.790495,539835.8153955123,758286.9323487416,359.89054359700816,505.5246215658277,1298122.7477442538,0,0
2026-01-04 11:59:21.790495,993176.5635346831,612036.927905391,662.1177090231221,408.024618603594,1605213.491440074,0,0
2026-01-04 11:59:22.790495,1076557.6113661695,485478.040666004,717.705074244113,323.65202711066934,1562035.6520321735,0,0
2026-01-04 11:59:23.790495,611705.1340170724,1027339.3214597208,407.80342267804826,684.8928809731473,1639044.4554767932,0,0
2026-01-04 11:59:24.790495,841760.1643916131,924637.5201088595,561.173442927742,616.4250134059064,1766397.6845004726,0,0
2026-01-04 11:59:25.790495,895545.6105557468,507785.0740384166,597.0304070371645,338.5233826922777,1403330.6845941634,0,0
2026-01-04 11:59:26.790495,603778.0782468228,685822.5171027828,402.5187188312152,457.21501140185524,1289600.5953496057,0,0
2026-01-04 11:59:27.790495,1123925.667003772,861631.6542473269,749.2837780025146,574.4211028315513,1985557.3212510988,0,0
2026-01-04 11:59:28.790495,700644.3275228128,866050.2922912474,467.09621834854187,577.3668615274983,1566694.6198140602,0,0
2026-01-04 11:59:29.790495,829153.435958567,381924.53411218215,552.7689573057113,254.61635607478811,1211077.970070749,0,0
2026-01-04 11:59:30.790495,1086137.3643938585,1375680.998507745,724.0915762625723,917.12066567183,2461818.362901604,0,0
2026-01-04 11:59:31.790495,676003.8854818961,1245379.2556591649,450.66925698793074,830.25283710611,1921383.141141061,0,0
2026-01-04 11:59:32.790495,1294609.1814360751,763214.8482136303,863.0727876240501,508.80989880908686,2057824.0296497054,0,0
2026-01-04 11:59:33.790495,1162104.7531871605,713206.9660154243,774.7365021247737,475.47131067694954,1875311.7192025848,0,0
2026-01-04 11:59:34.790495,574545.2359031631,537733.4129630948,383.0301572687754,358.48894197539653,1112278.6488662579,0,0
2026-01-04 11:59:35.790495,543641.85938645,1067489.0495873485,362.42790625763337,711.6593663915656,1611130.9089737984,0,0
2026-01-04 11:59:36.790495,1102562.6391868996,764176.6407132196,735.041759457933,509.4510938088131,1866739.2799001194,1,0
2026-01-04 11:59:37.790495,777939.2262724292,1101797.358742277,518.6261508482861,734.5315724948513,1879736.585014706,0,0
2026-01-04 11:59:38.790495,1246453.636906028,822628.7950912417,830.9690912706853,548.4191967274945,2069082.4319972699,0,0
2026-01-04 11:59:39.790495,1056129.551896896,704652.9234035859,704.086367931264,469.7686156023906,1760782.4753004818,0,0
2026-01-04 11:59:40.790495,1134792.247945537,812360.6371919619,756.5281652970248,541.5737581279745,1947152.8851374988,0,0
2026-01-04 11:59:41.790495,592278.3875873727,763433.9679740916,394.8522583915818,508.9559786493944,1355712.3555614643,1,0
2026-01-04 11:59:42.790495,1057338.1489467497,1326689.266601384,704.8920992978332,884.4595110675892,2384027.4155481337,0,0
2026-01-04 11:59:43.790495,2940927.612154574,4199615.161664261,586.5184081647295,837.5424098654499,7140542.773818835,0,0
2026-01-04 11:59:44.790495,765998.465863174,1498535.1517939896,510.6656439087826,999.0234345293264,2264533.6176571636,0,0
2026-01-04 11:59:45.790495,1046799.1582754636,1009942.6456972728,697.8661055169757,673.2950971315153,2056741.8039727365,0,0
2026-01-04 11:59:46.790495,1082422.5134719198,937641.1454396418,721.6150089812799,625.0940969597611,2020063.6589115616,0,0
2026-01-04 11:59:47.790495,1162722.039746185,588425.1598306268,775.1480264974567,392.2834398870845,1751147.1995768119,0,0
2026-01-04 11:59:48.790495,1534206.3509031592,794560.3362790507,1022.8042339354395,529.7068908527004,2328766.68718221,0,0
2026-01-04 11:59:49.790495,1167107.951521895,907775.9311064339,778.0719676812632,605.1839540709559,2074883.8826283289,0,0
2026-01-04 11:59:50.790495,1110194.458637923,1390052.77102475,740.1296390919487,926.7018473498334,2500247.229662673,0,0
2026-01-04 11:59:51.790495,1098280.1585698635,909206.2229889493,732.186772379909,606.1374819926328,2007486.3815588127,0,0
2026-01-04 11:59:52.790495,778671.9377626415,688091.272032227,519.1146251750943,458.72751468815136,1466763.2097948685,0,0
2026-01-04 11:59:53.790495,772075.1358678528,1446459.3390158135,514.7167572452353,964.3062260105423,2218534.4748836663,0,0
2026-01-04 11:59:54.790495,1095984.1865892059,832220.9769256708,730.6561243928039,554.8139846171139,1928205.1635148765,0,0
2026-01-04 11:59:55.790495,599788.5583048271,1103981.7894555554,399.8590388698847,735.9878596370369,1703770.3477603826,0,0
2026-01-04 11:59:56.790495,843444.2474541292,1667456.1405250365,562.2961649694195,1111.637427016691,2510900.3879791657,0,0
2026-01-04 11:59:57.790495,665545.2471448806,786370.8581347611,443.6968314299204,524.2472387565074,1451916.1052796417,0,0
2026-01-04 11:59:58.790495,1469520.9349878165,866160.6334567992,979.680623325211,577.4404223045328,2335681.5684446157,0,0
2026-01-04 11:59:59.790495,496998.32456072007,935951.5991789951,331.33221637381337,623.9677327859968,1432949.9237397152,0,0
2026-01-04 12:00:00.790495,457190.392338731,283692.2152629852,304.7935948924873,189.1281435086568,740882.6076017162,0,0
2026-01-04 12:00:01.790495,385278.8409506279,517998.8395779646,256.852560633752,345.3325597186431,903277.6805285926,0,0
2026-01-04 12:00:02.790495,398286.4976802398,217137.6328830781,265.5243317868265,144.75842192205207,615424.1305633179,0,0
2026-01-04 12:00:03.790495,290225.1111643259,132614.3838088559,193.48340744288393,88.40958920590393,422839.4949731818,0,0
2026-01-04 12:00:04.790495,90740.62909950569,195689.9573366081,60.493752733003795,130.45997155773873,286430.58643611375,0,0
2026-01-04 12:00:05.790495,213720.5298440533,343586.60865892936,142.48035322936886,229.0577391059529,557307.1385029827,0,0
2026-01-04 12:00:06.790495,362652.8933051028,422461.0701900306,241.7685955367352,281.64071346002044,785113.9634951334,0,0
2026-01-04 12:00:07.790495,283272.56155616784,397958.49180944765,188.84837437077857,265.30566120629845,681231.0533656155,0,0
2026-01-04 12:00:08.790495,258319.7689425874,289484.03062525415,172.21317929505827,192.98935375016944,547803.7995678416,0,0
2026-01-04 12:00:09.790495,545482.6734011291,356605.2972231462,363.6551156007527,237.7368648154308,902087.9706242753,0,0
2026-01-04 12:00:10.790495,124234.32796531543,271153.9329985671,82.82288531021028,180.7692886657114,395388.26096388255,0,0
2026-01-04 12:00:11.790495,555085.3701877184,514859.40432063024,370.05691345847896,343.23960288042014,1069944.7745083487,0,0
2026-01-04 12:00:12.790495,407130.7202035963,188315.70788992185,271.4204801357309,125.5438052599479,595446.4280935181,0,0
2026-01-04 12:00:13.790495,313746.2017323356,175216.2636893736,209.16413448822374,116.81084245958239,488962.46542170923,0,0
2026-01-04 12:00:14.790495,271398.89950836566,347221.2697993904,180.93259967224378,231.48084653292693,618620.169307756,0,0
2026-01-04 12:00:15.790495,72592.76879376655,40873.27975865211,48.395179195844364,27.248853172434742,113466.04855241865,0,0
2026-01-04 12:00:16.790495,287593.09425545926,351582.01743191713,191.7287295036395,234.38801162127808,639175.1116873764,0,0
2026-01-04 12:00:17.790495,111409.07700546556,110543.33766954309,74.2727180036437,73.69555844636206,221952.41467500865,0,0
2026-01-04 12:00:18.790495,221497.47349797413,216621.0606342243,147.66498233198274,144.41404042281619,438118.53413219843,0,0
2026-01-04 12:00:19.790495,176357.97006181825,114854.06961139583,117.57198004121217,76.56937974093056,291212.0396732141,0,0
2026-01-04 12:00:20.790495,502947.01890105987,318133.83381081326,335.29801260070656,212.08922254054218,821080.8527118731,0,0
2026-01-04 12:00:21.790495,240961.11921612857,133810.91677689113,160.6407461440857,89.20727785126076,374772.0359930197,0,0
2026-01-04 12:00:22.790495,122100.37772740891,56887.40822399285,81.40025181827261,37.92493881599523,178987.78595140175,0,0
2026-01-04 12:00:23.790495,488019.6857353065,450980.9245908891,325.346457156871,300.6539497272594,939000.6103261956,0,0
2026-01-04 12:00:24.790495,256299.77017963034,347680.581063033,170.8665134530869,231.78705404202202,603980.3512426633,0,0
2026-01-04 12:00:25.790495,352058.44459643896,353811.1503465329,234.70562973095932,235.8741002310219,705869.5949429718,0,0
2026-01-04 12:00:26.790495,200338.6026879167,198429.64226834438,133.55906845861114,132.28642817889624,398768.2449562611,0,0
2026-01-04 12:00:27.790495,143769.817172487,212109.9700353582,95.846544781658,141.4066466902388,355879.7872078452,0,0
2026-01-04 12:00:28.790495,465952.7087759668,310009.7316646002,310.63513918397786,206.6731544430668,775962.440440567,0,0
2026-01-04 12:00:29.790495,640097.152827809,341558.19179006555,426.73143521853933,227.70546119337703,981655.3446178746,0,0
2026-01-04 12:00:30.790495,78353.49981200894,129855.43471270944,52.2356665413393,86.57028980847296,208208.93452471838,0,0
2026-01-04 12:00:31.790495,281714.2017099978,245250.81766831706,187.8094678066652,163.50054511221137,526965.0193783148,0,0
2026-01-04 12:00:32.790495,77599.57784298858,170349.91867028148,51.73305189532572,113.56661244685432,247949.49651327007,0,0
2026-01-04 12:00:33.790495,427665.74814786954,203954.11083352222,285.11049876524635,135.96940722234814,631619.8589813918,0,0
2026-01-04 12:00:34.790495,791708.6931471756,429785.3334184141,527.8057954314504,286.5235556122761,1221494.0265655897,0,0
2026-01-04 12:00:35.790495,171341.6421053446,118275.75443633043,114.22776140356306,78.85050295755362,289617.396541675,0,0
2026-01-04 12:00:36.790495,296352.6116699194,547588.5234867604,197.56840777994626,365.0590156578403,843941.1351566798,0,0
2026-01-04 12:00:37.790495,703436.7006964739,305996.345372189,468.95780046431594,203.99756358145933,1009433.0460686629,0,0
2026-01-04 12:00:38.790495,661637.3244886328,421307.28092845535,441.09154965908857,280.87152061897024,1082944.6054170881,0,0
2026-01-04 12:00:39.790495,692556.3409721374,330606.93835012644,461.70422731475827,220.40462556675095,1023163.2793222638,0,0
2026-01-04 12:00:40.790495,756379.2992627567,404006.6285752717,504.25286617517116,269.33775238351444,1160385.9278380284,0,0
2026-01-04 12:00:41.790495,513112.1433765827,259406.22421890782,342.0747622510551,172.93748281260523,772518.3675954905,0,0
2026-01-04 12:00:42.790495,1095688.0222476558,487069.37405228475,730.4586814984372,324.7129160348565,1582757.3962999405,0,0
2026-01-04 12:00:43.790495,611311.6813027933,331469.71196887974,407.5411208685289,220.97980797925317,942781.3932716731,0,0
2026-01-04 12:00:44.790495,706416.4995982421,448121.39708236465,470.94433306549473,298.74759805490976,1154537.8966806068,0,0
2026-01-04 12:00:45.790495,392089.54258444614,395967.75934212445,261.3930283896308,263.97850622808295,788057.3019265706,0,0
2026-01-04 12:00:46.790495,174072.75175453114,219985.29922162896,116.04850116968743,146.65686614775265,394058.0509761601,0,0
2026-01-04 12:00:47.790495,859341.3690215021,656487.0597914336,572.8942460143347,437.65803986095574,1515828.4288129357,0,0
2026-01-04 12:00:48.790495,320064.6461116921,612585.1958287626,213.37643074112808,408.3901305525084,932649.8419404548,0,0
2026-01-04 12:00:49.790495,411833.60318013345,400175.07122189814,274.5557354534223,266.78338081459873,812008.6744020316,0,0
2026-01-04 12:00:50.790495,524036.04445022077,435484.5805695477,349.35736296681387,290.3230537130318,959520.6250197685,0,0
2026-01-04 12:00:51.790495,492250.3872453844,572059.4469974202,328.1669248302563,381.3729646649468,1064309.8342428047,0,0
2026-01-04 12:00:52.790495,605683.3862425021,559671.0560763662,403.7889241616681,373.11403738424417,1165354.4423188684,0,0
2026-01-04 12:00:53.790495,594349.7068432271,365481.5436730574,396.2331378954848,243.65436244870494,959831.2505162846,0,0
2026-01-04 12:00:54.790495,188151.486152084,279988.8422787853,125.43432410138932,186.65922818585688,468140.3284308693,0,0
2026-01-04 12:00:55.790495,433335.73112639174,261339.83399440962,288.8904874175945,174.22655599627308,694675.5651208013,0,0
2026-01-04 12:00:56.790495,454650.0965474568,448904.74538333656,303.1000643649712,299.2698302555577,903554.8419307934,0,0
2026-01-04 12:00:57.790495,819521.6825118389,661009.7953500822,546.3477883412259,440.6731969000548,1480531.477861921,0,0
2026-01-04 12:00:58.790495,857223.9748095582,498113.0905812978,571.4826498730388,332.07539372086524,1355337.065390856,0,0
2026-01-04 12:00:59.790495,158334.63588670324,251463.25714539763,105.55642392446883,167.64217143026508,409797.89303210087,0,0
2026-01-04 12:01:00.790495,291133.018984746,515544.2930363029,194.088679323164,343.69619535753526,806677.312021049,0,0
2026-01-04 12:01:01.790495,0.0,0.0,0.0,0.0,0.0,0,0
2026-01-04 12:01:02.790495,105883.6624086735,206989.86639776453,70.589108272449,137.99324426517634,312873.52880643803,0,0
2026-01-04 12:01:03.790495,342710.7612111194,554413.3019389699,228.47384080741296,369.6088679593133,897124.0631500892,0,0
2026-01-04 12:01:04.790495,233656.36563980774,397644.851672231,155.7709104265385,265.09656778148735,631301.2173120388,0,0
2026-01-04 12:01:05.790495,398297.01906864555,298515.1510853671,265.5313460457637,199.01010072357806,696812.1701540126,0,0
2026-01-04 12:01:06.790495,222130.23463803306,431013.2556220292,148.08682309202203,287.3421704146861,653143.4902600623,0,0
2026-01-04 12:01:07.790495,207172.35212701745,117094.91542333236,138.11490141801164,78.06327694888824,324267.2675503498,0,0
2026-01-04 12:01:08.790495,557621.1098175566,383127.5931961033,371.74740654503773,255.41839546406885,940748.7030136599,0,0
2026-01-04 12:01:09.790495,232907.69411626624,231639.65708987255,155.27179607751083,154.42643805991503,464547.3512061388,0,0
2026-01-04 12:01:10.790495,112155.15863635282,163068.90959319298,74.77010575756854,108.71260639546199,275224.0682295458,0,0
2026-01-04 12:01:11.790495,353592.56177637295,801147.3723557944,235.72837451758195,534.0982482371962,1154739.9341321674,0,0
2026-01-04 12:01:12.790495,340493.9853390667,170085.5905629123,226.99599022604448,113.39039370860819,510579.575901979,0,0
2026-01-04 12:01:13.790495,141460.4048865956,76552.09950667273,94.30693659106375,51.03473300444849,218012.50439326835,0,0
2026-01-04 12:01:14.790495,310247.5655156356,365557.8000621704,206.83171034375707,243.70520004144694,675805.365577806,0,0
2026-01-04 12:01:15.790495,229425.05759945267,529440.3536046839,152.9500383996351,352.9602357364559,758865.4112041366,0,0
2026-01-04 12:01:16.790495,273639.0709275428,391631.0781296173,182.42604728502855,261.08738541974486,665270.1490571601,0,0
2026-01-04 12:01:17.790495,623030.857216384,276244.6957829598,415.3539048109227,184.16313052197322,899275.5529993438,0,0
2026-01-04 12:01:18.790495,556355.1419596137,476323.01411555486,370.9034279730758,317.5486760770366,1032678.1560751685,0,0
2026-01-04 12:01:19.790495,238169.91869092066,294551.6755750265,158.77994579394712,196.36778371668433,532721.5942659471,0,0
2026-01-04 12:01:20.790495,332757.1433161985,354200.59774378175,221.83809554413233,236.13373182918784,686957.7410599802,0,0
2026-01-04 12:01:21.790495,340982.3915285547,367448.6653844386,227.32159435236983,244.96577692295907,708431.0569129933,0,0
2026-01-04 12:01:22.790495,495793.6897540665,443395.55676898314,330.529126502711,295.5970378459888,939189.2465230497,0,0
2026-01-04 12:01:23.790495,260704.5523689742,500079.82411598624,173.80303491264945,333.3865494106575,760784.3764849604,0,0
2026-01-04 12:01:24.790495,611269.7603423599,396193.21000976325,407.51317356157324,264.1288066731755,1007462.9703521231,0,0
2026-01-04 12:01:25.790495,373795.7413172092,232689.89617403015,249.19716087813947,155.12659744935343,606485.6374912394,0,0
2026-01-04 12:01:26.790495,427916.50228832226,196932.80430793093,285.27766819221483,131.28853620528727,624849.3065962532,0,0
2026-01-04 12:01:27.790495,417206.13591447374,634073.2801263506,278.1374239429825,422.71552008423373,1051279.4160408243,0,0
2026-01-04 12:01:28.790495,0.0,0.0,0.0,0.0,0.0,0,0
2026-01-04 12:01:29.790495,528121.6179275808,261568.10000864256,352.0810786183872,174.37873333909505,789689.7179362234,0,0
2026-01-04 12:01:30.790495,541680.7623065894,546290.3985863128,361.12050820439293,364.19359905754186,1087971.1608929022,0,0
2026-01-04 12:01:31.790495,317444.0453342561,538333.9231851154,211.62936355617072,358.8892821234103,855777.9685193715,0,0
2026-01-04 12:01:32.790495,294614.09168555966,254353.43822159065,196.40939445703978,169.56895881439377,548967.5299071503,0,0
2026-01-04 12:01:33.790495,656794.6886907594,333847.20507651014,437.8631257938396,222.5648033843401,990641.8937672694,0,0
2026-01-04 12:01:34.790495,595656.8664994733,692773.4012909387,397.10457766631555,461.84893419395917,1288430.267790412,0,0
2026-01-04 12:01:35.790495,150555.69408507203,347033.7769688685,100.37046272338135,231.355851312579,497589.47105394054,0,0
2026-01-04 12:01:36.790495,50150.42528357463,94308.16163714138,33.43361685571642,62.87210775809426,144458.586920716,0,0
2026-01-04 12:01:37.790495,639020.6363859589,502074.53679779795,426.0137575906393,334.71635786519863,1141095.1731837569,0,0
2026-01-04 12:01:38.790495,265683.81594474596,296660.2883376063,177.12254396316396,197.7735255584042,562344.1042823523,0,0
2026-01-04 12:01:39.790495,2395427.765683768,2811348.6174652255,373.79835982372225,438.7013948639024,5206776.383148993,0,0
2026-01-04 12:01:40.790495,442270.1338689995,399257.38560159487,294.8467559126663,266.17159040106327,841527.5194705944,0,0
2026-01-04 12:01:41.790495,481558.5218641858,254771.7163096159,321.03901457612386,169.84781087307726,736330.2381738017,0,0
2026-01-04 12:01:42.790495,575371.1827033139,494357.8209315086,383.58078846887594,329.57188062100573,1069729.0036348226,0,0
2026-01-04 12:01:43.790495,241271.9323127548,229038.4061972035,160.84795487516988,152.69227079813567,470310.3385099583,0,0
2026-01-04 12:01:44.790495,160539.81155029,255636.1999993046,107.02654103352667,170.42413333286973,416176.0115495946,0,0
2026-01-04 12:01:45.790495,479323.98924779,475750.4049964897,319.54932616519335,317.16693666432644,955074.3942442797,0,0
2026-01-04 12:01:46.790495,621731.7716405909,410633.74860548653,414.4878477603939,273.7558324036577,1032365.5202460773,0,0
2026-01-04 12:01:47.790495,439003.44666497083,880213.2703163,292.6689644433139,586.8088468775334,1319216.7169812708,0,0
2026-01-04 12:01:48.790495,121335.8547923204,82996.29799199663,80.89056986154694,55.330865327997756,204332.15278431703,0,0
2026-01-04 12:01:49.790495,427118.13573049085,816909.1516371714,284.74542382032723,544.6061010914476,1244027.2873676622,0,0
2026-01-04 12:01:50.790495,315577.1635826139,516179.87897159444,210.3847757217426,344.11991931439627,831757.0425542084,0,0
2026-01-04 12:01:51.790495,609557.6778444552,907849.4002562279,406.3717852296368,605.2329335041519,1517407.0781006832,0,0
2026-01-04 12:01:52.790495,951988.1141142088,447347.5661987851,634.6587427428059,298.23171079919007,1399335.680312994,0,0
2026-01-04 12:01:53.790495,448363.9114978421,697616.1100286422,298.9092743318947,465.0774066857615,1145980.0215264843,0,0
2026-01-04 12:01:54.790495,360023.1427810814,515963.6529062788,240.01542852072092,343.9757686041859,875986.7956873602,0,0
2026-01-04 12:01:55.790495,222525.0767832345,304956.3437678964,148.350051188823,203.3042291785976,527481.4205511309,0,0
2026-01-04 12:01:56.790495,375216.0785961979,463800.0306142852,250.14405239746526,309.20002040952346,839016.109210483,0,0
2026-01-04 12:01:57.790495,508886.3611614945,645066.9606478529,339.257574107663,430.0446404319019,1153953.3218093473,0,0
2026-01-04 12:01:58.790495,623075.3000525255,614978.1248088032,415.3835333683503,409.9854165392021,1238053.4248613287,0,0
2026-01-04 12:01:59.790495,268655.0552321435,417342.4610273033,179.10337015476233,278.22830735153553,685997.5162594469,0,0
2026-01-04 12:02:00.790495,583526.5491997113,294325.7985926368,389.0176994664742,196.2171990617579,877852.3477923481,0,0
2026-01-04 12:02:01.790495,513240.7101572635,564886.9918196974,342.16047343817564,376.5913278797983,1078127.701976961,0,0
2026-01-04 12:02:02.790495,134478.98106789708,158172.7078392759,89.65265404526473,105.4484718928506,292651.688907173,0,0
2026-01-04 12:02:03.790495,281404.06807347987,147936.44555044392,187.60271204898658,98.62429703362929,429340.5136239238,0,0
2026-01-04 12:02:04.790495,526446.3280679052,581742.4753889156,350.9642187119368,387.82831692594374,1108188.8034568208,0,0
2026-01-04 12:02:05.790495,463261.3749236882,445146.3309644175,308.84091661579214,296.764220642945,908407.7058881057,0,0
2026-01-04 12:02:06.790495,322591.013998581,280482.98189354746,215.06067599905398,186.9886545956983,603073.9958921284,0,0
2026-01-04 12:02:07.790495,331541.4303594783,229579.62193293052,221.02762023965218,153.05308128862035,561121.0522924088,0,0
2026-01-04 12:02:08.790495,109482.39953831796,232943.49876415703,72.98826635887863,155.29566584277134,342425.898302475,0,0
2026-01-04 12:02:09.790495,207198.32186512108,276874.88278088294,138.13221457674737,184.5832551872553,484073.204646004,0,0
2026-01-04 12:02:10.790495,525365.8581339847,611879.3330100429,350.2439054226565,407.9195553400286,1137245.1911440277,0,0
2026-01-04 12:02:11.790495,162190.03174912644,90113.96458716261,108.12668783275096,60.07597639144174,252303.99633628904,0,0
2026-01-04 12:02:12.790495,342850.92887473654,187494.52761525929,228.56728591649102,124.9963517435062,530345.4564899958,0,0
2026-01-04 12:02:13.790495,367251.28234036587,691229.7669421514,244.83418822691058,460.8198446281009,1058481.0492825173,0,0
2026-01-04 12:02:14.790495,633032.8327558567,272549.9675144195,422.02188850390445,181.69997834294634,905582.8002702761,0,0
2026-01-04 12:02:15.790495,136759.11716349935,244306.7149899472,91.17274477566623,162.87114332663148,381065.83215344656,0,0
2026-01-04 12:02:16.790495,557000.0844825435,271189.5465790522,371.333389655029,180.79303105270148,828189.6310615957,0,0
2026-01-04 12:02:17.790495,354360.56478250236,495345.5482318321,236.24037652166825,330.2303654878881,849706.1130143345,0,0
2026-01-04 12:02:18.790495,679671.0658503779,394336.1824752883,453.11404390025194,262.89078831685885,1074007.2483256662,0,0
2026-01-04 12:02:19.790495,332934.8184320649,390275.8726252888,221.9565456213766,260.18391508352585,723210.6910573536,0,0
2026-01-04 12:02:20.790495,156743.08650400717,322994.68411664,104.49539100267144,215.32978941109334,479737.7706206472,0,0
2026-01-04 12:02:21.790495,96209.43323440551,105075.01393278562,64.13962215627035,70.05000928852374,201284.44716719113,0,0
2026-01-04 12:02:22.790495,283184.64265362197,544444.033085893,188.7897617690813,362.9626887239287,827628.675739515,0,0
2026-01-04 12:02:23.790495,442078.9247113274,418621.7453048314,294.71928314088495,279.0811635365543,860700.6700161588,0,0
2026-01-04 12:02:24.790495,577796.4040516415,283924.5555303329,385.1976027010943,189.28303702022194,861720.9595819743,0,0
2026-01-04 12:02:25.790495,208985.21880949932,386720.6537292591,139.32347920633288,257.81376915283937,595705.8725387584,0,0
2026-01-04 12:02:26.790495,0.0,0.0,0.0,0.0,0.0,0,0
2026-01-04 12:02:27.790495,245515.75911263187,327117.79192201234,163.6771727417546,218.07852794800823,572633.5510346442,0,0
2026-01-04 12:02:28.790495,65426.939082473946,41730.0955825574,43.61795938831597,27.820063721704933,107157.03466503134,0,0
2026-01-04 12:02:29.790495,652418.5917161531,538363.4890333624,434.94572781076874,358.90899268890826,1190782.0807495154,0,0
2026-01-04 12:02:30.790495,360849.0722460455,176277.3287237138,240.56604816403035,117.51821914914254,537126.4009697593,0,0
2026-01-04 12:02:31.790495,149254.12259626455,210280.55276469912,99.5027483975097,140.18703517646608,359534.6753609637,0,0
2026-01-04 12:02:32.790495,453926.1041222914,336073.6737734365,302.61740274819425,224.04911584895768,789999.7778957279,0,0
2026-01-04 12:02:33.790495,265370.1179365636,463778.0042197818,176.9134119577091,309.1853361465212,729148.1221563454,0,0
2026-01-04 12:02:34.790495,319751.505536049,684418.1950199638,213.167670357366,456.27879667997587,1004169.7005560128,0,0
2026-01-04 12:02:35.790495,393337.2105492826,363728.31007982115,262.2248070328551,242.4855400532141,757065.5206291038,0,0
2026-01-04 12:02:36.790495,181795.55631771573,135410.41908944683,121.19703754514381,90.27361272629788,317205.97540716256,0,0
2026-01-04 12:02:37.790495,326500.67906752136,345544.67472130223,217.66711937834756,230.36311648086814,672045.3537888236,0,0
2026-01-04 12:02:38.790495,414995.33667023055,518093.13407137664,276.6635577801537,345.3954227142511,933088.4707416071,0,0
2026-01-04 12:02:39.790495,510836.2901006566,509789.65317273134,340.55752673377106,339.8597687818209,1020625.943273388,0,0
2026-01-04 12:02:40.790495,736605.7929291943,351159.27536548156,491.07052861946283,234.10618357698772,1087765.0682946758,0,0
2026-01-04 12:02:41.790495,454564.15370276925,313941.81213107373,303.0427691351795,209.29454142071583,768505.965833843,0,0
2026-01-04 12:02:42.790495,337639.0018815392,346318.3919554047,225.09266792102613,230.8789279702698,683957.3938369439,0,0
2026-01-04 12:02:43.790495,894088.4800538426,452816.63557758887,596.0589867025618,301.8777570517259,1346905.1156314316,0,0
2026-01-04 12:02:44.790495,736128.2218183959,425155.9316805946,490.7521478789306,283.43728778706304,1161284.1534989905,0,0
2026-01-04 12:02:45.790495,861297.7555565807,419981.7212231494,574.1985037043871,279.98781414876623,1281279.47677973,0,0
2026-01-04 12:02:46.790495,502947.9976832534,547260.6195505073,335.2986651221689,364.8404130336715,1050208.6172337607,0,0
2026-01-04 12:02:47.790495,718022.5097625091,946542.0946155407,478.6816731750061,631.0280630770271,1664564.6043780497,0,0
2026-01-04 12:02:48.790495,571518.9095895097,357175.9403129835,381.0126063930065,238.11729354198903,928694.8499024933,1,0
2026-01-04 12:02:49.790495,626079.8020771975,321919.8845513279,417.38653471813166,214.61325636755194,947999.6866285254,0,0
2026-01-04 12:02:50.790495,258579.28799291275,554491.9783669334,172.38619199527517,369.66131891128896,813071.2663598461,0,0
2026-01-04 12:02:51.790495,364090.5543408996,553427.8965891402,242.72703622726638,368.9519310594268,917518.4509300399,0,0
2026-01-04 12:02:52.790495,308690.1629984232,467426.0942405844,205.79344199894882,311.6173961603896,776116.2572390076,0,0
2026-01-04 12:02:53.790495,475513.52626291726,258990.88879624472,317.0090175086115,172.6605925308298,734504.415059162,0,0
2026-01-04 12:02:54.790495,251795.98798427693,280096.4913238618,167.86399198951796,186.73099421590788,531892.4793081387,0,0
2026-01-04 12:02:55.790495,280437.79526270315,555145.5399703986,186.95853017513542,370.0970266469324,835583.3352331017,0,0
2026-01-04 12:02:56.790495,363678.4983991152,166525.3108543013,242.4523322660768,111.01687390286753,530203.8092534165,0,0
2026-01-04 12:02:57.790495,1424126.3951707177,2526102.5515868785,300.4751781570647,532.9801601915353,3950228.946757596,0,0
2026-01-04 12:02:58.790495,467390.4115921709,368617.38499997236,311.5936077281139,245.74492333331492,836007.7965921432,0,1
2026-01-04 12:02:59.790495,285003.8391279585,215179.9301622726,190.002559418639,143.4532867748484,500183.7692902311,0,0
2026-01-04 12:03:00.790495,513345.3949867875,309733.72659326944,342.230263324525,206.48915106217962,823079.121580057,0,0
2026-01-04 12:03:01.790495,315282.3165352254,178130.4101261229,210.18821102348357,118.7536067507486,493412.72666134825,0,0
2026-01-04 12:03:02.790495,339354.141324995,263102.33143894566,226.23609421666336,175.40155429263044,602456.4727639407,0,0
2026-01-04 12:03:03.790495,632032.049320357,649963.5656396941,421.35469954690467,433.30904375979605,1281995.6149600511,0,0
2026-01-04 12:03:04.790495,414810.71833781607,570730.1699827873,276.5404788918774,380.4867799885249,985540.8883206034,0,0
2026-01-04 12:03:05.790495,91412.66356038867,147516.66699935385,60.94177570692578,98.3444446662359,238929.33055974252,0,0
2026-01-04 12:03:06.790495,488162.9287742894,567403.1338706804,325.44195251619294,378.2687559137869,1055566.0626449697,0,0
2026-01-04 12:03:07.790495,237145.3708756687,434878.91478482436,158.0969139171125,289.91927652321624,672024.2856604931,0,0
2026-01-04 12:03:08.790495,364496.98220174323,172202.8171431397,242.9979881344955,114.80187809542646,536699.799344883,0,0
2026-01-04 12:03:09.790495,336160.07842136006,346208.78588783677,224.10671894757337,230.80585725855784,682368.8643091968,1,0
2026-01-04 12:03:10.790495,567367.5938905568,269306.86826009816,378.2450625937046,179.53791217339878,836674.462150655,0,0
2026-01-04 12:03:11.790495,642484.3771278883,377710.9438802189,428.32291808525883,251.80729592014592,1020195.3210081072,0,0
2026-01-04 12:03:12.790495,88126.42789647782,158359.16954859084,58.75095193098522,105.57277969906056,246485.59744506865,0,0
2026-01-04 12:03:13.790495,208366.7780856591,152235.03371248356,138.9111853904394,101.49002247498905,360601.8117981427,0,0
2026-01-04 12:03:14.790495,486270.9063298333,717008.6850502561,324.1806042198889,478.00579003350407,1203279.5913800895,0,0
2026-01-04 12:03:15.790495,461138.9484413579,487812.2041055432,307.42596562757194,325.2081360703621,948951.152546901,0,0
2026-01-04 12:03:16.790495,566683.9682594711,276245.0143904764,377.7893121729808,184.16334292698426,842928.9826499475,0,0
2026-01-04 12:03:17.790495,193544.7709373456,432226.7751523631,129.02984729156373,288.1511834349087,625771.5460897087,0,0
2026-01-04 12:03:18.790495,232579.2491602812,340652.72307367984,155.0528327735208,227.10181538245322,573231.972233961,0,0
2026-01-04 12:03:19.790495,405971.1112815769,720825.3882414128,270.64740752105126,480.55025882760856,1126796.4995229898,0,0
2026-01-04 12:03:20.790495,2036.3707601394624,2789.3612538495963,1.3575805067596416,1.8595741692330643,4825.732013989059,0,0
2026-01-04 12:03:21.790495,257465.9136597686,295793.2298150536,171.64394243984572,197.19548654336904,553259.1434748222,0,0
2026-01-04 12:03:22.790495,187186.25810975296,101443.73627997412,124.79083873983531,67.62915751998275,288629.9943897271,0,0
2026-01-04 12:03:23.790495,241434.55335847815,212730.57554456757,160.9563689056521,141.82038369637837,454165.1289030457,0,0
2026-01-04 12:03:24.790495,476921.7258605636,236782.99929204897,317.94781724037574,157.85533286136598,713704.7251526125,0,0
2026-01-04 12:03:25.790495,144132.75104410673,231231.13942905318,96.08850069607115,154.15409295270211,375363.8904731599,0,0
2026-01-04 12:03:26.790495,111633.41736984249,107126.74905441106,74.42227824656166,71.41783270294071,218760.16642425355,0,0
2026-01-04 12:03:27.790495,342598.41328600165,398553.6974561369,228.39894219066778,265.70246497075794,741152.1107421386,0,0
2026-01-04 12:03:28.790495,393449.85289765365,465321.622733809,262.2999019317691,310.21441515587264,858771.4756314626,0,0
2026-01-04 12:03:29.790495,179229.33693529468,401908.41523276165,119.48622462352978,267.9389434885078,581137.7521680563,0,0
2026-01-04 12:03:30.790495,509975.319041689,367309.2047308606,339.98354602779267,244.87280315390706,877284.5237725496,0,0
2026-01-04 12:03:31.790495,362738.0555318126,297603.95833274827,241.82537035454175,198.40263888849884,660342.0138645609,0,0
2026-01-04 12:03:32.790495,437882.4700945681,317631.17015229666,291.92164672971205,211.75411343486445,755513.6402468648,0,0
2026-01-04 12:03:33.790495,514983.0193470741,285876.64824863186,343.3220128980494,190.58443216575458,800859.667595706,0,0
2026-01-04 12:03:34.790495,328720.4071723729,221391.37815244411,219.1469381149153,147.59425210162942,550111.785324817,0,0
2026-01-04 12:03:35.790495,107256.1492903946,69138.10337126405,71.50409952692974,46.09206891417603,176394.25266165865,0,0
2026-01-04 12:03:36.790495,323252.932499783,653417.7036644146,215.50195499985534,435.61180244294303,976670.6361641977,0,0
2026-01-04 12:03:37.790495,676838.2467965098,347790.8136395281,451.2254978643399,231.86054242635208,1024629.060436038,0,0
2026-01-04 12:03:38.790495,44206.66090745294,96491.75451567318,29.471107271635294,64.32783634378212,140698.4154231261,0,0
2026-01-04 12:03:39.790495,597888.0054379972,516897.61275475705,398.5920036253315,344.59840850317136,1114785.6181927542,0,0
2026-01-04 12:03:40.790495,574243.294147268,505027.3560066171,382.8288627648454,336.6849040044114,1079270.6501538851,0,0
2026-01-04 12:03:41.790495,330568.4991441527,527035.3159625808,220.3789994294351,351.35687730838725,857603.8151067336,0,0
2026-01-04 12:03:42.790495,456597.1282607113,628307.8467578114,304.3980855071409,418.8718978385409,1084904.9750185227,0,0
2026-01-04 12:03:43.790495,417430.2384418252,536983.8950596186,278.28682562788345,357.9892633730791,954414.1335014438,0,0
2026-01-04 12:03:44.790495,298268.2941542447,637503.5949895359,198.84552943616313,425.0023966596906,935771.8891437806,0,0
2026-01-04 12:03:45.790495,580336.6311956,744359.5867722341,386.89108746373336,496.2397245148227,1324696.217967834,0,0
2026-01-04 12:03:46.790495,311322.4620734026,530486.7972734921,207.54830804893507,353.65786484899473,841809.2593468947,0,0
2026-01-04 12:03:47.790495,549396.3806155771,304667.9514654204,366.2642537437181,203.1119676436136,854064.3320809975,0,0
2026-01-04 12:03:48.790495,614420.3908754179,522094.9115475515,409.61359391694526,348.0632743650343,1136515.3024229694,0,0
2026-01-04 12:03:49.790495,711523.0943136007,599479.0571567115,474.34872954240046,399.652704771141,1311002.1514703122,0,0
2026-01-04 12:03:50.790495,476727.5887506596,292556.998320185,317.81839250043976,195.03799888012333,769284.5870708446,0,0
2026-01-04 12:03:51.790495,392122.35524637165,524602.1350298793,261.4149034975811,349.7347566865862,916724.490276251,0,0
2026-01-04 12:03:52.790495,615833.4974426358,785098.8875032918,410.5556649617572,523.3992583355279,1400932.3849459277,0,0
2026-01-04 12:03:53.790495,2590481.574903243,1127889.4561415573,370.70560432574655,161.40432979810353,3718371.0310448003,0,0
2026-01-04 12:03:54.790495,1234263.2076980502,1972264.503388427,262.3630115941263,419.2373648844682,3206527.711086477,0,0
2026-01-04 12:03:55.790495,1003181.5593919181,593580.5012333435,668.7877062612788,395.72033415556234,1596762.0606252616,0,0
2026-01-04 12:03:56.790495,530992.3431976197,296038.0820696391,353.99489546507976,197.3587213797594,827030.4252672588,0,0
2026-01-04 12:03:57.790495,742412.6189576611,615878.8428210649,494.9417459717741,410.58589521404326,1358291.461778726,0,0
2026-01-04 12:03:58.790495,360016.80411929294,749235.317524848,240.0112027461953,499.490211683232,1109252.121644141,0,0
2026-01-04 12:03:59.790495,235183.60929155152,141347.20540259773,156.78907286103436,94.23147026839848,376530.81469414925,0,0
2026-01-04 12:04:00.790495,577556.0140835855,371765.8078628357,385.0373427223903,247.84387190855713,949321.8219464212,0,0
2026-01-04 12:04:01.790495,613105.0706917115,485660.04878624814,408.7367137944743,323.77336585749873,1098765.1194779596,0,0
2026-01-04 12:04:02.790495,543089.7445603017,421162.0678485827,362.0598297068678,280.77471189905515,964251.8124088844,0,0
2026-01-04 12:04:03.790495,0.0,0.0,0.0,0.0,0.0,0,0
2026-01-04 12:04:04.790495,347893.1646996935,629474.4614949343,231.92877646646232,419.64964099662285,977367.6261946278,0,1
2026-01-04 12:04:05.790495,246480.68507824713,151108.26071797687,164.32045671883142,100.73884047865124,397588.945796224,0,0
2026-01-04 12:04:06.790495,137319.0514761257,91221.07317179268,91.54603431741712,60.81404878119512,228540.1246479184,0,0
2026-01-04 12:04:07.790495,512437.5967034559,457258.0931226779,71.5369456569682,63.83381619412178,969695.6898261338,0,0
2026-01-04 12:04:08.790495,483324.9285870983,244968.75837967385,322.21661905806553,163.31250558644922,728293.6869667722,0,0
2026-01-04 12:04:09.790495,601547.8708813554,273870.7294704254,401.0319139209036,182.58048631361694,875418.6003517808,0,0
2026-01-04 12:04:10.790495,144289.2293520638,282418.20164664614,96.19281956804252,188.2788010977641,426707.4309987099,0,0
2026-01-04 12:04:11.790495,137164.33814069425,122996.61681869076,91.44289209379616,81.99774454579384,260160.954959385,0,0
2026-01-04 12:04:12.790495,305245.7100412438,178530.0801981384,203.49714002749587,119.0200534654256,483775.79023938224,0,0
2026-01-04 12:04:13.790495,285952.22236475704,346955.3390337722,190.634814909838,231.3035593558481,632907.5613985292,0,0
2026-01-04 12:04:14.790495,209122.1194517268,96649.15712151979,139.41474630115118,64.43277141434653,305771.2765732466,0,1
2026-01-04 12:04:15.790495,338954.70852381556,544785.8397928809,225.9698056825437,363.19055986192063,883740.5483166964,0,0
2026-01-04 12:04:16.790495,160226.50968781125,266768.0996217158,106.8176731252075,177.84539974781052,426994.60930952703,0,0
2026-01-04 12:04:17.790495,166699.4852814905,358258.42554613086,111.13299018766033,238.83895036408725,524957.9108276214,0,0
2026-01-04 12:04:18.790495,236180.3165436227,165300.53425542027,157.45354436241513,110.20035617028017,401480.85079904296,0,0
2026-01-04 12:04:19.790495,224048.81932511178,249372.88145614657,149.3658795500745,166.24858763743106,473421.70078125835,0,0
2026-01-04 12:04:20.790495,170077.52371739538,78801.3363044189,113.38501581159692,52.534224202945936,248878.8600218143,0,0
2026-01-04 12:04:21.790495,256499.22153508372,322882.1051634246,170.99948102338914,215.2547367756164,579381.3266985083,0,1
2026-01-04 12:04:22.790495,415308.39234714926,537559.352230621,276.8722615647662,358.3729014870807,952867.7445777702,0,0
2026-01-04 12:04:23.790495,240362.77191452644,270160.7681309469,160.24184794301763,180.1071787539646,510523.5400454733,0,0
2026-01-04 12:04:24.790495,330035.5271414862,473952.923608701,220.0236847609908,315.968615739134,803988.4507501872,0,0
2026-01-04 12:04:25.790495,615054.5880755339,496513.4290412235,410.0363920503559,331.008952694149,1111568.0171167573,0,0
2026-01-04 12:04:26.790495,86319.26456861536,188095.45558250538,57.546176379076904,125.39697038833692,274414.72015112074,0,0
2026-01-04 12:04:27.790495,378120.6456817986,210957.55272873802,252.08043045453238,140.63836848582534,589078.1984105366,0,0
2026-01-04 12:04:28.790495,230591.93044545763,264611.7185092837,153.72795363030508,176.40781233952245,495203.6489547413,0,0
2026-01-04 12:04:29.790495,427787.99903618795,300104.0885690924,285.19199935745866,200.0693923793949,727892.0876052803,0,0
2026-01-04 12:04:30.790495,571643.6410766223,802789.7877660502,381.0957607177482,535.1931918440334,1374433.4288426726,0,0
2026-01-04 12:04:31.790495,434523.14110873535,302879.05973480653,289.68209407249026,201.9193731565377,737402.2008435419,0,0
2026-01-04 12:04:32.790495,397032.5360676462,622317.1234217251,264.6883573784308,414.87808228115006,1019349.6594893713,0,0
2026-01-04 12:04:33.790495,529439.2308725616,304186.6274163122,352.9594872483744,202.79108494420817,833625.8582888738,0,0
2026-01-04 12:04:34.790495,162598.60546440596,340910.1314825314,108.39907030960397,227.27342098835425,503508.73694693734,0,0
2026-01-04 12:04:35.790495,460659.55923536327,400712.65492792253,307.1063728235755,267.14176995194833,861372.2141632858,0,0
2026-01-04 12:04:36.790495,502170.0423665818,518286.99842899485,334.78002824438784,345.5246656193299,1020457.0407955766,0,0
2026-01-04 12:04:37.790495,290241.4320710362,378218.084766938,193.49428804735746,252.14538984462533,668459.5168379742,0,0
2026-01-04 12:04:38.790495,375081.46824323566,179697.96475148204,250.05431216215712,119.79864316765469,554779.4329947177,0,0
2026-01-04 12:04:39.790495,560338.2253120265,498146.9178737563,373.5588168746843,332.0979452491709,1058485.1431857827,0,0
2026-01-04 12:04:40.790495,258826.70368161713,465668.14411929494,172.55113578774476,310.4454294128633,724494.8478009121,0,0
2026-01-04 12:04:41.790495,308684.8401456812,384262.4604673328,205.78989343045416,256.17497364488855,692947.300613014,0,0
2026-01-04 12:04:42.790495,610130.5604646718,391371.39781240583,406.75370697644786,260.91426520827054,1001501.9582770776,0,0
2026-01-04 12:04:43.790495,468770.95425212313,229382.05860483288,312.51396950141543,152.9213724032219,698153.012856956,0,0
2026-01-04 12:04:44.790495,715376.1296338177,372837.45923511387,476.9174197558785,248.5583061567426,1088213.5888689316,0,0
2026-01-04 12:04:45.790495,805367.7568706705,518460.1505970944,536.9118379137803,345.64010039806294,1323827.9074677648,0,0
2026-01-04 12:04:46.790495,825871.7993010967,528971.4801688627,550.5811995340645,352.6476534459085,1354843.2794699594,0,0
2026-01-04 12:04:47.790495,431081.884017641,270955.88480893016,287.38792267842734,180.63725653928677,702037.7688265712,0,0
2026-01-04 12:04:48.790495,558347.0606130561,514669.94249960256,372.23137374203736,343.11329499973505,1073017.0031126586,0,0
2026-01-04 12:04:49.790495,737567.4637704724,549685.658777521,491.7116425136483,366.45710585168064,1287253.1225479934,0,0
2026-01-04 12:04:50.790495,227166.84338958186,483900.8213073236,151.44456225972124,322.6005475382157,711067.6646969054,0,0
2026-01-04 12:04:51.790495,900621.9594610403,592986.268655007,600.4146396406935,395.324179103338,1493608.2281160473,0,0
2026-01-04 12:04:52.790495,400803.9438832503,838844.5243631554,267.2026292555002,559.2296829087702,1239648.4682464057,0,0
2026-01-04 12:04:53.790495,652309.9158814346,391484.994812099,434.8732772542897,260.9899965413993,1043794.9106935336,0,0
2026-01-04 12:04:54.790495,584189.2923640667,753544.3537731862,389.45952824271114,502.36290251545745,1337733.646137253,0,0
2026-01-04 12:04:55.790495,519240.62194819766,405375.905517816,346.1604146321318,270.250603678544,924616.5274660137,0,0
2026-01-04 12:04:56.790495,251824.60913072756,378761.85529735737,167.88307275381837,252.50790353157157,630586.4644280849,0,0
2026-01-04 12:04:57.790495,522701.9391025318,522570.66942622355,348.4679594016879,348.38044628414906,1045272.6085287554,0,0
2026-01-04 12:04:58.790495,328181.92909484677,542829.4902195653,218.78795272989785,361.8863268130436,871011.419314412,0,0
2026-01-04 12:04:59.790495,382652.0311565298,186324.0125591572,255.1013541043532,124.21600837277147,568976.043715687,0,0
2026-01-04 12:05:00.790495,362025.21016064676,656034.3582605526,241.35014010709784,437.3562388403684,1018059.5684211995,0,0
2026-01-04 12:05:01.790495,520419.455093033,287448.66592321236,346.9463033953553,191.63244394880823,807868.1210162453,0,0
2026-01-04 12:05:02.790495,269875.73552910815,446726.08247455873,179.91715701940544,297.8173883163725,716601.8180036668,0,0
2026-01-04 12:05:03.790495,572551.2640201355,576955.6049182555,381.7008426800903,384.63706994550364,1149506.8689383909,0,0
2026-01-04 12:05:04.790495,255419.1246840362,433891.50684236316,170.27941645602414,289.2610045615754,689310.6315263993,0,0
2026-01-04 12:05:05.790495,285340.6225683218,338836.69913649204,190.22708171221456,225.89113275766135,624177.3217048139,0,0
2026-01-04 12:05:06.790495,296458.50556288566,224544.36229504104,197.63900370859045,149.69624153002735,521002.8678579267,0,0
2026-01-04 12:05:07.790495,478266.51019021834,1094946.813651197,73.64038100661254,168.59282182894444,1573213.323841415,0,0
2026-01-04 12:05:08.790495,295081.2630112303,317951.3727943485,196.72084200748685,211.967581862899,613032.6358055788,0,0
2026-01-04 12:05:09.790495,119131.3832381767,91049.50499543094,79.42092215878446,60.69966999695396,210180.88823360763,0,0
2026-01-04 12:05:10.790495,128386.20502527455,231601.90631880192,85.59080335018304,154.4012708792013,359988.11134407646,0,0
2026-01-04 12:05:11.790495,32413.50171123883,50930.477853437704,21.609001140825885,33.9536519022918,83343.97956467654,0,0
2026-01-04 12:05:12.790495,190866.20197433443,202828.22555030597,127.24413464955629,135.2188170335373,393694.4275246404,0,0
2026-01-04 12:05:13.790495,151876.41275046588,217967.40855836897,101.25094183364392,145.31160570557932,369843.8213088348,0,0
2026-01-04 12:05:14.790495,316089.68936590507,455931.8864132169,210.72645957727005,303.9545909421446,772021.575779122,0,0
2026-01-04 12:05:15.790495,373549.1881328586,235499.72240746891,249.0327920885724,156.9998149383126,609048.9105403275,0,0
2026-01-04 12:05:16.790495,495489.39636327943,252793.24692958003,330.3262642421863,168.5288312863867,748282.6432928594,0,0
2026-01-04 12:05:17.790495,206655.8914686436,188350.24362482704,137.77059431242907,125.56682908321802,395006.1350934706,0,0
2026-01-04 12:05:18.790495,237432.33692142423,528906.1840139923,158.28822461428283,352.60412267599486,766338.5209354166,0,0
2026-01-04 12:05:19.790495,391356.19624458504,192208.10931871907,260.9041308297234,128.1387395458127,583564.3055633041,1,0
2026-01-04 12:05:20.790495,420426.23064374045,261203.34040290784,280.28415376249364,174.13556026860522,681629.5710466483,0,0
2026-01-04 12:05:21.790495,412084.2927815529,473391.0621541201,274.7228618543686,315.5940414360801,885475.3549356731,0,0
2026-01-04 12:05:22.790495,247187.77724393827,368232.6202787022,164.79185149595884,245.48841351913478,615420.3975226404,1,0
2026-01-04 12:05:23.790495,428509.11424076936,501410.3920836945,285.67274282717955,334.27359472246303,929919.5063244639,0,0
2026-01-04 12:05:24.790495,268387.26152326947,200548.92019128814,178.92484101551298,133.69928012752544,468936.18171455764,0,0
2026-01-04 12:05:25.790495,249592.71686520567,184777.36178849993,166.39514457680377,123.18490785899995,434370.0786537056,0,0
2026-01-04 12:05:26.790495,635759.8331208241,298864.4893295315,423.83988874721604,199.24299288635433,934624.3224503555,0,0
2026-01-04 12:05:27.790495,16913.405050160774,11629.58628839798,11.275603366773849,7.753057525598654,28542.991338558753,0,0
2026-01-04 12:05:28.790495,387627.1579566394,571493.7644361068,258.41810530442626,380.99584295740453,959120.9223927462,0,0
2026-01-04 12:05:29.790495,461624.04209681205,283594.0545485461,307.7493613978747,189.06270303236406,745218.0966453581,0,0
2026-01-04 12:05:30.790495,386697.20044539234,243886.25297950284,257.7981336302616,162.59083531966857,630583.4534248952,0,0
2026-01-04 12:05:31.790495,514663.49940417625,545361.9096879653,343.1089996027842,363.57460645864353,1060025.4090921415,0,0
2026-01-04 12:05:32.790495,537411.3829413635,295992.20953177265,358.2742552942423,197.32813968784842,833403.5924731361,0,0
2026-01-04 12:05:33.790495,416058.1718230306,801669.741535602,277.3721145486871,534.446494357068,1217727.9133586327,0,0
2026-01-04 12:05:34.790495,426219.56232708105,401829.4317812784,284.1463748847207,267.8862878541856,828048.9941083594,0,0
2026-01-04 12:05:35.790495,191696.39753214497,306887.9906120451,127.79759835476331,204.5919937413634,498584.38814419,0,0
2026-01-04 12:05:36.790495,258000.3151631483,261805.14737100442,172.00021010876554,174.53676491400296,519805.4625341527,0,0
2026-01-04 12:05:37.790495,119784.91037486432,274264.61073417036,79.85660691657621,182.84307382278024,394049.52110903466,0,0
2026-01-04 12:05:38.790495,346958.6226080599,560989.2113110322,231.30574840537327,373.99280754068815,907947.8339190921,0,0
2026-01-04 12:05:39.790495,245378.8180465288,316400.14724358026,163.58587869768587,210.93343149572019,561778.965290109,0,0
2026-01-04 12:05:40.790495,685161.1449519378,395255.34614462435,456.7740966346252,263.50356409641626,1080416.4910965622,0,0
2026-01-04 12:05:41.790495,226337.01483961882,300863.30921080324,150.89134322641254,200.57553947386882,527200.3240504221,0,0
2026-01-04 12:05:42.790495,491769.4194905627,351479.88798293885,327.8462796603751,234.31992532195923,843249.3074735015,0,0
2026-01-04 12:05:43.790495,430807.337118757,211680.75597151712,287.20489141250465,141.1205039810114,642488.0930902741,0,0
2026-01-04 12:05:44.790495,357492.392741883,517836.63753037236,238.328261827922,345.22442502024825,875329.0302722553,0,0
2026-01-04 12:05:45.790495,769243.1594713926,377563.9645689035,512.8287729809284,251.70930971260233,1146807.124040296,0,0
2026-01-04 12:05:46.790495,457007.5370831236,200813.04951212785,304.671691388749,133.87536634141856,657820.5865952515,0,0
2026-01-04 12:05:47.790495,571870.8525453755,275053.60998714867,381.2472350302503,183.36907332476576,846924.4625325241,0,0
2026-01-04 12:05:48.790495,695183.7097697095,343468.80418009334,463.4558065131397,228.9792027867289,1038652.5139498028,0,0
2026-01-04 12:05:49.790495,563973.4262642651,615059.4082520052,375.98228417617673,410.03960550133684,1179032.8345162703,0,0
2026-01-04 12:05:50.790495,634657.8637302695,428926.0307859801,423.10524248684635,285.9506871906534,1063583.8945162497,0,0
2026-01-04 12:05:51.790495,769563.4546490242,456028.40452914016,513.0423030993494,304.0189363527601,1225591.8591781643,0,0
2026-01-04 12:05:52.790495,202325.75729587447,404814.65171663236,134.88383819724964,269.8764344777549,607140.4090125068,0,0
2026-01-04 12:05:53.790495,530512.2299658073,287593.03174434195,353.67481997720483,191.7286878295613,818105.2617101492,0,0
2026-01-04 12:05:54.790495,493228.0233750813,649766.2461176249,328.8186822500542,433.1774974117499,1142994.2694927063,0,0
2026-01-04 12:05:55.790495,415099.4709048701,213912.41381769546,276.73298060324674,142.60827587846364,629011.8847225655,0,0
2026-01-04 12:05:56.790495,405094.01184785005,865017.0233990455,270.06267456523335,576.6780155993637,1270111.0352468954,0,0
2026-01-04 12:05:57.790495,691047.7556121917,703850.3212734754,460.69850374146114,469.2335475156503,1394898.0768856672,0,0
2026-01-04 12:05:58.790495,356471.9960796779,511168.7107491205,237.64799738645192,340.7791404994137,867640.7068287984,0,0
2026-01-04 12:05:59.790495,565538.3458898051,576431.0154027671,377.02556392653673,384.2873436018447,1141969.3612925722,1,0
2026-01-04 12:06:00.790495,284091.88998857554,196407.33123677562,189.39459332571704,130.9382208245171,480499.22122535115,0,0
2026-01-04 12:06:01.790495,570510.7522739565,339248.2306047206,380.340501515971,226.16548706981374,909758.9828786772,0,0
2026-01-04 12:06:02.790495,563445.4579365712,715794.7480949825,375.6303052910475,477.1964987299883,1279240.2060315537,0,0
2026-01-04 12:06:03.790495,190037.38415419933,232298.66531286523,126.69158943613289,154.86577687524348,422336.04946706456,0,0
2026-01-04 12:06:04.790495,500871.44257478014,443292.73249772907,333.9142950498534,295.5284883318194,944164.1750725092,0,0
2026-01-04 12:06:05.790495,337436.1468429071,390597.33104253205,224.95743122860475,260.3982206950214,728033.4778854392,0,0
2026-01-04 12:06:06.790495,226493.82551479654,447494.76284457906,150.99588367653104,298.32984189638603,673988.5883593756,0,0
2026-01-04 12:06:07.790495,419866.55948150624,420028.56770960835,279.9110396543375,280.0190451397389,839895.1271911146,0,0
2026-01-04 12:06:08.790495,260803.51454089396,601602.9514891041,173.8690096939293,401.0686343260694,862406.466029998,0,0
2026-01-04 12:06:09.790495,78829.08242289079,176834.43816596194,52.55272161526052,117.88962544397462,255663.52058885273,0,0
2026-01-04 12:06:10.790495,656605.3767475188,510829.7345513568,437.7369178316792,340.5531563675712,1167435.1112988757,0,0
2026-01-04 12:06:11.790495,175825.58949011995,148618.24191254575,117.21705966007997,99.07882794169717,324443.8314026657,0,0
2026-01-04 12:06:12.790495,115604.23824020833,54771.81026797524,77.06949216013889,36.51454017865016,170376.04850818356,0,0
2026-01-04 12:06:13.790495,352042.65451695106,338850.88683240325,234.69510301130072,225.90059122160216,690893.5413493543,0,0
2026-01-04 12:06:14.790495,167906.15983032077,336315.1274559162,111.93743988688051,224.2100849706108,504221.28728623694,0,0
2026-01-04 12:06:15.790495,89608.44244874723,133751.4082203767,59.73896163249815,89.16760548025114,223359.8506691239,0,0
2026-01-04 12:06:16.790495,0.0,0.0,0.0,0.0,0.0,0,0
2026-01-04 12:06:17.790495,340799.1374096906,327606.26485362643,227.19942493979372,218.40417656908429,668405.402263317,0,0
2026-01-04 12:06:18.790495,119463.29732661121,144824.88505095345,79.64219821774081,96.5499233673023,264288.18237756466,0,0
2026-01-04 12:06:19.790495,235938.90347905623,382124.69819553813,40.20785949076569,65.12031693985266,618063.6016745943,1,0
2026-01-04 12:06:20.790495,393737.9505458647,382530.3595051148,262.49196703057646,255.02023967007653,776268.3100509795,0,0
2026-01-04 12:06:21.790495,236343.02054929044,107374.59173536491,157.56201369952694,71.58306115690995,343717.61228465533,0,0
2026-01-04 12:06:22.790495,271277.4961338947,204634.51542572113,180.85166408926315,136.42301028381408,475912.01155961584,0,0
2026-01-04 12:06:23.790495,330383.4608263803,209679.33573774248,220.2556405509202,139.78622382516164,540062.7965641228,0,0
2026-01-04 12:06:24.790495,998794.5145266015,866579.2667241058,177.3993422640049,153.91613560206997,1865373.7812507073,0,0
2026-01-04 12:06:25.790495,397378.26282411744,226642.479318783,264.91884188274497,151.094986212522,624020.7421429005,1,0
2026-01-04 12:06:26.790495,632310.5787872316,526804.0173962561,421.54038585815437,351.20267826417074,1159114.5961834877,0,0
2026-01-04 12:06:27.790495,155244.76159895258,145750.12071679998,103.49650773263505,97.16674714453332,300994.88231575256,0,0
2026-01-04 12:06:28.790495,176250.23893176854,217871.54917127264,117.50015928784569,145.2476994475151,394121.7881030412,0,0
2026-01-04 12:06:29.790495,343963.1639375758,256389.57941489405,229.30877595838388,170.92638627659602,600352.7433524699,0,0
2026-01-04 12:06:30.790495,410066.49049399403,245413.80292344288,273.37766032932933,163.60920194896192,655480.2934174369,0,0
2026-01-04 12:06:31.790495,299396.7645429808,494575.6525241982,199.59784302865387,329.7171016827988,793972.417067179,0,0
2026-01-04 12:06:32.790495,364689.84915581,642792.7235142422,243.12656610387336,428.52848234282817,1007482.5726700523,0,0
2026-01-04 12:06:33.790495,393053.81394183845,402726.5528268919,262.03587596122566,268.48436855126124,795780.3667687303,0,0
2026-01-04 12:06:34.790495,0.0,0.0,0.0,0.0,0.0,0,0
2026-01-04 12:06:35.790495,306805.6547890593,181527.9060693111,204.5371031927062,121.0186040462074,488333.5608583704,0,0
2026-01-04 12:06:36.790495,457330.4178246325,456039.7407252176,304.8869452164217,304.02649381681175,913370.1585498501,0,0
2026-01-04 12:06:37.790495,350527.53043691634,546415.542587503,233.68502029127757,364.27702839166864,896943.0730244193,0,0
2026-01-04 12:06:38.790495,633773.0527933744,414186.9381664976,422.51536852891627,276.12462544433174,1047959.990959872,0,0
2026-01-04 12:06:39.790495,529940.094855139,354024.3960268596,353.2933965700927,236.0162640179064,883964.4908819987,0,0
2026-01-04 12:06:40.790495,1680560.9173671522,1712860.2266140257,276.19054164639437,281.498747748006,3393421.143981178,0,0
2026-01-04 12:06:41.790495,243159.9682386891,349832.6648195329,162.1066454924594,233.22177654635527,592992.633058222,0,0
2026-01-04 12:06:42.790495,276292.9341140798,506263.13879146863,184.19528940938653,337.5087591943124,782556.0729055484,0,0
2026-01-04 12:06:43.790495,738577.1719993534,523429.07180016703,492.3847813329023,348.9527145334447,1262006.2437995204,0,0
2026-01-04 12:06:44.790495,216126.98493060365,432014.74386513693,144.08465662040243,288.00982924342463,648141.7287957405,0,0
2026-01-04 12:06:45.790495,377873.3518790674,673874.0149136377,251.91556791937828,449.24934327575846,1051747.3667927051,0,0
2026-01-04 12:06:46.790495,487417.98859374755,310934.00820576336,324.945325729165,207.28933880384224,798351.9967995109,0,0
2026-01-04 12:06:47.790495,654863.5378812994,475821.54875396105,436.57569192086623,317.21436583597404,1130685.0866352604,0,0
2026-01-04 12:06:48.790495,339962.48223847296,203991.23965425257,226.64165482564863,135.99415976950172,543953.7218927256,0,0
2026-01-04 12:06:49.790495,100616.1113853318,167535.4219992399,67.0774075902212,111.69028133282659,268151.53338457167,0,0
2026-01-04 12:06:50.790495,494557.81688980164,555942.1667114891,329.7052112598678,370.6281111409927,1050499.9836012907,0,0
2026-01-04 12:06:51.790495,371593.10945246596,244053.33021657632,247.7287396349773,162.7022201443842,615646.4396690422,0,0
2026-01-04 12:06:52.790495,445812.58763643773,331722.7091556578,297.2083917576252,221.14847277043853,777535.2967920955,0,0
2026-01-04 12:06:53.790495,537347.8747450197,335882.6323874686,358.2319164966798,223.92175492497907,873230.5071324883,0,0
2026-01-04 12:06:54.790495,611256.6943148662,646807.3983387522,407.50446287657746,431.2049322258348,1258064.0926536184,0,0
2026-01-04 12:06:55.790495,379928.69188215875,522715.28234350256,253.28579458810583,348.4768548956684,902643.9742256613,0,0
2026-01-04 12:06:56.790495,633795.1994905284,331958.78109658527,422.53013299368564,221.3058540643902,965753.9805871136,0,0
2026-01-04 12:06:57.790495,450461.64982956863,491678.776560145,300.3077665530458,327.7858510400967,942140.4263897137,0,0
2026-01-04 12:06:58.790495,523832.85939261265,367720.8304530356,349.22190626174176,245.14722030202373,891553.6898456482,0,0
2026-01-04 12:06:59.790495,1892847.9808196921,1090368.4822312805,290.13756664221114,167.13273405133538,2983216.4630509727,0,0
2026-01-04 12:07:00.790495,669035.9609941767,1535855.5449149935,138.69315710474868,318.3874511985293,2204891.50590917,0,0
2026-01-04 12:07:01.790495,426613.3366375587,539294.4663300118,284.4088910917058,359.52964422000787,965907.8029675705,0,0
2026-01-04 12:07:02.790495,248716.10111310854,228486.06911714454,165.8107340754057,152.32404607809636,477202.1702302531,0,0
2026-01-04 12:07:03.790495,312706.33987309353,306362.15234904015,208.47089324872903,204.2414348993601,619068.4922221337,0,0
2026-01-04 12:07:04.790495,540254.6873124747,461452.6524165406,360.16979154164983,307.63510161102704,1001707.3397290152,0,0
2026-01-04 12:07:05.790495,377623.6749331694,237212.04769016313,251.74911662211292,158.1413651267754,614835.7226233325,0,0
2026-01-04 12:07:06.790495,221096.17299371696,358958.87191257306,147.39744866247798,239.30591460838204,580055.04490629,0,0
2026-01-04 12:07:07.790495,167336.230716903,204658.65029035334,111.55748714460199,136.4391001935689,371994.88100725634,0,0
2026-01-04 12:07:08.790495,482919.618514995,254477.1751837415,321.94641234333,169.65145012249434,737396.7936987365,0,0
2026-01-04 12:07:09.790495,206559.79960176116,249202.86541778705,137.70653306784078,166.13524361185804,455762.6650195482,0,0
2026-01-04 12:07:10.790495,7147.724753924118,6912.860062070031,4.765149835949412,4.6085733747133535,14060.584815994149,0,0
2026-01-04 12:07:11.790495,336390.56289170834,483825.1876922582,224.2603752611389,322.55012512817217,820215.7505839665,0,0
2026-01-04 12:07:12.790495,147467.53833022603,321903.5887760828,98.31169222015069,214.60239251738852,469371.1271063088,0,0
2026-01-04 12:07:13.790495,326759.90875792224,185683.30004913092,217.83993917194815,123.78886669942061,512443.20880705316,0,0
2026-01-04 12:07:14.790495,340132.1000410771,362947.6333515344,226.7547333607181,241.9650889010229,703079.7333926115,0,0
2026-01-04 12:07:15.790495,124448.5466694892,112350.92492413304,82.96569777965946,74.9006166160887,236799.47159362223,0,0
2026-01-04 12:07:16.790495,201732.41124788814,192444.73501102653,134.48827416525876,128.29649000735103,394177.14625891467,0,0
2026-01-04 12:07:17.790495,357389.0779122935,165469.58341863126,238.25938527486232,110.31305561242084,522858.6613309247,0,0
2026-01-04 12:07:18.790495,112794.16054019053,102595.83432698168,75.19610702679368,68.39722288465445,215389.9948671722,0,0
2026-01-04 12:07:19.790495,292611.45015558734,178417.6900890387,195.0743001037249,118.94512672602579,471029.14024462603,0,0
2026-01-04 12:07:20.790495,531775.9271831347,287885.0394756723,354.51728478875646,191.9233596504482,819660.966658807,0,0
2026-01-04 12:07:21.790495,443924.14782197104,581506.7429834038,295.949431881314,387.6711619889359,1025430.8908053748,0,0
2026-01-04 12:07:22.790495,280183.8773015367,149866.25035096562,186.7892515343578,99.91083356731042,430050.12765250227,0,0
2026-01-04 12:07:23.790495,230529.6639144354,104917.55300158651,153.6864426096236,69.94503533439101,335447.2169160219,0,0
2026-01-04 12:07:24.790495,320428.5946545129,347557.1106530123,213.61906310300859,231.70474043534153,667985.7053075251,0,0
2026-01-04 12:07:25.790495,436682.4514167177,269142.80818443745,291.12163427781184,179.42853878962498,705825.2596011552,0,0
2026-01-04 12:07:26.790495,45055.703358701896,76651.9350458606,30.037135572467932,51.101290030573736,121707.6384045625,0,0
2026-01-04 12:07:27.790495,164460.61597398386,122874.29517590204,109.64041064932258,81.9161967839347,287334.9111498859,0,0
2026-01-04 12:07:28.790495,205953.0200711529,434633.2175895589,137.30201338076859,289.75547839303925,640586.2376607117,0,0
2026-01-04 12:07:29.790495,102260.52515042086,120857.7119452611,68.1736834336139,80.5718079635074,223118.23709568195,0,0
2026-01-04 12:07:30.790495,660846.3661108152,1410758.2339283556,122.34591098428312,261.18097966449324,2071604.6000391708,0,0
2026-01-04 12:07:31.790495,458794.81162269885,409806.9765308231,305.8632077484659,273.20465102054874,868601.788153522,0,0
2026-01-04 12:07:32.790495,3181318.1764913867,1604403.3348107452,426.0607721981273,214.87109613808462,4785721.511302132,0,0
2026-01-04 12:07:33.790495,1668967.4057628426,934406.7053304289,261.3502844742676,146.3224850344814,2603374.1110932715,0,0
2026-01-04 12:07:34.790495,166512.9507458684,243593.33233968806,111.00863383057894,162.39555489312536,410106.28308555647,0,0
2026-01-04 12:07:35.790495,69692.60497253992,123695.20927478983,46.461736648359945,82.46347284985988,193387.81424732975,0,0
2026-01-04 12:07:36.790495,490999.8927908304,267761.7418725185,327.3332618605536,178.50782791501234,758761.6346633489,0,0
2026-01-04 12:07:37.790495,373046.60808529786,167551.63618885496,248.6977387235319,111.70109079256997,540598.2442741528,0,0
2026-01-04 12:07:38.790495,240769.90695789558,130206.85092265806,160.51327130526371,86.80456728177204,370976.75788055366,0,0
2026-01-04 12:07:39.790495,300914.5357201774,188627.3428690482,200.60969048011827,125.7515619126988,489541.87858922564,0,0
2026-01-04 12:07:40.790495,511238.9398471543,307607.2330301155,340.8259598981029,205.07148868674366,818846.1728772698,0,0
2026-01-04 12:07:41.790495,401402.79995115974,363542.76836169686,267.6018666341065,242.36184557446458,764945.5683128566,0,0
2026-01-04 12:07:42.790495,402497.8845332435,831768.959953906,268.3319230221623,554.5126399692707,1234266.8444871495,0,0
2026-01-04 12:07:43.790495,604048.3980787441,468802.9858427886,402.69893205249605,312.5353238951924,1072851.3839215327,0,0
2026-01-04 12:07:44.790495,568775.5338332664,841786.6840477097,379.1836892221776,561.1911226984731,1410562.217880976,0,0
2026-01-04 12:07:45.790495,689771.3641213952,436838.7257110315,459.8475760809301,291.2258171406877,1126610.0898324267,0,0
2026-01-04 12:07:46.790495,572726.8785181174,316619.03118802863,381.8179190120782,211.0793541253524,889345.909706146,0,0
2026-01-04 12:07:47.790495,625253.65224137,380559.57106168516,416.8357681609133,253.70638070779012,1005813.223303055,0,0
2026-01-04 12:07:48.790495,463846.2493458038,613749.1015750283,309.23083289720256,409.1660677166855,1077595.350920832,0,0
2026-01-04 12:07:49.790495,564448.0803213691,519239.5393320735,376.2987202142461,346.159692888049,1083687.6196534426,0,0
2026-01-04 12:07:50.790495,199551.17442293922,308010.2693517503,133.03411628195948,205.34017956783356,507561.4437746896,0,0
2026-01-04 12:07:51.790495,620891.6809028798,417457.03681762796,413.92778726858654,278.30469121175196,1038348.7177205078,0,0
2026-01-04 12:07:52.790495,240782.65372485842,552141.8122428794,160.52176914990562,368.09454149525294,792924.4659677378,0,0
2026-01-04 12:07:53.790495,387916.01964173064,478603.6929803941,258.6106797611538,319.06912865359607,866519.7126221247,0,0
2026-01-04 12:07:54.790495,257833.25021891925,212233.8592424238,171.8888334792795,141.4892394949492,470067.10946134303,0,0
2026-01-04 12:07:55.790495,338224.589282728,582602.8845545398,225.48305952181866,388.40192303635985,920827.4738372677,0,0
2026-01-04 12:07:56.790495,277449.4315861112,397381.6276223713,184.96628772407414,264.9210850815809,674831.0592084825,0,0
2026-01-04 12:07:57.790495,602572.8012287099,550101.3551307431,401.7152008191399,366.7342367538287,1152674.156359453,0,0
2026-01-04 12:07:58.790495,374583.6556919201,787004.9608435432,249.72243712794673,524.6699738956954,1161588.6165354631,0,0
2026-01-04 12:07:59.790495,2926707.961081039,3793999.806801416,404.84285186392333,524.812766487749,6720707.767882455,0,0
2026-01-04 12:08:00.790495,224669.15059143864,274022.39632651344,149.77943372762576,182.68159755100896,498691.5469179521,0,0
2026-01-04 12:08:01.790495,463238.7864433789,248478.76706764812,308.82585762891927,165.65251137843208,711717.553511027,0,0
2026-01-04 12:08:02.790495,136707.3005161857,214255.145804127,91.1382003441238,142.836763869418,350962.44632031274,0,0
2026-01-04 12:08:03.790495,99810.86759773313,207553.97679522354,66.54057839848875,138.36931786348237,307364.8443929567,0,0
2026-01-04 12:08:04.790495,505307.6254234824,514742.06046739547,336.8717502823216,343.16137364493034,1020049.6858908779,0,0
2026-01-04 12:08:05.790495,452483.41072625056,330950.2904692088,301.6556071508337,220.63352697947252,783433.7011954593,0,0
2026-01-04 12:08:06.790495,82050.9383531124,99535.65923715479,54.7006255687416,66.35710615810319,181586.5975902672,0,0
2026-01-04 12:08:07.790495,323507.00904491276,158005.38541168522,215.67133936327517,105.33692360779014,481512.394456598,0,0
2026-01-04 12:08:08.790495,912123.9459621914,525365.5230327201,608.0826306414609,350.2436820218134,1437489.4689949115,1,0
2026-01-04 12:08:09.790495,167857.58395059506,148111.26366243203,111.90505596706338,98.74084244162135,315968.8476130271,0,0
2026-01-04 12:08:10.790495,130751.06219937131,275597.7893385057,87.16737479958087,183.7318595590038,406348.85153787705,0,0
2026-01-04 12:08:11.790495,142356.47969250169,84105.62796088985,94.90431979500113,56.07041864059323,226462.10765339152,0,0
2026-01-04 12:08:12.790495,305227.7725979888,428985.41478039516,203.48518173199253,285.9902765202634,734213.1873783839,0,0
2026-01-04 12:08:13.790495,159435.28322108363,158686.8556773326,106.29018881405575,105.79123711822174,318122.13889841625,0,0
2026-01-04 12:08:14.790495,419961.95279759174,587808.237500454,279.9746351983945,391.872158333636,1007770.1902980456,0,0
2026-01-04 12:08:15.790495,420970.627659806,527461.4823584737,280.6470851065373,351.64098823898246,948432.1100182798,0,0
2026-01-04 12:08:16.790495,53054.19778831773,35708.445109844644,35.36946519221182,23.805630073229764,88762.64289816238,0,0
2026-01-04 12:08:17.790495,321697.7320315589,415922.01918478566,214.4651546877059,277.2813461231904,737619.7512163445,0,0
2026-01-04 12:08:18.790495,160378.31163123663,221162.07123367267,106.91887442082442,147.44138082244845,381540.3828649093,0,0
2026-01-04 12:08:19.790495,338146.75145914976,633309.2640793031,225.43116763943317,422.2061760528687,971456.0155384529,0,0
2026-01-04 12:08:20.790495,793785.6638990361,376554.72194525716,529.1904425993574,251.0364812968381,1170340.3858442933,0,0
2026-01-04 12:08:21.790495,684333.2990993165,406387.7430389033,456.2221993995443,270.92516202593555,1090721.0421382198,0,0
2026-01-04 12:08:22.790495,426937.413313309,212860.6915687748,284.62494220887265,141.90712771251654,639798.1048820838,0,0
2026-01-04 12:08:23.790495,314969.52809780865,396764.9532211456,209.9796853985391,264.5099688140971,711734.4813189543,0,0
2026-01-04 12:08:24.790495,623284.5902533729,425805.44953156635,415.52306016891526,283.8702996877109,1049090.0397849393,0,0
2026-01-04 12:08:25.790495,317466.8874752605,238837.18035506675,211.64459165017365,159.22478690337783,556304.0678303272,0,0
2026-01-04 12:08:26.790495,248240.75834372937,482876.64885373,165.49383889581958,321.9177659024867,731117.4071974594,0,0
2026-01-04 12:08:27.790495,570704.8016393842,395397.5262884918,380.4698677595895,263.59835085899454,966102.327927876,0,1
2026-01-04 12:08:28.790495,532365.3709059354,329351.8751716387,354.9102472706236,219.56791678109246,861717.2460775741,0,0
2026-01-04 12:08:29.790495,329397.2531133287,267591.5126851222,219.59816874221914,178.39434179008146,596988.7657984509,0,0
2026-01-04 12:08:30.790495,647848.5827797288,796352.8011277181,431.8990551864859,530.9018674184787,1444201.3839074469,0,0
2026-01-04 12:08:31.790495,395589.8708663265,551744.9027792916,263.726580577551,367.8299351861944,947334.7736456181,0,0
2026-01-04 12:08:32.790495,274094.18383140146,573955.1565452598,182.72945588760098,382.6367710301732,848049.3403766612,0,0
2026-01-04 12:08:33.790495,444970.5362636653,321476.3135396084,296.6470241757769,214.31754235973892,766446.8498032737,0,0
2026-01-04 12:08:34.790495,343058.2137943161,504581.9083326985,228.7054758628774,336.38793888846567,847640.1221270146,0,0
2026-01-04 12:08:35.790495,317160.9537977462,615563.5040121201,211.44063586516415,410.37566934141336,932724.4578098663,0,0
2026-01-04 12:08:36.790495,586439.6226540261,405889.2616603249,390.95974843601743,270.59284110688327,992328.884314351,0,0
2026-01-04 12:08:37.790495,301745.6014069269,529437.0548162472,201.16373427128457,352.95803654416477,831182.6562231741,0,0
2026-01-04 12:08:38.790495,128993.21853560486,267739.32344423776,85.99547902373658,178.4928822961585,396732.5419798426,0,0
2026-01-04 12:08:39.790495,718106.1683510126,453986.4777217553,478.73744556734175,302.65765181450354,1172092.646072768,0,0
2026-01-04 12:08:40.790495,357352.85076862073,344672.7570227502,238.23523384574716,229.7818380151668,702025.607791371,0,0
2026-01-04 12:08:41.790495,403381.3075928657,413644.10130622884,268.92087172857714,275.76273420415254,817025.4088990946,0,0
2026-01-04 12:08:42.790495,591191.8362961211,341708.64867847867,394.12789086408077,227.80576578565245,932900.4849745998,0,0
2026-01-04 12:08:43.790495,765220.0566402163,614710.6117063881,510.14670442681086,409.8070744709254,1379930.6683466043,0,0
2026-01-04 12:08:44.790495,366995.31169163843,210087.51885532506,244.66354112775895,140.05834590355005,577082.8305469635,0,0
2026-01-04 12:08:45.790495,471587.93670894613,764448.081149882,314.39195780596407,509.6320540999214,1236036.0178588282,0,0
2026-01-04 12:08:46.790495,800451.1137402008,410281.4538322898,533.6340758268005,273.5209692215265,1210732.5675724905,0,0
2026-01-04 12:08:47.790495,412190.08285531064,278452.3315120449,274.79338857020707,185.63488767469659,690642.4143673555,0,0
2026-01-04 12:08:48.790495,375912.0706858586,703051.2557466665,250.60804712390575,468.7008371644443,1078963.326432525,0,0
2026-01-04 12:08:49.790495,179070.32100695407,259473.9962078842,119.38021400463604,172.98266413858946,438544.31721483823,0,0
2026-01-04 12:08:50.790495,302144.23283550306,248263.73682015808,201.42948855700203,165.5091578801054,550407.9696556611,0,0
2026-01-04 12:08:51.790495,587815.055492246,822923.7519151211,391.87670366149734,548.6158346100807,1410738.8074073673,0,0
2026-01-04 12:08:52.790495,1954951.961138207,1533172.4995559645,334.50985898865315,262.3396005767578,3488124.4606941715,0,0
2026-01-04 12:08:53.790495,336215.0925355395,556643.3400454139,224.143395023693,371.095560030276,892858.4325809533,0,0
2026-01-04 12:08:54.790495,493674.1132945746,491920.57597324,329.1160755297164,327.9470506488267,985594.6892678146,0,0
2026-01-04 12:08:55.790495,460096.613252884,490091.39608004875,306.73107550192265,326.7275973866992,950188.0093329328,0,0
2026-01-04 12:08:56.790495,436097.451349599,347355.70727589034,290.731634233066,231.57047151726022,783453.1586254893,0,0
2026-01-04 12:08:57.790495,0.0,0.0,0.0,0.0,0.0,0,0
2026-01-04 12:08:58.790495,401684.65522950055,491504.29779159033,267.78977015300035,327.6695318610602,893188.9530210908,0,0
2026-01-04 12:08:59.790495,209362.8877867334,108759.6845134403,139.57525852448893,72.50645634229353,318122.5723001737,0,0
2026-01-04 12:09:00.790495,502485.9754952392,254487.6358854663,334.99065033015944,169.6584239236442,756973.6113807055,0,0
2026-01-04 12:09:01.790495,369065.22072863055,395065.99834210565,246.0434804857537,263.37733222807043,764131.2190707362,0,0
2026-01-04 12:09:02.790495,424760.28265064076,311212.2156060703,283.17352176709386,207.47481040404688,735972.498256711,0,0
2026-01-04 12:09:03.790495,183749.62256191205,351628.8422465165,122.49974837460803,234.41922816434433,535378.4648084285,0,0
2026-01-04 12:09:04.790495,483235.0838172211,534938.7269425604,322.15672254481404,356.62581796170696,1018173.8107597815,0,0
2026-01-04 12:09:05.790495,1334539.2349529667,1745385.3545947643,206.18709898857117,269.66306681400505,3079924.589547731,0,0
2026-01-04 12:09:06.790495,313366.0297188116,252085.70646986854,208.91068647920775,168.05713764657904,565451.7361886802,0,0
2026-01-04 12:09:07.790495,393988.1923657265,300800.6090013992,262.65879491048435,200.53373933426613,694788.8013671257,0,0
2026-01-04 12:09:08.790495,585780.451701615,301589.4323106936,390.52030113441,201.05962154046242,887369.8840123087,0,0
2026-01-04 12:09:09.790495,333640.825799384,579908.5086994515,222.4272171995893,386.605672466301,913549.3344988355,0,0
2026-01-04 12:09:10.790495,325154.5832684594,432757.301700145,216.76972217897296,288.5048678000967,757911.8849686044,1,0
2026-01-04 12:09:11.790495,961696.298770129,528533.7033500746,161.79214491863158,88.91850955042104,1490230.0021202036,0,0
2026-01-04 12:09:12.790495,106444.6622267064,223631.42621509588,70.96310815113759,149.0876174767306,330076.0884418023,0,0
2026-01-04 12:09:13.790495,525440.3250934476,333079.01036110305,350.2935500622984,222.0526735740687,858519.3354545506,0,0
2026-01-04 12:09:14.790495,475165.6998612105,254345.455762578,316.77713324080696,169.563637175052,729511.1556237885,0,0
2026-01-04 12:09:15.790495,111468.08613135961,241798.19632719157,74.31205742090641,161.19879755146104,353266.28245855117,0,0
2026-01-04 12:09:16.790495,293102.3156629262,401294.70463748823,195.40154377528413,267.52980309165883,694397.0203004144,0,0
2026-01-04 12:09:17.790495,163956.23784744448,312905.8608142515,109.30415856496299,208.603907209501,476862.09866169596,0,0
2026-01-04 12:09:18.790495,0.0,0.0,0.0,0.0,0.0,0,0
2026-01-04 12:09:19.790495,358730.36404773744,214495.62985987111,239.15357603182497,142.9970865732474,573225.9939076086,0,0
2026-01-04 12:09:20.790495,380865.07601690036,297095.936019997,253.91005067793358,198.06395734666467,677961.0120368974,0,0
2026-01-04 12:09:21.790495,166254.33530265308,163576.07944833784,110.83622353510205,109.05071963222522,329830.4147509909,0,0
2026-01-04 12:09:22.790495,123720.86459066918,136945.5852404361,82.48057639377946,91.2970568269574,260666.44983110527,0,0
2026-01-04 12:09:23.790495,490634.34074002336,429261.4776600261,327.0895604933489,286.17431844001743,919895.8184000495,0,0
2026-01-04 12:09:24.790495,289952.8711089701,496441.08309630543,193.30191407264672,330.9607220642036,786393.9542052755,0,0
2026-01-04 12:09:25.790495,242954.25795346676,441991.4418230665,161.96950530231118,294.66096121537765,684945.6997765333,0,0
2026-01-04 12:09:26.790495,354307.56397683173,190159.6133835653,236.20504265122116,126.77307558904353,544467.1773603971,0,0
2026-01-04 12:09:27.790495,493465.0595104325,305700.910690127,328.97670634028833,203.80060712675134,799165.9702005595,0,0
2026-01-04 12:09:28.790495,227586.20702153025,371488.31712014036,151.7241380143535,247.6588780800936,599074.5241416706,0,0
2026-01-04 12:09:29.790495,521360.8420855567,545924.0423205717,347.5738947237045,363.94936154704783,1067284.8844061284,0,0
2026-01-04 12:09:30.790495,508007.26333020296,471977.4866523344,338.671508886802,314.65165776822295,979984.7499825374,0,0
2026-01-04 12:09:31.790495,262706.96510453505,170258.14392266722,175.1379767363567,113.50542928177815,432965.1090272023,0,0
2026-01-04 12:09:32.790495,92053.44212092682,46345.089533118655,61.36896141395121,30.896726355412437,138398.53165404548,0,0
2026-01-04 12:09:33.790495,134451.1877688914,244206.6353088165,89.63412517926093,162.804423539211,378657.8230777079,0,0
2026-01-04 12:09:34.790495,242467.68630390047,510585.40060799697,161.6451242026003,340.390267071998,753053.0869118974,0,0
2026-01-04 12:09:35.790495,2463785.051539825,1361998.2787649457,507.25542829708155,280.4144865652997,3825783.3303047707,0,0
2026-01-04 12:09:36.790495,220119.50970734557,319718.72158233385,146.74633980489705,213.14581438822256,539838.2312896794,0,0
2026-01-04 12:09:37.790495,436521.6638307128,611204.3672027229,291.0144425538085,407.4695781351486,1047726.0310334357,0,0
2026-01-04 12:09:38.790495,512659.6363130482,552148.396094704,341.7730908753655,368.0989307298027,1064808.0324077522,0,0
2026-01-04 12:09:39.790495,697950.1876457505,674790.7698678117,465.300125097167,449.8605132452078,1372740.9575135622,0,0
2026-01-04 12:09:40.790495,360128.1532339672,304993.9856674852,240.08543548931146,203.32932377832347,665122.1389014524,0,0
2026-01-04 12:09:41.790495,512392.9906410194,555486.9161653888,341.59532709401293,370.32461077692585,1067879.9068064082,0,0
2026-01-04 12:09:42.790495,591378.4136896208,333028.8485321716,394.2522757930805,222.01923235478108,924407.2622217925,0,0
2026-01-04 12:09:43.790495,321876.68983250594,299588.02065801906,214.5844598883373,199.72534710534603,621464.710490525,0,0
2026-01-04 12:09:44.790495,929752.8385009739,674471.822036188,619.835225667316,449.64788135745863,1604224.6605371619,0,0
2026-01-04 12:09:45.790495,830946.0851950799,388326.83442541613,168.34488920725246,78.67277923597447,1219272.919620496,0,0
2026-01-04 12:09:46.790495,602603.1676355046,547335.7106490403,401.73544509033644,364.89047376602684,1149938.878284545,0,0
2026-01-04 12:09:47.790495,554841.6955238075,530901.5385490577,369.89446368253834,353.9343590327051,1085743.2340728652,0,0
2026-01-04 12:09:48.790495,169862.16389609536,385227.694576681,113.24144259739691,256.81846305112066,555089.8584727764,0,0
2026-01-04 12:09:49.790495,322040.0750752416,366554.3110373296,214.69338338349442,244.36954069155308,688594.3861125712,0,0
2026-01-04 12:09:50.790495,177477.90487065483,115552.57600577376,118.31860324710323,77.03505067051584,293030.4808764286,0,0
2026-01-04 12:09:51.790495,211209.16496366455,416326.5116548477,140.80610997577637,277.5510077698985,627535.6766185123,1,0
2026-01-04 12:09:52.790495,614676.2330076674,601839.5268703676,409.7841553384449,401.22635124691175,1216515.759878035,0,0
2026-01-04 12:09:53.790495,339314.13441881427,380920.6237968465,226.20942294587618,253.947082531231,720234.7582156607,0,0
2026-01-04 12:09:54.790495,322136.32248615514,551758.0882208332,214.75754832410342,367.83872548055547,873894.4107069883,0,0
2026-01-04 12:09:55.790495,531623.4399722355,387858.5957800604,354.415626648157,258.57239718670695,919482.0357522959,0,0
2026-01-04 12:09:56.790495,97494.13651139179,132179.821678901,64.99609100759453,88.11988111926733,229673.9581902928,0,0
2026-01-04 12:09:57.790495,137098.22057437644,148258.83188017746,91.39881371625096,98.83922125345164,285357.0524545539,0,0
2026-01-04 12:09:58.790495,229430.32198290568,137533.85630760284,152.9535479886038,91.6892375384019,366964.1782905085,0,0
2026-01-04 12:09:59.790495,675550.540822713,358278.5062363127,450.36702721514206,238.85233749087513,1033829.0470590257,0,0
2026-01-04 12:10:00.790495,733375.7097491649,358435.5572681296,488.91713983277657,238.95703817875307,1091811.2670172944,0,0
2026-01-04 12:10:01.790495,479874.49914814346,405792.6714025041,319.916332765429,270.52844760166937,885667.1705506475,0,0
2026-01-04 12:10:02.790495,595931.6411379756,607937.9551253103,397.2877607586504,405.2919700835402,1203869.596263286,0,0
2026-01-04 12:10:03.790495,292484.0078413666,245890.97393948448,194.98933856091105,163.9273159596563,538374.981780851,0,0
2026-01-04 12:10:04.790495,0.0,0.0,0.0,0.0,0.0,0,0
2026-01-04 12:10:05.790495,264631.3392828243,222423.69965948616,176.4208928552162,148.28246643965744,487055.0389423105,0,0
2026-01-04 12:10:06.790495,489570.9045329242,527465.332112995,326.38060302194947,351.64355474199664,1017036.2366459192,0,0
2026-01-04 12:10:07.790495,486137.06786366785,337738.4183138764,324.09137857577855,225.15894554258426,823875.4861775442,0,0
2026-01-04 12:10:08.790495,744468.4730645668,522414.19164078165,496.3123153763779,348.2761277605211,1266882.6647053484,0,0
2026-01-04 12:10:09.790495,136385.0749063316,98845.6861855509,90.92338327088774,65.8971241237006,235230.7610918825,0,0
2026-01-04 12:10:10.790495,236984.91840545356,196184.23260865122,157.9899456036357,130.7894884057675,433169.1510141048,0,0
2026-01-04 12:10:11.790495,180366.3717013858,278814.2019683454,120.24424780092386,185.87613464556358,459180.57366973115,0,0
2026-01-04 12:10:12.790495,288780.76539691084,398593.1726301884,192.52051026460722,265.7287817534589,687373.9380270992,0,0
2026-01-04 12:10:13.790495,386557.5821773353,651163.0273560323,257.7050547848902,434.1086849040215,1037720.6095333676,1,0
2026-01-04 12:10:14.790495,109209.36072826978,161826.34964913342,72.80624048551319,107.88423309942227,271035.7103774032,0,0
2026-01-04 12:10:15.790495,290123.5049486788,467175.5608872421,193.41566996578584,311.45037392482806,757299.0658359209,0,0
2026-01-04 12:10:16.790495,341094.3267902968,297059.86691598094,227.39621786019788,198.0399112773206,638154.1937062778,0,0
2026-01-04 12:10:17.790495,265182.53368199186,241769.87959451467,176.78835578799456,161.17991972967644,506952.41327650653,0,0
2026-01-04 12:10:18.790495,328015.9230612742,210236.98542740438,218.6772820408495,140.15799028493626,538252.9084886786,0,0
2026-01-04 12:10:19.790495,80914.73997212978,120844.48659760303,53.94315998141985,80.56299106506869,201759.22656973283,0,0
2026-01-04 12:10:20.790495,197383.87049652432,195730.11940656026,131.5892469976829,130.48674627104018,393113.9899030846,0,0
2026-01-04 12:10:21.790495,346507.86358543835,319797.56966734503,231.00524239029224,213.19837977823002,666305.4332527834,0,0
2026-01-04 12:10:22.790495,920344.2146944923,993903.656443056,613.5628097963282,662.602437628704,1914247.8711375482,0,0
2026-01-04 12:10:23.790495,234770.29571696674,204106.50378136593,156.5135304779778,136.0710025209106,438876.79949833266,0,0
2026-01-04 12:10:24.790495,370397.5559443798,181113.90367094488,246.9317039629199,120.74260244729659,551511.4596153247,0,0
2026-01-04 12:10:25.790495,372316.65463067143,747399.2824700333,248.21110308711428,498.26618831335554,1119715.9371007048,0,0
2026-01-04 12:10:26.790495,491458.45593150175,463261.85638251324,327.6389706210012,308.84123758834215,954720.312314015,0,0
2026-01-04 12:10:27.790495,190085.11001705355,319209.4974507809,126.7234066780357,212.80633163385392,509294.6074678344,0,0
2026-01-04 12:10:28.790495,151578.74974032852,70997.72212621188,101.05249982688568,47.33181475080792,222576.4718665404,0,0
2026-01-04 12:10:29.790495,638383.0741434563,411566.7402960307,425.58871609563755,274.37782686402045,1049949.814439487,0,0
2026-01-04 12:10:30.790495,322819.9279446818,254631.7997596724,215.21328529645453,169.75453317311494,577451.7277043542,0,0
2026-01-04 12:10:31.790495,413051.7047447774,207487.05530104158,275.36780316318493,138.32470353402772,620538.760045819,0,0
2026-01-04 12:10:32.790495,293434.1660625706,605252.4655879,195.62277737504706,403.50164372526666,898686.6316504707,0,0
2026-01-04 12:10:33.790495,563175.609212907,671788.2749090327,375.450406141938,447.85884993935514,1234963.8841219398,0,0
2026-01-04 12:10:34.790495,457945.423897755,486973.2491569689,305.29694926517,324.6488327713126,944918.6730547239,0,0
2026-01-04 12:10:35.790495,753380.536051182,1435336.234683108,134.25095349597876,255.774139193376,2188716.77073429,0,0
2026-01-04 12:10:36.790495,214573.18076157704,148631.33023752918,143.0487871743847,99.08755349168612,363204.5109991062,0,0
2026-01-04 12:10:37.790495,837725.4439036148,588796.0869013192,558.4836292690765,392.53072460087947,1426521.530804934,0,0
2026-01-04 12:10:38.790495,519189.41234540875,607481.2073243336,346.12627489693915,404.9874715495557,1126670.6196697424,0,0
2026-01-04 12:10:39.790495,749248.2332821713,480211.40810464474,499.4988221881142,320.1409387364298,1229459.641386816,0,0
2026-01-04 12:10:40.790495,235109.7377882313,330885.77212068834,156.7398251921542,220.59051474712555,565995.5099089196,0,0
2026-01-04 12:10:41.790495,543062.5290147621,449818.68017598405,362.04168600984144,299.8791201173227,992881.2091907462,0,0
2026-01-04 12:10:42.790495,680081.0125702454,897010.7238303253,453.38734171349694,598.0071492202169,1577091.7364005707,0,0
2026-01-04 12:10:43.790495,1616481.9846583682,1049563.8071313177,244.62650117622317,158.83327147255093,2666045.791789686,0,0
2026-01-04 12:10:44.790495,542528.8084057028,348520.4988640908,361.68587227046856,232.3469992427272,891049.3072697936,0,0
2026-01-04 12:10:45.790495,376215.894619952,437776.1273150238,250.81059641330134,291.8507515433492,813992.0219349759,0,0
2026-01-04 12:10:46.790495,338127.99275336874,633671.5482290805,225.41866183557917,422.447698819387,971799.5409824492,0,0
2026-01-04 12:10:47.790495,425382.72580859263,248084.14737895923,283.5884838723951,165.38943158597283,673466.8731875519,0,0
2026-01-04 12:10:48.790495,315868.94608200656,464140.160733919,210.57929738800436,309.4267738226127,780009.1068159256,1,0
2026-01-04 12:10:49.790495,592809.2482079862,329597.90434332803,395.2061654719908,219.73193622888536,922407.1525513142,0,0
2026-01-04 12:10:50.790495,649554.8303682724,650148.7791746523,433.03655357884827,433.4325194497682,1299703.6095429247,0,0
2026-01-04 12:10:51.790495,567366.998013062,605108.1613345159,378.24466534204134,403.40544088967727,1172475.159347578,0,0
2026-01-04 12:10:52.790495,392472.1181070761,283705.12783289916,261.64807873805074,189.13675188859943,676177.2459399753,0,0
2026-01-04 12:10:53.790495,727729.8848453674,358995.12053125375,485.1532565635783,239.33008035416916,1086725.0053766211,0,0
2026-01-04 12:10:54.790495,708016.0572382427,561338.7728900478,472.0107048254951,374.2258485933652,1269354.8301282905,0,0
2026-01-04 12:10:55.790495,0.0,0.0,0.0,0.0,0.0,0,0
2026-01-04 12:10:56.790495,448097.71190946107,229479.41428706795,298.7318079396407,152.98627619137864,677577.126196529,0,0
2026-01-04 12:10:57.790495,686818.0322388571,356978.8684278858,457.8786881592381,237.9859122852572,1043796.9006667429,0,0
2026-01-04 12:10:58.790495,607359.2059248023,291023.1700219263,404.9061372832016,194.0154466812842,898382.3759467286,0,0
2026-01-04 12:10:59.790495,623830.9111279512,428534.0572685926,415.8872740853008,285.68937151239504,1052364.9683965438,0,0
2026-01-04 12:11:00.790495,424439.34561180125,431975.8497774428,282.95956374120084,287.98389985162856,856415.195389244,0,0
2026-01-04 12:11:01.790495,407063.227140795,509269.5303656712,271.37548476052996,339.51302024378083,916332.7575064662,0,0
2026-01-04 12:11:02.790495,339600.29766538617,770363.098515105,226.40019844359077,513.57539901007,1109963.3961804912,0,0
2026-01-04 12:11:03.790495,270160.8848680247,162709.1565496273,180.10725657868312,108.47277103308487,432870.041417652,0,0
2026-01-04 12:11:04.790495,320717.5909809621,660574.8445456085,213.8117273206414,440.38322969707235,981292.4355265707,0,0
2026-01-04 12:11:05.790495,538731.794692783,244513.78277017214,359.1545297951887,163.0091885134481,783245.5774629551,0,0
2026-01-04 12:11:06.790495,292051.6554188782,306597.8777411871,194.70110361258546,204.3985851607914,598649.5331600653,0,0
2026-01-04 12:11:07.790495,193677.033576237,145459.13507982137,129.118022384158,96.9727567198809,339136.1686560584,0,0
2026-01-04 12:11:08.790495,300510.8047266918,228620.43613062156,200.3405364844612,152.41362408708105,529131.2408573134,0,0
2026-01-04 12:11:09.790495,1213415.8960250132,1420308.3209644728,257.7261012914591,301.6694666627692,2633724.216989486,0,0
2026-01-04 12:11:10.790495,606103.3158478495,396495.5101422389,404.06887723189965,264.33034009482594,1002598.8259900884,0,0
2026-01-04 12:11:11.790495,37312.25390259894,36074.91082882843,24.87483593506596,24.04994055255229,73387.16473142737,0,0
2026-01-04 12:11:12.790495,143056.3229135119,300401.2144574047,95.37088194234126,200.26747630493645,443457.5373709165,0,0
2026-01-04 12:11:13.790495,285769.63597274193,272773.5457043276,190.51309064849463,181.84903046955174,558543.1816770695,0,0
2026-01-04 12:11:14.790495,514188.60831012734,267101.2426292783,342.79240554008487,178.06749508618552,781289.8509394056,0,0
2026-01-04 12:11:15.790495,61875.746157763584,123744.99281029185,41.25049743850906,82.4966618735279,185620.73896805543,0,0
2026-01-04 12:11:16.790495,742651.4501753737,585177.5337097183,495.10096678358246,390.11835580647886,1327828.983885092,0,0
2026-01-04 12:11:17.790495,2939.761608916587,2157.817352183049,1.9598410726110582,1.438544901455366,5097.578961099636,0,0
2026-01-04 12:11:18.790495,1563740.8656534157,1142685.2774460441,218.7857625915178,159.87512721531897,2706426.14309946,0,0
2026-01-04 12:11:19.790495,325346.0759633348,235078.87324886463,216.89738397555655,156.71924883257643,560424.9492121994,0,0
2026-01-04 12:11:20.790495,317943.4670313153,285862.9152010821,211.96231135421021,190.5752768007214,603806.3822323974,0,0
2026-01-04 12:11:21.790495,372486.671965486,330253.6236221221,248.32444797699068,220.16908241474806,702740.2955876081,0,0
2026-01-04 12:11:22.790495,533180.0973112937,470198.438420965,355.4533982075291,313.46562561397667,1003378.5357322587,0,0
2026-01-04 12:11:23.790495,536573.0777602663,518727.5926222484,357.7153851735108,345.8183950814989,1055300.6703825146,0,0
2026-01-04 12:11:24.790495,336134.6755507738,470150.9502249619,224.08978370051585,313.43396681664126,806285.6257757357,0,0
2026-01-04 12:11:25.790495,148228.24099730895,109939.26537464318,98.8188273315393,73.29284358309545,258167.50637195213,0,0
2026-01-04 12:11:26.790495,266731.9110103681,144148.52982765622,177.82127400691206,96.09901988510416,410880.4408380243,0,0
2026-01-04 12:11:27.790495,410810.0048631262,380789.335189466,273.87333657541745,253.85955679297734,791599.3400525922,0,0
2026-01-04 12:11:28.790495,120336.41868925416,178337.1532401737,80.22427912616944,118.89143549344914,298673.57192942785,0,0
2026-01-04 12:11:29.790495,274856.7040293995,178406.54941444795,183.23780268626632,118.93769960963196,453263.2534438474,0,0
2026-01-04 12:11:30.790495,303681.4460748756,508830.1765085114,202.4542973832504,339.22011767234096,812511.6225833871,0,0
2026-01-04 12:11:31.790495,422447.70239342755,612902.7774256775,281.63180159561836,408.60185161711837,1035350.4798191051,0,0
2026-01-04 12:11:32.790495,0.0,0.0,0.0,0.0,0.0,0,0
2026-01-04 12:11:33.790495,347934.38279418065,342363.189797612,231.95625519612042,228.24212653174135,690297.5725917927,0,0
2026-01-04 12:11:34.790495,503808.2680332317,680809.2493395942,335.8721786888211,453.87283289306276,1184617.5173728259,0,0
2026-01-04 12:11:35.790495,212996.82084090525,475879.01969480386,141.9978805606035,317.2526797965359,688875.840535709,0,0
2026-01-04 12:11:36.790495,208352.41103341957,447412.11686441465,138.90160735561304,298.2747445762764,655764.5278978342,0,0
2026-01-04 12:11:37.790495,404571.78260456806,228020.8672321497,269.7145217363787,152.0139114880998,632592.6498367178,0,0
2026-01-04 12:11:38.790495,539954.9736236943,374579.7315230952,359.96998241579615,249.7198210153968,914534.7051467896,0,0
2026-01-04 12:11:39.790495,452695.25306147797,262772.935336654,301.7968353743186,175.1819568911027,715468.188398132,0,0
2026-01-04 12:11:40.790495,2397025.9223632556,1574679.8916856986,362.22470004607203,237.95652191866213,3971705.8140489543,0,0
2026-01-04 12:11:41.790495,352565.6384311258,321949.69731592794,235.04375895408387,214.63313154395198,674515.3357470537,0,0
2026-01-04 12:11:42.790495,185899.56531937452,419076.09579224733,123.93304354624968,279.38406386149825,604975.6611116219,0,0
2026-01-04 12:11:43.790495,339844.2449834787,562686.9432883996,226.56282998898578,375.1246288589331,902531.1882718783,0,0
2026-01-04 12:11:44.790495,455936.7942208144,582768.6973891328,303.95786281387626,388.5124649260885,1038705.4916099472,0,1
2026-01-04 12:11:45.790495,490386.20433104504,977165.5124848118,326.9241362206967,651.4436749898746,1467551.716815857,1,0
2026-01-04 12:11:46.790495,327592.0247250843,544812.1498592813,218.3946831500562,363.2080999061875,872404.1745843656,0,0
2026-01-04 12:11:47.790495,630722.5408482054,493423.81394277635,420.48169389880366,328.94920929518423,1124146.3547909819,0,0
2026-01-04 12:11:48.790495,669400.6608856275,383802.02200628386,446.267107257085,255.8680146708559,1053202.6828919114,0,0
2026-01-04 12:11:49.790495,457226.8035836721,1037493.8470818686,304.8178690557814,691.6625647212458,1494720.6506655407,0,0
2026-01-04 12:11:50.790495,1748022.9818693656,3468639.6426018947,256.92167166363845,509.8152053029721,5216662.62447126,0,1
2026-01-04 12:11:51.790495,382540.9791815286,559811.9556397477,255.0273194543524,373.20797042649843,942352.9348212763,0,0
2026-01-04 12:11:52.790495,540221.0351889145,331713.92790871713,360.1473567926097,221.1426186058114,871934.9630976316,0,0
2026-01-04 12:11:53.790495,370711.1518781425,380735.68410132255,247.14076791876167,253.8237894008817,751446.835979465,0,0
2026-01-04 12:11:54.790495,694562.475870489,681857.2010360024,463.041650580326,454.57146735733494,1376419.6769064914,0,0
2026-01-04 12:11:55.790495,670005.0989028952,533315.3304721821,446.6700659352635,355.5435536481214,1203320.4293750774,0,0
2026-01-04 12:11:56.790495,617641.1088835042,368288.7233668509,411.7607392556694,245.52581557790063,985929.8322503552,0,0
2026-01-04 12:11:57.790495,386323.1396240457,298438.4428692203,257.5487597493638,198.95896191281352,684761.582493266,0,0
2026-01-04 12:11:58.790495,517250.30143790017,344464.45448506845,344.83353429193346,229.6429696567123,861714.7559229686,0,0
2026-01-04 12:11:59.790495,532580.5095608684,334694.1526503313,355.05367304057893,223.1294351002209,867274.6622111998,0,0
2026-01-04 12:12:00.790495,298180.92939143756,675645.6496870201,198.78728626095838,450.43043312468006,973826.5790784577,0,0
2026-01-04 12:12:01.790495,330512.1445092091,437307.7692324618,220.34142967280607,291.53851282164123,767819.9137416709,0,0
2026-01-04 12:12:02.790495,687850.4981972646,683733.9567168505,458.5669987981764,455.8226378112337,1371584.4549141151,0,0
2026-01-04 12:12:03.790495,386963.50179268717,305161.70926353295,257.97566786179146,203.44113950902195,692125.2110562201,0,1
2026-01-04 12:12:04.790495,295910.2050050228,521709.986710757,197.27347000334854,347.80665780717135,817620.1917157798,0,0
2026-01-04 12:12:05.790495,326888.403292357,152136.37463159216,217.92560219490466,101.42424975439478,479024.7779239491,0,0
2026-01-04 12:12:06.790495,735599.5991260137,657283.8313798623,490.3997327506758,438.18922091990817,1392883.430505876,0,0
2026-01-04 12:12:07.790495,600745.933465484,278437.65549609653,400.4972889769893,185.62510366406434,879183.5889615804,0,0
2026-01-04 12:12:08.790495,381091.44864772167,419836.12095158605,254.06096576514778,279.8907473010574,800927.5695993077,0,0
2026-01-04 12:12:09.790495,332241.91479670315,356617.9234285379,221.49460986446877,237.74528228569193,688859.838225241,0,0
2026-01-04 12:12:10.790495,188782.47039140153,285549.47262620414,125.85498026093435,190.3663150841361,474331.94301760563,0,0
2026-01-04 12:12:11.790495,282817.41466310044,487300.54796666274,188.54494310873363,324.8670319777752,770117.9626297632,0,0
2026-01-04 12:12:12.790495,473021.8732675789,465934.5841486475,315.34791551171924,310.62305609909833,938956.4574162264,0,0
2026-01-04 12:12:13.790495,297467.64816266985,588355.4552425015,198.3117654417799,392.2369701616676,885823.1034051713,0,0
2026-01-04 12:12:14.790495,544952.7910597135,527333.4520443423,363.3018607064756,351.5556346962282,1072286.2431040558,0,0
2026-01-04 12:12:15.790495,154023.72514381632,262209.70386875834,102.68248342921088,174.80646924583888,416233.42901257466,0,0
2026-01-04 12:12:16.790495,45177.65775820368,21921.721274541203,30.11843850546912,14.614480849694136,67099.37903274488,0,0
2026-01-04 12:12:17.790495,0.0,0.0,0.0,0.0,0.0,0,0
2026-01-04 12:12:18.790495,524732.3707118011,437361.8248040313,349.8215804745341,291.5745498693542,962094.1955158324,0,0
2026-01-04 12:12:19.790495,205052.14676503048,130211.69527148656,136.70143117668698,86.80779684765771,335263.84203651705,0,0
2026-01-04 12:12:20.790495,182166.08490727755,239473.03825402373,121.4440566048517,159.64869216934915,421639.1231613013,0,0
2026-01-04 12:12:21.790495,215510.21462402155,134267.4817329396,143.67347641601438,89.5116544886264,349777.69635696115,0,0
2026-01-04 12:12:22.790495,257069.92998314957,137949.0489823703,171.3799533220997,91.96603265491353,395018.97896551987,0,0
2026-01-04 12:12:23.790495,226484.68526477693,394126.01961044664,150.98979017651794,262.75067974029776,620610.7048752236,0,0
2026-01-04 12:12:24.790495,422400.9845206206,229131.50534195086,281.6006563470804,152.7543368946339,651532.4898625715,0,0
2026-01-04 12:12:25.790495,470334.7852931422,293942.204816552,313.5565235287615,195.96146987770132,764276.9901096942,0,0
2026-01-04 12:12:26.790495,566002.0497261174,243191.7563692283,377.3346998174116,162.12783757948554,809193.8060953458,0,0
2026-01-04 12:12:27.790495,369698.47143193934,312569.41832914966,246.4656476212929,208.3796122194331,682267.889761089,0,0
2026-01-04 12:12:28.790495,194024.81356882653,133640.89660072722,129.349875712551,89.09393106715149,327665.71016955376,0,0
2026-01-04 12:12:29.790495,190538.81487462122,135233.64572775358,127.02587658308082,90.1557638185024,325772.4606023748,1,0
2026-01-04 12:12:30.790495,174469.88474995104,303140.9342075581,116.31325649996737,202.09395613837208,477610.8189575091,0,0
2026-01-04 12:12:31.790495,367602.0124307544,498980.72290665965,245.0680082871696,332.65381527110645,866582.7353374141,0,0
2026-01-04 12:12:32.790495,639150.1088325793,590384.8911478033,426.1000725550529,393.58992743186883,1229534.9999803826,0,0
2026-01-04 12:12:33.790495,362841.32774483634,429905.1505426153,241.89421849655756,286.60343369507683,792746.4782874517,0,0
2026-01-04 12:12:34.790495,876922.2931622429,1003356.2822320483,153.50331051536222,175.63530104087565,1880278.5753942912,0,0
2026-01-04 12:12:35.790495,612274.1083948928,397979.00125996675,408.1827389299285,265.3193341733112,1010253.1096548595,0,0
2026-01-04 12:12:36.790495,653284.7940512403,319836.00601064967,435.5231960341602,213.22400400709978,973120.8000618899,0,0
2026-01-04 12:12:37.790495,512190.5136198755,637956.157165124,341.4603424132503,425.3041047767493,1150146.6707849994,0,0
2026-01-04 12:12:38.790495,63689.65780956418,30971.796303680592,42.45977187304279,20.64786420245373,94661.45411324478,0,0
2026-01-04 12:12:39.790495,534483.1942350353,357524.4164653056,356.32212949002354,238.3496109768704,892007.6107003409,0,0
2026-01-04 12:12:40.790495,424037.8369183182,605577.1120103468,282.6918912788788,403.71807467356456,1029614.948928665,0,0
2026-01-04 12:12:41.790495,680677.124799474,425214.8447518865,453.784749866316,283.4765631679243,1105891.9695513605,0,0
2026-01-04 12:12:42.790495,383907.9078024097,554435.1188982846,255.9386052016065,369.6234125988564,938343.0267006942,0,0
2026-01-04 12:12:43.790495,829047.0455949117,588289.4426642981,552.6980303966078,392.19296177619873,1417336.4882592098,0,0
2026-01-04 12:12:44.790495,419521.7019153178,622744.5001461846,279.68113461021187,415.1630000974564,1042266.2020615024,0,0
2026-01-04 12:12:45.790495,566402.4680419093,295111.446322804,377.60164536127286,196.7409642152027,861513.9143647134,0,0
2026-01-04 12:12:46.790495,753002.3972537576,363098.81589932874,502.0015981691717,242.06587726621916,1116101.2131530864,0,0
2026-01-04 12:12:47.790495,2084426.7698160612,1892570.3590094687,373.76696056458803,339.36441470861683,3976997.12882553,0,0
2026-01-04 12:12:48.790495,267036.0128913561,505049.19490534085,178.0240085942374,336.6994632702272,772085.2077966969,0,0
2026-01-04 12:12:49.790495,514653.4259293351,392921.94417210895,343.1022839528901,261.947962781406,907575.3701014441,0,0
2026-01-04 12:12:50.790495,495570.28438460454,356009.3717981528,330.38018958973635,237.33958119876854,851579.6561827573,0,0
2026-01-04 12:12:51.790495,538730.9774150569,458401.12782861094,359.15398494337126,305.60075188574064,997132.1052436678,0,0
2026-01-04 12:12:52.790495,675741.9138723332,632079.7297734607,450.49460924822216,421.38648651564046,1307821.643645794,0,0
2026-01-04 12:12:53.790495,268162.4255525216,471504.02375198033,178.77495036834773,314.33601583465355,739666.449304502,0,0
2026-01-04 12:12:54.790495,819959.7632495282,489243.5248031421,546.6398421663522,326.1623498687614,1309203.2880526704,0,0
2026-01-04 12:12:55.790495,400040.5674708728,423377.8345833301,266.6937116472485,282.25188972222,823418.4020542029,0,0
2026-01-04 12:12:56.790495,452652.2633210329,573686.5799016785,301.76817554735527,382.4577199344523,1026338.8432227114,0,0
2026-01-04 12:12:57.790495,433539.5295065857,235606.83326977308,289.02635300439044,157.07122217984872,669146.3627763587,0,0
2026-01-04 12:12:58.790495,69472.9119267549,148954.63879760337,46.3152746178366,99.30309253173559,218427.55072435827,0,0
2026-01-04 12:12:59.790495,325426.37292084866,168667.9644598055,216.95091528056577,112.44530963987033,494094.3373806542,0,0
2026-01-04 12:13:00.790495,677322.377234326,403664.1771587559,451.54825148955064,269.1094514391706,1080986.554393082,0,0
2026-01-04 12:13:01.790495,431148.5801725025,420185.708372683,287.43238678166836,280.12380558178864,851334.2885451855,0,0
2026-01-04 12:13:02.790495,282667.1014871988,529252.7107276954,188.44473432479919,352.83514048513024,811919.8122148941,0,0
2026-01-04 12:13:03.790495,300211.49954724434,312443.42666525877,200.1409996981629,208.29561777683918,612654.9262125031,0,0
2026-01-04 12:13:04.790495,768482.9380899247,1241952.097073884,165.10835623942745,266.8330799713656,2010435.0351638086,0,0
2026-01-04 12:13:05.790495,401483.6207498976,343922.1156153015,267.6557471665984,229.28141041020098,745405.7363651991,0,0
2026-01-04 12:13:06.790495,701119.611357429,331684.7660622284,467.41307423828596,221.12317737481894,1032804.3774196573,0,0
2026-01-04 12:13:07.790495,121372.94347645488,55305.65057228267,80.91529565096992,36.87043371485511,176678.59404873755,0,0
2026-01-04 12:13:08.790495,209731.80094250216,139232.32252728177,139.82120062833476,92.82154835152117,348964.1234697839,0,0
2026-01-04 12:13:09.790495,66858.6569380417,29816.170264271546,44.57243795869447,19.877446842847696,96674.82720231324,0,0
2026-01-04 12:13:10.790495,361772.2370082934,275539.54382406373,241.18149133886226,183.69302921604248,637311.7808323571,0,0
2026-01-04 12:13:11.790495,553901.0191591016,325936.0420671943,369.26734610606775,217.29069471146286,879837.061226296,0,0
2026-01-04 12:13:12.790495,435708.6692583581,363257.8631632603,290.47244617223873,242.17190877550686,798966.5324216184,0,0
2026-01-04 12:13:13.790495,262675.937555757,226231.70870716192,175.117291703838,150.82113913810795,488907.64626291895,0,0
2026-01-04 12:13:14.790495,344299.6740667058,434431.2350589969,229.53311604447055,289.6208233726646,778730.9091257027,0,0
2026-01-04 12:13:15.790495,268904.9982165511,302777.3602555297,179.26999881103407,201.85157350368647,571682.3584720808,0,0
2026-01-04 12:13:16.790495,14026.30177747425,10381.279423151222,9.3508678516495,6.9208529487674815,24407.58120062547,0,0
2026-01-04 12:13:17.790495,180579.55157152197,190729.62140921067,120.38636771434798,127.15308093947378,371309.17298073263,0,0
2026-01-04 12:13:18.790495,640140.9033640687,329356.0524833989,426.7606022427125,219.57070165559924,969496.9558474675,0,0
2026-01-04 12:13:19.790495,698683.7712133247,357105.93420388363,465.78918080888315,238.0706228025891,1055789.7054172084,1,0
2026-01-04 12:13:20.790495,598645.9426324796,546404.160845432,399.09729508831975,364.2694405636213,1145050.1034779116,0,0
2026-01-04 12:13:21.790495,236283.52994971455,311658.73807576275,157.5223532998097,207.7724920505085,547942.2680254773,0,0
2026-01-04 12:13:22.790495,468858.2140342627,274931.88699758914,312.57214268950844,183.28792466505942,743790.1010318518,0,0
2026-01-04 12:13:23.790495,545743.0174500354,370318.3570164161,363.8286783000236,246.87890467761073,916061.3744664516,0,0
2026-01-04 12:13:24.790495,251173.9739076303,457887.7974904181,167.4493159384202,305.2585316602787,709061.7713980484,0,0
2026-01-04 12:13:25.790495,236891.11407540785,285282.94158769154,157.92740938360524,190.1886277251277,522174.0556630994,0,0
2026-01-04 12:13:26.790495,277537.42869844154,126661.11208201776,185.02495246562768,84.44074138801184,404198.5407804593,0,0
2026-01-04 12:13:27.790495,383443.38918715954,239778.5779941598,255.62892612477302,159.85238532943987,623221.9671813194,0,0
2026-01-04 12:13:28.790495,295363.4147961299,308861.9273393883,196.90894319741994,205.9079515595922,604225.3421355182,0,0
2026-01-04 12:13:29.790495,342091.4090303486,317717.4023316331,228.06093935356571,211.81160155442205,659808.8113619817,0,0
2026-01-04 12:13:30.790495,514234.6657573781,497645.52916555956,342.82311050491876,331.76368611037304,1011880.1949229377,0,0
2026-01-04 12:13:31.790495,490074.9589426087,365285.69583110674,326.71663929507247,243.52379722073783,855360.6547737154,0,0
2026-01-04 12:13:32.790495,534080.99099487,307102.73508511676,356.05399399658,204.73515672341117,841183.7260799868,0,0
2026-01-04 12:13:33.790495,512343.1388441901,274670.5875993963,341.5620925627934,183.1137250662642,787013.7264435864,0,0
2026-01-04 12:13:34.790495,249726.01729877671,208465.8144139102,166.4840115325178,138.97720960927347,458191.8317126869,0,0
2026-01-04 12:13:35.790495,240536.0610409702,279125.8662284741,160.35737402731348,186.0839108189827,519661.9272694443,0,0
2026-01-04 12:13:36.790495,430454.6169037951,456876.0472185874,286.96974460253006,304.5840314790583,887330.6641223825,0,1
2026-01-04 12:13:37.790495,666869.9256990794,483200.06413299526,444.57995046605294,322.1333760886635,1150069.9898320746,0,0
2026-01-04 12:13:38.790495,249436.93207821072,441019.47233600303,166.2912880521405,294.01298155733537,690456.4044142137,0,0
2026-01-04 12:13:39.790495,289494.11860916944,344576.1227656885,192.99607907277962,229.71741517712567,634070.241374858,0,0
2026-01-04 12:13:40.790495,231862.79037562493,495081.3110586281,154.57519358374995,330.0542073724187,726944.101434253,0,0
2026-01-04 12:13:41.790495,596904.4324706491,916627.7075494655,397.9362883137661,611.0851383663103,1513532.1400201146,0,0
2026-01-04 12:13:42.790495,561438.1699021418,486565.05768583756,374.2921132680945,324.3767051238917,1048003.2275879794,0,0
2026-01-04 12:13:43.790495,725016.5842725653,533047.6340620599,483.34438951504353,355.3650893747066,1258064.2183346252,0,0
2026-01-04 12:13:44.790495,459461.27139750286,337077.92209459667,306.3075142650019,224.71861472973112,796539.1934920995,0,0
2026-01-04 12:13:45.790495,431330.2289181911,493988.8229892004,287.55348594546075,329.3258819928003,925319.0519073915,0,0
2026-01-04 12:13:46.790495,449988.8731441153,607054.4280460177,299.9925820960769,404.70295203067843,1057043.301190133,0,0
2026-01-04 12:13:47.790495,448353.8502564762,232414.5497126756,298.9025668376508,154.94303314178373,680768.3999691518,0,0
2026-01-04 12:13:48.790495,186003.46090621487,401890.5859635775,124.00230727080991,267.9270573090517,587894.0468697924,0,0
2026-01-04 12:13:49.790495,224529.5222775509,242465.1844786395,149.68634818503392,161.64345631909302,466994.7067561904,0,0
2026-01-04 12:13:50.790495,478831.88134610385,856823.0294809039,319.2212542307359,571.2153529872693,1335654.9108270078,0,0
2026-01-04 12:13:51.790495,230366.48640677705,244063.25645657536,153.57765760451804,162.7088376377169,474429.7428633524,0,0
2026-01-04 12:13:52.790495,337291.83293559,572756.2048336453,224.86122195706,381.83746988909684,910048.0377692352,0,0
2026-01-04 12:13:53.790495,576811.8825486928,250477.77359115198,384.54125503246183,166.98518239410132,827289.6561398447,0,0
2026-01-04 12:13:54.790495,3140027.4846825283,3634885.9266911466,420.5748679576026,486.8561425390324,6774913.411373675,0,0
2026-01-04 12:13:55.790495,319978.3833069324,722437.7253710367,213.3189222046216,481.6251502473578,1042416.1086779691,0,0
2026-01-04 12:13:56.790495,729530.4328831575,359344.6421899224,486.353621922105,239.5630947932816,1088875.07507308,0,0
2026-01-04 12:13:57.790495,714559.5804542529,626986.6082889112,476.3730536361686,417.9910721926075,1341546.188743164,0,0
2026-01-04 12:13:58.790495,2949326.1533869775,2253891.799520107,403.42158248324233,308.2970648953861,5203217.9529070845,0,0
2026-01-04 12:13:59.790495,687030.6156239235,479863.3467990658,458.020410415949,319.9088978660439,1166893.9624229893,0,0
2026-01-04 12:14:00.790495,233013.42112773727,421995.72356614366,155.34228075182483,281.3304823774291,655009.1446938809,0,0
2026-01-04 12:14:01.790495,508017.50227901834,235464.2373637284,338.6783348526789,156.9761582424856,743481.7396427467,0,0
2026-01-04 12:14:02.790495,509094.8924705406,357003.5077344546,339.3965949803604,238.0023384896364,866098.4002049952,0,0
2026-01-04 12:14:03.790495,302468.6672310963,289799.8383640058,201.6457781540642,193.19989224267053,592268.5055951021,0,0
2026-01-04 12:14:04.790495,344730.9598163738,425685.59050744487,229.82063987758255,283.7903936716299,770416.5503238187,0,0
2026-01-04 12:14:05.790495,276293.59935910365,531179.0235353479,184.1957329060691,354.11934902356523,807472.6228944515,0,0
2026-01-04 12:14:06.790495,261316.72547766156,483628.0772807803,174.21115031844104,322.41871818718687,744944.8027584419,0,0
2026-01-04 12:14:07.790495,546911.5665463011,281595.6230915689,364.6077110308674,187.73041539437926,828507.1896378701,0,0
2026-01-04 12:14:08.790495,159387.34108551318,207303.18973586726,106.25822739034211,138.20212649057817,366690.53082138044,0,0
2026-01-04 12:14:09.790495,239489.9887123054,428732.53939811006,159.65999247487028,285.8216929320734,668222.5281104154,0,0
2026-01-04 12:14:10.790495,264006.88291831326,434713.3328288297,176.00458861220883,289.8088885525531,698720.215747143,0,0
2026-01-04 12:14:11.790495,274035.48772660125,432574.16256323195,182.6903251510675,288.3827750421546,706609.6502898332,0,0
2026-01-04 12:14:12.790495,235430.0705045315,458212.0445477779,156.95338033635434,305.47469636518525,693642.1150523094,0,0
2026-01-04 12:14:13.790495,1569237.9672288182,894381.8741785992,211.7841033767248,120.70563372476042,2463619.8414074173,0,0
2026-01-04 12:14:14.790495,288087.61778673704,340333.91045513045,192.0584118578247,226.88927363675364,628421.5282418675,0,0
2026-01-04 12:14:15.790495,422788.1601074314,195186.91851115233,281.85877340495426,130.1246123407682,617975.0786185837,0,0
2026-01-04 12:14:16.790495,586343.3961833687,280069.3806317641,390.89559745557915,186.71292042117608,866412.7768151329,0,0
2026-01-04 12:14:17.790495,377472.27481835184,165399.22714657336,251.64818321223456,110.26615143104891,542871.5019649252,0,0
2026-01-04 12:14:18.790495,639525.9809707713,401875.13983315934,426.3506539805142,267.9167598887729,1041401.1208039307,0,0
2026-01-04 12:14:19.790495,30444.20968761603,58301.13598492524,20.296139791744018,38.86742398995016,88745.34567254127,0,0
2026-01-04 12:14:20.790495,241241.61164474965,249977.88659046747,160.82774109649975,166.65192439364498,491219.4982352171,0,0
2026-01-04 12:14:21.790495,245744.41202408593,299147.04076579475,163.82960801605728,199.43136051052983,544891.4527898807,0,0
2026-01-04 12:14:22.790495,329194.9028133274,593372.6526695181,219.46326854221826,395.58176844634545,922567.5554828455,0,0
2026-01-04 12:14:23.790495,123100.83944047384,272010.7872904483,82.06722629364923,181.34052486029887,395111.62673092214,0,0
2026-01-04 12:14:24.790495,264222.16490256676,386365.7048312788,176.14810993504452,257.57713655418587,650587.8697338456,0,0
2026-01-04 12:14:25.790495,123016.56554264567,56911.30028169585,82.01104369509711,37.9408668544639,179927.8658243415,0,0
2026-01-04 12:14:26.790495,51943.90122777158,58562.03769957459,34.62926748518105,39.04135846638306,110505.93892734617,0,0
2026-01-04 12:14:27.790495,327888.73351697205,648350.5224450338,218.5924890113147,432.2336816300225,976239.2559620058,0,0
2026-01-04 12:14:28.790495,758971.6870575274,455187.4273142513,505.98112470501826,303.45828487616757,1214159.1143717787,0,0
2026-01-04 12:14:29.790495,417934.11479090434,453102.9618488754,278.62274319393623,302.0686412325836,871037.0766397797,0,0
2026-01-04 12:14:30.790495,614171.6128155456,273428.7313227506,409.4477418770304,182.28582088183376,887600.3441382962,0,0
2026-01-04 12:14:31.790495,133367.21883183287,94434.78667004713,88.91147922122191,62.95652444669809,227802.00550188002,0,0
2026-01-04 12:14:32.790495,661608.5191538543,325550.67678573256,441.07234610256955,217.0337845238217,987159.1959395868,0,0
2026-01-04 12:14:33.790495,751790.9157095271,559646.3691600828,501.1939438063514,373.0975794400552,1311437.2848696099,0,0
2026-01-04 12:14:34.790495,498527.3719321423,458367.09489525284,332.35158128809485,305.5780632635019,956894.4668273951,0,0
2026-01-04 12:14:35.790495,340164.682955495,468520.86642038316,226.77645530366334,312.34724428025544,808685.5493758782,0,1
2026-01-04 12:14:36.790495,345806.8689749907,600380.7137478603,230.53791264999379,400.25380916524017,946187.582722851,0,0
2026-01-04 12:14:37.790495,496762.3459323303,636044.085797829,331.1748972882202,424.029390531886,1132806.4317301593,0,0
2026-01-04 12:14:38.790495,360790.21964703285,353719.3931941633,240.5268130980219,235.81292879610885,714509.6128411961,0,0
2026-01-04 12:14:39.790495,307555.6870313297,628606.2481936873,205.03712468755316,419.0708321291249,936161.935225017,0,0
2026-01-04 12:14:40.790495,401607.4546197324,397237.2515351491,267.7383030798216,264.8248343567661,798844.7061548815,0,0
2026-01-04 12:14:41.790495,661648.3540610028,681636.417466731,441.09890270733524,454.424278311154,1343284.771527734,0,0
2026-01-04 12:14:42.790495,417237.8384810241,248563.90485223097,278.1585589873494,165.70926990148732,665801.743333255,0,0
2026-01-04 12:14:43.790495,340711.55528229865,664306.4352315667,227.14103685486577,442.87095682104444,1005017.9905138653,0,0
2026-01-04 12:14:44.790495,453900.815771888,360402.9061883666,302.60054384792534,240.26860412557772,814303.7219602546,0,0
2026-01-04 12:14:45.790495,726314.1169572969,494237.257453813,484.20941130486455,329.4915049692087,1220551.3744111098,0,0
2026-01-04 12:14:46.790495,443283.4679647808,490714.0495026057,295.52231197652054,327.1426996684038,933997.5174673864,0,0
2026-01-04 12:14:47.790495,258093.16410695974,362578.23561349185,172.0621094046398,241.7188237423279,620671.3997204516,0,0
2026-01-04 12:14:48.790495,422212.02550866007,757642.9148308209,281.47468367244005,505.0952765538806,1179854.940339481,0,0
2026-01-04 12:14:49.790495,669391.4543781311,621164.2734906466,446.2609695854207,414.1095156604311,1290555.7278687777,0,0
2026-01-04 12:14:50.790495,290114.3924158728,341222.4891666083,193.40959494391518,227.48165944440555,631336.8815824811,0,0
2026-01-04 12:14:51.790495,315823.5922231398,247803.3218853211,210.5490614820932,165.20221459021406,563626.9141084609,0,0
2026-01-04 12:14:52.790495,289474.72248776996,624124.6706369756,192.98314832517997,416.0831137579837,913599.3931247456,0,0
2026-01-04 12:14:53.790495,638797.6407891682,666377.4548402529,425.86509385944544,444.2516365601686,1305175.095629421,0,0
2026-01-04 12:14:54.790495,399892.79343094176,632676.2969727082,266.59519562062786,421.78419798180545,1032569.09040365,0,0
2026-01-04 12:14:55.790495,227008.39389194595,401412.16655113467,151.3389292612973,267.6081110340898,628420.5604430806,0,0
2026-01-04 12:14:56.790495,348495.92386492895,413414.0015268083,232.33061590995263,275.6093343512055,761909.9253917373,0,0
2026-01-04 12:14:57.790495,276875.98482768,298192.6828493827,184.58398988512,198.79512189958845,575068.6676770627,1,0
2026-01-04 12:14:58.790495,504334.6462786349,309762.07325345825,336.22309751908995,206.50804883563885,814096.7195320931,0,0
2026-01-04 12:14:59.790495,422220.63853223796,886884.3786766406,281.4804256881586,591.2562524510937,1309105.0172088784,0,0
2026-01-04 12:15:00.790495,507050.9315731222,756899.6960186121,338.0339543820815,504.5997973457414,1263950.6275917343,0,0
2026-01-04 12:15:01.790495,568336.8700120165,477751.3263899626,378.8912466746777,318.50088425997507,1046088.1964019791,0,0
2026-01-04 12:15:02.790495,238297.52745508103,466938.4773064467,158.86501830338736,311.2923182042978,705236.0047615278,0,0
2026-01-04 12:15:03.790495,125458.01027874215,264355.81761817716,83.63867351916143,176.23721174545145,389813.8278969193,0,0
2026-01-04 12:15:04.790495,331824.13670295593,280344.5164572174,221.21609113530397,186.8963443048116,612168.6531601733,0,0
2026-01-04 12:15:05.790495,172095.81329897893,330100.0162487444,114.73054219931929,220.06667749916292,502195.82954772335,0,0
2026-01-04 12:15:06.790495,301779.70230418374,472949.6932397006,201.18646820278917,315.29979549313373,774729.3955438843,0,0
2026-01-04 12:15:07.790495,324109.0293611126,685232.3540911071,216.07268624074175,456.82156939407145,1009341.3834522198,0,0
2026-01-04 12:15:08.790495,75101.02721453161,162397.90548373485,50.06735147635441,108.2652703224899,237498.93269826644,0,0
2026-01-04 12:15:09.790495,361684.18769314897,339144.7961979236,241.12279179543265,226.09653079861573,700828.9838910726,0,0
2026-01-04 12:15:10.790495,236146.76564327424,165564.55042259686,157.43117709551615,110.3763669483979,401711.3160658711,0,0
2026-01-04 12:15:11.790495,308786.16010680044,447749.54604092654,205.8574400712003,298.4996973606177,756535.706147727,0,0
2026-01-04 12:15:12.790495,250242.5511315664,398214.4176072719,166.82836742104428,265.47627840484796,648456.9687388383,0,0
2026-01-04 12:15:13.790495,633968.6772765329,1199116.0752835288,91.53052274217579,173.124832713735,1833084.7525600616,0,0
2026-01-04 12:15:14.790495,120871.27097974444,122737.43083837506,80.58084731982963,81.82495389225004,243608.7018181195,0,0
2026-01-04 12:15:15.790495,137691.28497400493,245552.35993063808,91.79418998266995,163.70157328709206,383243.644904643,0,0
2026-01-04 12:15:16.790495,331739.86528807576,737882.6103217641,221.15991019205052,491.92174021450944,1069622.47560984,0,0
2026-01-04 12:15:17.790495,288068.11928567087,412104.3728823989,192.04541285711392,274.73624858826594,700172.4921680697,0,0
2026-01-04 12:15:18.790495,111321.52637244272,172350.94955314999,74.21435091496181,114.90063303543333,283672.4759255927,0,0
2026-01-04 12:15:19.790495,0.0,0.0,0.0,0.0,0.0,0,0
2026-01-04 12:15:20.790495,579407.262103027,373873.8166607528,386.2715080686846,249.24921110716855,953281.0787637797,0,0
2026-01-04 12:15:21.790495,557417.3490010061,597226.4445146323,371.61156600067073,398.1509630097549,1154643.7935156384,0,0
2026-01-04 12:15:22.790495,216420.17320790773,451704.6804069602,144.2801154719385,301.1364536046401,668124.8536148679,0,0
2026-01-04 12:15:23.790495,0.0,0.0,0.0,0.0,0.0,0,0
2026-01-04 12:15:24.790495,273958.58327071514,251904.62919173244,182.6390555138101,167.93641946115497,525863.2124624476,0,0
2026-01-04 12:15:25.790495,221026.304697098,206163.36193166356,147.35086979806533,137.44224128777572,427189.66662876157,0,0
2026-01-04 12:15:26.790495,169983.09052933072,151397.90331724758,113.32206035288715,100.93193554483172,321380.9938465783,0,0
2026-01-04 12:15:27.790495,190938.2871101107,413895.54067866615,127.29219140674046,275.9303604524441,604833.8277887768,0,0
2026-01-04 12:15:28.790495,818219.8178820334,459188.1515693584,545.4798785880223,306.12543437957225,1277407.9694513918,0,0
2026-01-04 12:15:29.790495,138753.05881074056,262733.0194646418,92.50203920716038,175.1553463097612,401486.0782753824,0,0
2026-01-04 12:15:30.790495,623002.4773184521,659266.327474927,415.33498487896804,439.51088498328465,1282268.804793379,0,0
2026-01-04 12:15:31.790495,0.0,0.0,0.0,0.0,0.0,0,0
2026-01-04 12:15:32.790495,347053.28380718187,548842.866804994,231.36885587145457,365.89524453666263,895896.1506121758,0,0
2026-01-04 12:15:33.790495,331754.458257134,660949.992632057,221.16963883808936,440.63332842137135,992704.4508891911,0,0
2026-01-04 12:15:34.790495,338549.036526759,244204.15374626283,225.699357684506,162.80276916417523,582753.1902730218,0,0
2026-01-04 12:15:35.790495,456939.0863083373,716222.0514092075,304.62605753889153,477.48136760613835,1173161.1377175448,0,0
2026-01-04 12:15:36.790495,435778.37686982524,856692.4973913693,290.51891791321685,571.1283315942462,1292470.8742611946,0,0
2026-01-04 12:15:37.790495,477962.0425238339,398515.2713890192,318.64136168255595,265.67684759267945,876477.3139128531,0,0
2026-01-04 12:15:38.790495,643460.5229601354,314283.6499578453,428.9736819734236,209.52243330523018,957744.1729179806,0,0
2026-01-04 12:15:39.790495,298965.3878405278,269766.56067753246,199.31025856035188,179.84437378502165,568731.9485180603,0,0
2026-01-04 12:15:40.790495,484603.9561591192,283939.8037149533,323.06930410607947,189.29320247663554,768543.7598740725,0,0
2026-01-04 12:15:41.790495,384245.2213320504,381880.29015493067,256.1634808880336,254.5868601032871,766125.5114869811,0,0
2026-01-04 12:15:42.790495,1633243.040596886,3567288.963719103,273.0676869901966,596.4276730010932,5200532.004315989,0,0
2026-01-04 12:15:43.790495,867191.5240277373,392402.466387451,578.1276826851582,261.60164425830067,1259593.9904151883,0,0
2026-01-04 12:15:44.790495,1865890.923140068,1384125.0980680557,399.18149474665273,296.11437555703657,3250016.021208124,0,0
2026-01-04 12:15:45.790495,513000.9489001914,411097.9547711572,342.00063260012763,274.0653031807715,924098.9036713486,0,0
2026-01-04 12:15:46.790495,336447.2529782659,643008.6039752923,224.29816865217728,428.67240265019484,979455.8569535583,0,0
2026-01-04 12:15:47.790495,544746.47399662,635564.4467610512,363.1643159977467,423.70963117403414,1180310.9207576711,0,0
2026-01-04 12:15:48.790495,577970.0735970006,531674.2746642284,385.3133823980004,354.44951644281895,1109644.348261229,0,0
2026-01-04 12:15:49.790495,377777.90642229293,712594.6866902924,251.85193761486195,475.06312446019496,1090372.5931125854,0,0
2026-01-04 12:15:50.790495,435564.8285141993,375924.76533265674,290.3765523427995,250.61651022177116,811489.593846856,0,0
2026-01-04 12:15:51.790495,111132.10362657066,228340.33985908973,74.08806908438044,152.22689323939315,339472.4434856604,0,0
2026-01-04 12:15:52.790495,547978.9123524844,260366.02435192978,365.3192749016563,173.57734956795318,808344.9367044142,0,0
2026-01-04 12:15:53.790495,951427.712382183,618686.1485164475,634.285141588122,412.45743234429835,1570113.8608986305,0,0
2026-01-04 12:15:54.790495,505422.18265695067,352198.716333015,336.94812177130046,234.79914422201,857620.8989899657,0,0
2026-01-04 12:15:55.790495,184759.36175120773,227113.4172802905,123.17290783413848,151.408944853527,411872.77903149824,0,0
2026-01-04 12:15:56.790495,437693.3800954454,526094.1890507712,291.7955867302969,350.72945936718077,963787.5691462165,0,0
2026-01-04 12:15:57.790495,367541.0225676604,645423.9794699681,245.02734837844025,430.28265297997876,1012965.0020376284,0,0
2026-01-04 12:15:58.790495,225522.93498767714,488674.20731772395,150.3486233251181,325.78280487848264,714197.142305401,0,0
2026-01-04 12:15:59.790495,448095.3746651588,372422.8113843262,298.73024977677255,248.28187425621746,820518.186049485,0,0
2026-01-04 12:16:00.790495,293195.8514139048,355427.255146645,195.4639009426032,236.95150343109668,648623.1065605498,0,0
2026-01-04 12:16:01.790495,2171626.4224267374,1269722.7530613542,314.49582096947233,183.88176506961844,3441349.1754880915,0,0
2026-01-04 12:16:02.790495,362417.04181469954,168622.85153916187,241.6113612097997,112.41523435944124,531039.8933538614,0,0
2026-01-04 12:16:03.790495,247438.85899150668,411374.3982961404,164.95923932767113,274.2495988640936,658813.2572876471,0,0
2026-01-04 12:16:04.790495,217844.06008003536,379081.3862929297,145.22937338669024,252.72092419528647,596925.446372965,0,0
2026-01-04 12:16:05.790495,254774.93801867613,238437.18642968062,169.8499586791174,158.95812428645374,493212.12444835674,0,0
2026-01-04 12:16:06.790495,372248.7607876226,632285.8974509242,248.16584052508173,421.5239316339494,1004534.6582385468,0,0
2026-01-04 12:16:07.790495,423401.2310968249,464999.0869575363,282.26748739788326,309.9993913050242,888400.3180543612,0,0
2026-01-04 12:16:08.790495,465322.9247029332,224590.93008046807,310.21528313528876,149.72728672031204,689913.8547834012,0,0
2026-01-04 12:16:09.790495,526681.1251098521,489476.00829544605,351.1207500732347,326.3173388636307,1016157.1334052981,0,0
2026-01-04 12:16:10.790495,160252.65672722625,219306.92093141944,106.83510448481749,146.20461395427964,379559.5776586457,0,0
2026-01-04 12:16:11.790495,183240.76678060798,170930.86612524057,122.16051118707199,113.95391075016038,354171.63290584856,0,0
2026-01-04 12:16:12.790495,272110.86856976,510440.9791740048,181.40724571317332,340.2939861160032,782551.8477437648,0,0
2026-01-04 12:16:13.790495,25442.661008298328,29604.39397004295,16.96177400553222,19.7362626466953,55047.05497834128,0,0
2026-01-04 12:16:14.790495,111888.39569163948,115976.53376928781,74.59226379442632,77.3176891795252,227864.9294609273,0,0
2026-01-04 12:16:15.790495,31808.46597183099,21872.082507642688,21.20564398122066,14.581388338428459,53680.54847947368,1,0
2026-01-04 12:16:16.790495,0.0,0.0,0.0,0.0,0.0,0,0
2026-01-04 12:16:17.790495,174314.12938872672,114919.18868876169,116.20941959248448,76.61279245917446,289233.3180774884,0,0
2026-01-04 12:16:18.790495,276484.52992139896,332969.897230514,184.3230199475993,221.9799314870093,609454.4271519129,0,0
2026-01-04 12:16:19.790495,222572.43688973403,369361.61678066215,148.38162459315603,246.24107785377475,591934.0536703962,0,0
2026-01-04 12:16:20.790495,764794.6971889695,339069.39478789316,509.86313145931297,226.04626319192877,1103864.0919768626,0,0
2026-01-04 12:16:21.790495,242215.1473450139,374803.32621408923,161.47676489667592,249.86888414272616,617018.4735591031,0,0
2026-01-04 12:16:22.790495,540874.8492139933,418595.12481718895,360.5832328093289,279.06341654479263,959469.9740311822,0,0
2026-01-04 12:16:23.790495,583714.6581886794,283834.639612145,389.14310545911957,189.22309307476334,867549.2978008244,0,0
2026-01-04 12:16:24.790495,228126.90058745793,235725.2654377582,152.08460039163862,157.15017695850548,463852.1660252161,0,0
2026-01-04 12:16:25.790495,260779.63468351867,306903.8091131876,173.85308978901244,204.60253940879173,567683.4437967063,0,0
2026-01-04 12:16:26.790495,131917.511295729,154386.3176786259,87.945007530486,102.9242117857506,286303.8289743549,0,0
2026-01-04 12:16:27.790495,173139.35268595495,139449.4843998318,115.42623512396996,92.96632293322119,312588.83708578674,0,0
2026-01-04 12:16:28.790495,538897.732501123,297526.97617074236,359.2651550007487,198.35131744716156,836424.7086718654,0,0
2026-01-04 12:16:29.790495,152043.0855923287,220650.83461858938,101.36205706155246,147.1005564123929,372693.92021091806,0,0
2026-01-04 12:16:30.790495,419927.52413537726,762511.0198352889,279.95168275691816,508.3406798901926,1182438.5439706661,0,0
2026-01-04 12:16:31.790495,171532.16119675548,386819.60852030094,114.35477413117032,257.87973901353394,558351.7697170564,0,0
2026-01-04 12:16:32.790495,470168.02986219444,330604.9570184937,313.44535324146295,220.4033046789958,800772.9868806881,0,0
2026-01-04 12:16:33.790495,577165.3662217094,313761.16058394115,384.77691081447296,209.17410705596077,890926.5268056506,0,0
2026-01-04 12:16:34.790495,290001.8130645177,159492.0802113171,193.3345420430118,106.3280534742114,449493.8932758348,0,0
2026-01-04 12:16:35.790495,552885.9566533357,333661.06397207355,368.5906377688905,222.4407093147157,886547.0206254092,0,0
2026-01-04 12:16:36.790495,263327.34051754535,450365.33374324604,175.55156034503023,300.24355582883067,713692.6742607914,0,0
2026-01-04 12:16:37.790495,243440.32350959754,340609.2079775205,162.29354900639837,227.07280531834698,584049.531487118,0,0
2026-01-04 12:16:38.790495,604929.9526286421,631459.9862191149,403.2866350857614,420.97332414607655,1236389.938847757,0,0
2026-01-04 12:16:39.790495,436818.4782905971,530379.0928533605,291.21231886039806,353.5860619022403,967197.5711439576,0,0
2026-01-04 12:16:40.790495,250291.7049982613,402645.54954129644,166.86113666550753,268.4303663608643,652937.2545395577,0,0
2026-01-04 12:16:41.790495,375989.35471236194,347468.27492405055,250.6595698082413,231.6455166160337,723457.6296364125,0,0
2026-01-04 12:16:42.790495,440028.63935211813,715580.7107311088,293.3524262347454,477.0538071540725,1155609.350083227,0,0
2026-01-04 12:16:43.790495,562318.781306997,423917.4302607086,374.87918753799806,282.61162017380576,986236.2115677056,0,0
2026-01-04 12:16:44.790495,407610.35937097244,607214.9885689877,271.7402395806483,404.80999237932514,1014825.3479399601,0,0
2026-01-04 12:16:45.790495,148772.28697714538,279408.43118348357,99.18152465143025,186.27228745565571,428180.718160629,0,0
2026-01-04 12:16:46.790495,666158.2367281703,566570.3894399087,444.10549115211353,377.7135929599391,1232728.626168079,0,0
2026-01-04 12:16:47.790495,136227.30021659535,134831.61811842938,90.8182001443969,89.88774541228625,271058.91833502473,0,0
2026-01-04 12:16:48.790495,861250.5131247564,374605.4528816455,574.1670087498376,249.7369685877637,1235855.966006402,0,0
2026-01-04 12:16:49.790495,574300.0703892036,623875.818957714,382.8667135928024,415.91721263847603,1198175.8893469176,0,0
2026-01-04 12:16:50.790495,417062.799167555,537488.7823661536,278.0418661117033,358.325854910769,954551.5815337085,0,0
2026-01-04 12:16:51.790495,491254.34970794484,636932.8538938133,327.5028998052966,424.62190259587555,1128187.2036017582,0,0
2026-01-04 12:16:52.790495,336657.91711796273,581953.079583543,224.43861141197516,387.968719722362,918610.9967015057,0,0
2026-01-04 12:16:53.790495,695859.2011303317,429352.89290749753,463.90613408688785,286.2352619383317,1125212.0940378292,0,0
2026-01-04 12:16:54.790495,2093456.2118404792,1107072.4396372018,418.423193033489,221.27273667937138,3200528.651477681,0,0
2026-01-04 12:16:55.790495,1240228.08757507,533258.5724110028,826.8187250500467,355.50571494066855,1773486.659986073,0,0
2026-01-04 12:16:56.790495,658353.440131799,1302811.767468524,134.87021452547788,266.8938777469143,1961165.207600323,0,0
2026-01-04 12:16:57.790495,433448.9237575401,328712.8758586443,288.9659491716934,219.14191723909622,762161.7996161844,0,0
2026-01-04 12:16:58.790495,439668.52460178453,451295.20307862107,293.11234973452304,300.8634687190807,890963.7276804056,0,0
2026-01-04 12:16:59.790495,406232.56346199155,356233.9942025105,270.821708974661,237.48932946834034,762466.5576645021,0,0
2026-01-04 12:17:00.790495,265830.61998930096,428140.24422078556,177.22041332620063,285.42682948052374,693970.8642100865,0,0
2026-01-04 12:17:01.790495,1439841.7736901587,750229.4313114284,243.81419227909436,127.03936374231233,2190071.205001587,0,0
2026-01-04 12:17:02.790495,365369.35984640796,384890.09771731077,243.57957323093865,256.5933984782072,750259.4575637187,0,0
2026-01-04 12:17:03.790495,511975.5163838679,250137.5368314337,341.3170109225786,166.75835788762248,762113.0532153016,0,0
2026-01-04 12:17:04.790495,517437.37343656924,341466.5606765894,344.95824895771284,227.6443737843929,858903.9341131586,0,0
2026-01-04 12:17:05.790495,466224.2709652387,259378.32786616066,310.81618064349243,172.91888524410712,725602.5988313993,0,0
2026-01-04 12:17:06.790495,108704.83750111566,148964.99210031147,72.46989166741044,99.30999473354098,257669.82960142713,0,0
2026-01-04 12:17:07.790495,327357.9696462408,547591.0095134012,218.2386464308272,365.06067300893415,874948.979159642,0,0
2026-01-04 12:17:08.790495,77721.39546460273,122354.48156088544,51.814263643068486,81.56965437392363,200075.87702548818,0,0
2026-01-04 12:17:09.790495,401416.83344052243,537706.9159927202,267.61122229368164,358.4712773284801,939123.7494332427,0,0
2026-01-04 12:17:10.790495,1808985.9044054253,831710.879756684,306.3919202148878,140.8687004645407,2640696.7841621093,0,0
2026-01-04 12:17:11.790495,420741.25414612674,287760.78922601097,280.4941694307512,191.84052615067398,708502.0433721377,0,0
2026-01-04 12:17:12.790495,219063.04430859548,118182.50919577533,146.04202953906366,78.78833946385022,337245.5535043708,0,0
2026-01-04 12:17:13.790495,447303.20162613457,262737.386247491,298.20213441742305,175.15825749832734,710040.5878736256,0,0
2026-01-04 12:17:14.790495,166691.45749926558,346994.3116916915,111.12763833284372,231.32954112779436,513685.7691909571,0,0
2026-01-04 12:17:15.790495,283427.56875361106,202768.94614917142,188.9517125024074,135.17929743278094,486196.5149027825,0,0
2026-01-04 12:17:16.790495,175924.1598863059,175325.70157291953,117.28277325753726,116.88380104861302,351249.8614592254,0,0
2026-01-04 12:17:17.790495,105024.66451055756,176387.85509427288,70.01644300703838,117.59190339618192,281412.5196048304,0,0
2026-01-04 12:17:18.790495,169225.30139434777,278805.85186709557,112.81686759623184,185.87056791139705,448031.15326144337,0,0
2026-01-04 12:17:19.790495,266379.92404984497,213502.3452555059,177.58661603322997,142.33489683700392,479882.2693053509,1,0
2026-01-04 12:17:20.790495,144325.99357728782,308388.1022923608,96.21732905152521,205.5920681949072,452714.0958696486,0,0
2026-01-04 12:17:21.790495,435957.002935158,413328.58651104406,290.638001956772,275.5523910073627,849285.589446202,0,0
2026-01-04 12:17:22.790495,128003.27571537539,114800.5056400025,85.3355171435836,76.53367042666834,242803.7813553779,0,0
2026-01-04 12:17:23.790495,563305.2486894419,291819.5669602504,375.536832459628,194.54637797350026,855124.8156496923,0,0
2026-01-04 12:17:24.790495,62380.91993064595,83795.68029244336,41.58727995376397,55.8637868616289,146176.6002230893,0,0
2026-01-04 12:17:25.790495,247007.7205743139,283204.10981023667,164.67181371620927,188.8027398734911,530211.8303845505,0,0
2026-01-04 12:17:26.790495,537938.8030498986,293629.10782014456,358.62586869993237,195.75273854676306,831567.9108700432,0,1
2026-01-04 12:17:27.790495,239094.6244292984,419407.09169292805,159.39641628619893,279.6047277952854,658501.7161222264,0,0
2026-01-04 12:17:28.790495,335835.24735040177,242350.41518905998,223.89016490026785,161.5669434593733,578185.6625394617,0,0
2026-01-04 12:17:29.790495,1225807.9888604966,1168318.9983239442,171.15408471402398,163.12715419486207,2394126.9871844407,0,0
2026-01-04 12:17:30.790495,560044.0039417503,331695.8693679651,373.36266929450017,221.1305795786434,891739.8733097154,0,0
2026-01-04 12:17:31.790495,416733.17965340446,854328.0598945229,277.8221197689363,569.5520399296819,1271061.2395479274,0,0
2026-01-04 12:17:32.790495,443979.30872695975,321967.15711845504,295.98620581797314,214.64477141230336,765946.4658454148,0,0
2026-01-04 12:17:33.790495,230269.48341504775,430952.4493069475,153.51298894336517,287.30163287129835,661221.9327219953,0,0
2026-01-04 12:17:34.790495,585174.788213637,279125.9694242778,390.11652547575795,186.0839796161852,864300.7576379147,0,0
2026-01-04 12:17:35.790495,218705.25850255694,336573.24446041987,145.8035056683713,224.38216297361325,555278.5029629768,0,0
2026-01-04 12:17:36.790495,393255.91990056116,838706.3459799483,262.1706132670408,559.1375639866322,1231962.2658805095,0,0
2026-01-04 12:17:37.790495,131874.18174133194,123226.32156326371,87.91612116088795,82.15088104217581,255100.50330459565,0,0
2026-01-04 12:17:38.790495,483312.08901657886,573540.0110737663,322.2080593443859,382.36000738251084,1056852.1000903451,0,0
2026-01-04 12:17:39.790495,409354.8359576312,474323.2669939574,272.90322397175413,316.21551132930495,883678.1029515886,0,0
2026-01-04 12:17:40.790495,714842.5987082784,372504.55214318674,476.5617324721856,248.33636809545783,1087347.150851465,0,0
2026-01-04 12:17:41.790495,431532.3293925575,612468.5892063223,287.68821959503833,408.3123928042149,1044000.91859888,0,0
2026-01-04 12:17:42.790495,415346.6147771224,870763.9161595374,276.89774318474826,580.5092774396916,1286110.5309366598,0,0
2026-01-04 12:17:43.790495,362664.9463487625,509040.8161017505,241.776630899175,339.36054406783364,871705.762450513,0,0
2026-01-04 12:17:44.790495,405426.3454494631,274102.53289534966,270.2842302996421,182.7350219302331,679528.8783448128,0,0
2026-01-04 12:17:45.790495,635027.4860233901,417815.0408400834,423.3516573489267,278.5433605600556,1052842.5268634735,0,0
2026-01-04 12:17:46.790495,1128939.5270531797,824934.864808269,223.2536650163437,163.135161410229,1953874.3918614488,0,0
2026-01-04 12:17:47.790495,632070.6220980155,721975.2437394819,421.3804147320103,481.3168291596546,1354045.8658374974,0,0
2026-01-04 12:17:48.790495,346363.5101220666,350034.1991198835,230.9090067480444,233.35613274658897,696397.7092419501,0,0
2026-01-04 12:17:49.790495,414828.5878312111,626121.7584336136,276.5523918874741,417.414505622409,1040950.3462648246,0,0
2026-01-04 12:17:50.790495,682484.6649795205,591736.094810206,454.9897766530137,394.4907298734706,1274220.7597897265,0,0
2026-01-04 12:17:51.790495,511416.2011111331,557716.0457187603,340.9441340740887,371.8106971458402,1069132.2468298934,0,0
2026-01-04 12:17:52.790495,685316.5602996063,584021.6347882138,456.8777068664042,389.34775652547586,1269338.19508782,0,0
2026-01-04 12:17:53.790495,634137.9599842142,342150.2237264954,422.7586399894761,228.10014915099694,976288.1837107096,0,0
2026-01-04 12:17:54.790495,219281.9837320576,101700.11679513428,146.18798915470506,67.80007786342286,320982.1005271919,0,0
2026-01-04 12:17:55.790495,260642.88402094514,237255.81850999882,173.7619226806301,158.17054567333255,497898.70253094396,0,0
2026-01-04 12:17:56.790495,385804.31363986334,214247.84799486873,257.20287575990886,142.83189866324582,600052.161634732,0,0
2026-01-04 12:17:57.790495,595542.5160555198,370504.9883805419,397.0283440370132,247.00332558702794,966047.5044360617,0,1
2026-01-04 12:17:58.790495,385830.4345793588,406083.06028637534,257.2202897195725,270.7220401909169,791913.4948657341,0,0
2026-01-04 12:17:59.790495,572725.9945714072,521154.5635216114,381.81732971427147,347.43637568107425,1093880.5580930186,0,0
2026-01-04 12:18:00.790495,1612600.1145856688,2171482.1336011407,215.18277868968812,289.759100943238,3784082.2481868095,0,0
2026-01-04 12:18:01.790495,363015.7127740409,485101.6771708706,242.0104751826939,323.40111811391375,848117.3899449115,0,0
2026-01-04 12:18:02.790495,513676.41096078226,742360.9162472108,342.4509406405215,494.90727749814056,1256037.327207993,0,0
2026-01-04 12:18:03.790495,650595.9406671304,957394.5142859969,433.7306271114203,638.263009523998,1607990.4549531273,0,0
2026-01-04 12:18:04.790495,467968.3865504921,206338.89506548396,311.9789243669947,137.5592633769893,674307.281615976,0,0
2026-01-04 12:18:05.790495,489196.36155195953,216476.98298879468,326.13090770130634,144.31798865919646,705673.3445407542,0,0
2026-01-04 12:18:06.790495,284108.0142922675,570385.7292670411,189.40534286151166,380.2571528446941,854493.7435593086,0,0
2026-01-04 12:18:07.790495,348462.5686791241,539547.0603936756,232.3083791194161,359.6980402624504,888009.6290727997,0,0
2026-01-04 12:18:08.790495,340803.3892533947,281497.82911650464,227.20225950226313,187.66521941100308,622301.2183698993,0,0
2026-01-04 12:18:09.790495,282203.5927842529,145193.82458462243,188.13572852283525,96.79588305641495,427397.4173688753,0,0
2026-01-04 12:18:10.790495,394006.0578530697,568715.0549473339,262.6707052353798,379.14336996488925,962721.1128004035,0,0
2026-01-04 12:18:11.790495,401856.36339495395,303279.9616085324,267.90424226330265,202.18664107235494,705136.3250034864,0,0
2026-01-04 12:18:12.790495,694653.2961217893,528738.8322935401,463.1021974145262,352.49255486236007,1223392.1284153294,0,0
2026-01-04 12:18:13.790495,570055.8845079977,568494.820719738,380.0372563386651,378.996547146492,1138550.7052277357,0,0
2026-01-04 12:18:14.790495,2115299.762617027,2038960.946052951,329.23689360372083,317.35510017135846,4154260.708669978,0,0
2026-01-04 12:18:15.790495,201407.92378938518,295864.84859654255,134.27194919292344,197.24323239769504,497272.7723859278,0,0
2026-01-04 12:18:16.790495,358214.1656355965,257058.1344464888,238.80944375706434,171.37208963099255,615272.3000820853,0,0
2026-01-04 12:18:17.790495,494158.29993353336,226037.73082716187,329.4388666223556,150.69182055144125,720196.0307606952,0,0
2026-01-04 12:18:18.790495,554954.4116268312,554906.5178165343,369.9696077512208,369.9376785443562,1109860.9294433654,0,0
2026-01-04 12:18:19.790495,167708.5164600499,195238.02319444064,111.80567764003327,130.1586821296271,362946.53965449054,0,0
2026-01-04 12:18:20.790495,389213.1121183123,180869.66634132966,259.47540807887486,120.57977756088644,570082.778459642,0,0
2026-01-04 12:18:21.790495,232197.15053462144,484377.43378838676,154.7981003564143,322.9182891922578,716574.5843230082,0,0
2026-01-04 12:18:22.790495,0.0,0.0,0.0,0.0,0.0,0,0
2026-01-04 12:18:23.790495,327853.3153798307,433992.12654883513,218.56887691988715,289.3280843658901,761845.4419286659,0,0
2026-01-04 12:18:24.790495,498879.0923552943,432209.0465572435,332.5860615701962,288.1393643714957,931088.1389125378,0,0
2026-01-04 12:18:25.790495,156642.16206562385,241158.73710712267,104.42810804374923,160.77249140474845,397800.8991727465,0,0
2026-01-04 12:18:26.790495,179447.58052683005,329254.9999858937,119.63172035122003,219.50333332392916,508702.58051272377,0,0
2026-01-04 12:18:27.790495,148965.9766829914,284077.98519509146,99.31065112199427,189.38532346339431,433043.96187808283,0,0
2026-01-04 12:18:28.790495,460716.7618593182,315120.17776252417,307.14450790621214,210.08011850834944,775836.9396218423,0,0
2026-01-04 12:18:29.790495,206861.93349110096,410689.94434250233,137.907955660734,273.7932962283349,617551.8778336033,0,0
2026-01-04 12:18:30.790495,621923.029873203,311818.2356600619,414.615353248802,207.8788237733746,933741.265533265,0,0
2026-01-04 12:18:31.790495,409502.91867731593,290402.87466036226,273.0019457848773,193.6019164402415,699905.7933376782,0,0
2026-01-04 12:18:32.790495,167596.27979349546,182292.0377086289,111.73085319566364,121.52802513908593,349888.31750212435,0,0
2026-01-04 12:18:33.790495,698693.1373335171,330418.0946272692,465.7954248890114,220.2787297515128,1029111.2319607863,0,0
2026-01-04 12:18:34.790495,239431.95056255936,291272.41653156787,159.62130037503957,194.18161102104526,530704.3670941272,0,0
2026-01-04 12:18:35.790495,299674.05398934253,360814.90743854817,199.7827026595617,240.54327162569876,660488.9614278907,0,0
2026-01-04 12:18:36.790495,165440.3221341481,159311.85964982014,110.29354808943206,106.20790643321342,324752.18178396823,0,0
2026-01-04 12:18:37.790495,255335.5134499655,238310.6038590339,170.22367563331034,158.8737359060226,493646.1173089994,0,0
2026-01-04 12:18:38.790495,232854.54612059178,255583.94587193071,155.2363640803945,170.3892972479538,488438.4919925225,0,0
2026-01-04 12:18:39.790495,594816.0288950624,516075.47228320496,396.54401926337493,344.05031485547,1110891.5011782674,0,0
2026-01-04 12:18:40.790495,394758.22837013454,395499.379963597,263.17215224675635,263.66625330906464,790257.6083337315,0,0
2026-01-04 12:18:41.790495,291748.29498667206,484291.4649182304,194.49886332444805,322.8609766121536,776039.7599049025,0,0
2026-01-04 12:18:42.790495,133496.75856324402,231378.86794821575,88.99783904216268,154.25257863214384,364875.62651145976,0,0
2026-01-04 12:18:43.790495,964627.8168484701,441474.624776644,643.0852112323134,294.31641651776266,1406102.441625114,0,0
2026-01-04 12:18:44.790495,348864.51135190355,676746.1422023657,232.57634090126902,451.1640948015771,1025610.6535542692,0,0
2026-01-04 12:18:45.790495,515663.28462166426,636151.040496034,343.7755230811095,424.10069366402263,1151814.3251176982,0,0
2026-01-04 12:18:46.790495,360140.2587536227,776338.6310932243,240.09350583574846,517.5590873954828,1136478.889846847,0,0
2026-01-04 12:18:47.790495,668546.6181697092,447234.404691497,445.6977454464728,298.1562697943313,1115781.0228612062,0,0
2026-01-04 12:18:48.790495,413406.45155249716,842385.636407313,275.6043010349981,561.590424271542,1255792.0879598102,0,0
2026-01-04 12:18:49.790495,496997.6289130817,673374.2435261441,331.33175260872116,448.9161623507627,1170371.8724392257,0,0
2026-01-04 12:18:50.790495,634357.1146332171,597741.0761536126,422.9047430888114,398.49405076907505,1232098.1907868297,0,0
2026-01-04 12:18:51.790495,421592.55765499454,181832.82799593572,281.0617051033297,121.2218853306238,603425.3856509302,0,0
2026-01-04 12:18:52.790495,535995.1530825435,256721.00975352142,357.330102055029,171.14733983568095,792716.1628360649,0,0
2026-01-04 12:18:53.790495,167661.68466995368,345879.8661884017,111.7744564466358,230.58657745893447,513541.5508583554,0,0
2026-01-04 12:18:54.790495,375693.17617243,569514.5565726089,250.46211744828665,379.67637104840594,945207.7327450389,0,0
2026-01-04 12:18:55.790495,297825.2043350731,153650.76733601888,198.55013622338208,102.43384489067925,451475.97167109203,0,0
2026-01-04 12:18:56.790495,541392.568258459,327302.3298007905,360.92837883897266,218.20155320052703,868694.8980592495,0,0
2026-01-04 12:18:57.790495,322945.8854954061,243786.63910605665,215.29725699693742,162.52442607070444,566732.5246014628,0,0
2026-01-04 12:18:58.790495,440879.4340906616,400127.0201350333,293.9196227271077,266.75134675668886,841006.4542256949,0,0
2026-01-04 12:18:59.790495,618772.0941601817,480602.2520634758,412.51472944012113,320.4015013756505,1099374.3462236575,0,0
2026-01-04 12:19:00.790495,442780.31628913956,737464.6902192504,295.18687752609304,491.6431268128336,1180245.00650839,0,0
2026-01-04 12:19:01.790495,365410.6214282759,483079.167030427,243.60708095218394,322.0527780202847,848489.788458703,0,0
2026-01-04 12:19:02.790495,433248.7412492133,630352.4386771785,288.83249416614217,420.234959118119,1063601.1799263917,0,0
2026-01-04 12:19:03.790495,316786.5815416929,282217.39072086924,211.1910543611286,188.14492714724616,599003.9722625621,0,0
2026-01-04 12:19:04.790495,198999.4168145424,397547.3424041795,132.6662778763616,265.0315616027863,596546.7592187219,0,0
2026-01-04 12:19:05.790495,469452.488366948,207401.35333804286,312.96832557796535,138.26756889202858,676853.8417049908,0,0
2026-01-04 12:19:06.790495,315450.01668636757,729571.1661011163,210.30001112424506,486.38077740074425,1045021.1827874838,0,0
2026-01-04 12:19:07.790495,0.0,0.0,0.0,0.0,0.0,0,0
2026-01-04 12:19:08.790495,470089.4930208176,344834.3405952267,313.3929953472117,229.88956039681779,814923.8336160443,0,0
2026-01-04 12:19:09.790495,270761.22796709696,195774.14261022364,180.50748531139797,130.51609507348243,466535.37057732063,0,0
2026-01-04 12:19:10.790495,148588.22630590617,147538.60026503957,99.05881753727078,98.35906684335971,296126.82657094573,0,0
2026-01-04 12:19:11.790495,336170.5055368875,245371.64326636828,224.113670357925,163.58109551091218,581542.1488032558,0,0
2026-01-04 12:19:12.790495,563783.4707351499,333572.6541587626,375.8556471567666,222.38176943917506,897356.1248939126,0,0
2026-01-04 12:19:13.790495,24653.79880511113,25637.78032455196,16.43586587007409,17.09185354970131,50291.57912966309,0,0
2026-01-04 12:19:14.790495,153344.35104635337,148767.92543121494,102.22956736423558,99.1786169541433,302112.2764775683,0,0
2026-01-04 12:19:15.790495,287859.5471643812,420741.965661267,191.90636477625412,280.494643774178,708601.5128256482,0,0
2026-01-04 12:19:16.790495,314911.7526529833,136002.31649115306,209.9411684353222,90.66821099410204,450914.06914413633,0,0
2026-01-04 12:19:17.790495,308846.4160471196,526400.422720206,205.89761069807972,350.93361514680396,835246.8387673255,0,0
2026-01-04 12:19:18.790495,462141.65769367665,800286.6031697044,87.61073224321433,151.71472673127047,1262428.260863381,0,0
2026-01-04 12:19:19.790495,730997.174594789,1442798.8735634338,104.42540982370409,206.1086812661864,2173796.048158223,0,0
2026-01-04 12:19:20.790495,889963.4034952713,1083944.9309419636,136.75551865978346,166.56353581217687,1973908.334437235,0,0
2026-01-04 12:19:21.790495,260308.51488091992,154982.0537988503,173.53900992061327,103.32136919923354,415290.5686797702,0,0
2026-01-04 12:19:22.790495,436464.64993764233,968807.096039531,290.97643329176157,645.8713973596874,1405271.7459771733,0,0
2026-01-04 12:19:23.790495,2172971.0628156723,1080864.466914885,341.03455888242354,169.63508764279948,3253835.529730557,0,0
2026-01-04 12:19:24.790495,173894.03165969503,348238.84980304696,115.92935443979668,232.15923320203132,522132.88146274205,0,0
2026-01-04 12:19:25.790495,241442.68915366902,368683.5447339323,160.9617927691127,245.78902982262153,610126.2338876013,0,0
2026-01-04 12:19:26.790495,529363.5367909088,446017.80922894133,352.9090245272725,297.34520615262755,975381.3460198501,0,0
2026-01-04 12:19:27.790495,539079.0784290758,581668.7119245318,359.38605228605053,387.7791412830212,1120747.7903536076,0,0
2026-01-04 12:19:28.790495,256919.27321396692,268955.43384563114,171.27951547597795,179.3036225637541,525874.7070595981,0,0
2026-01-04 12:19:29.790495,373350.025101839,460508.12542953907,248.90001673455933,307.00541695302604,833858.150531378,0,0
2026-01-04 12:19:30.790495,222096.79200865986,213593.51732816442,148.06452800577324,142.39567821877628,435690.3093368243,0,0
2026-01-04 12:19:31.790495,642901.9040592567,1220273.971190924,95.86119435225794,181.9514292565432,1863175.8752501807,0,0
2026-01-04 12:19:32.790495,195090.86743337242,130481.5973533106,130.06057828891494,86.98773156887373,325572.46478668303,0,0
2026-01-04 12:19:33.790495,210333.48751111003,416352.8491411124,140.22232500740668,277.5685660940749,626686.3366522224,0,0
2026-01-04 12:19:34.790495,0.0,0.0,0.0,0.0,0.0,0,0
2026-01-04 12:19:35.790495,373958.33126666036,708619.7106843054,249.3055541777736,472.4131404562036,1082578.0419509658,0,0
2026-01-04 12:19:36.790495,479845.78850373736,448666.02858488826,319.8971923358249,299.1106857232588,928511.8170886256,0,0
2026-01-04 12:19:37.790495,437953.80939004454,585157.2704058468,291.9692062600297,390.1048469372312,1023111.0797958913,1,0
2026-01-04 12:19:38.790495,102624.27576361291,89316.09511745183,68.4161838424086,59.54406341163455,191940.37088106474,0,0
2026-01-04 12:19:39.790495,357960.53491319565,450039.1629821596,238.6403566087971,300.02610865477305,807999.6978953553,0,0
2026-01-04 12:19:40.790495,444937.0822526497,342496.21757305344,296.6247215017665,228.33081171536895,787433.2998257031,0,0
2026-01-04 12:19:41.790495,624267.6156315748,444249.55359645333,416.1784104210498,296.1663690643022,1068517.169228028,0,0
2026-01-04 12:19:42.790495,756090.1240256791,434900.4529312187,504.06008268378605,289.93363528747915,1190990.5769568977,0,0
2026-01-04 12:19:43.790495,426308.2373638159,413876.2854297685,284.20549157587726,275.91752361984567,840184.5227935844,0,0
2026-01-04 12:19:44.790495,582532.6432797222,324940.1042752336,388.35509551981477,216.62673618348904,907472.7475549558,0,0
2026-01-04 12:19:45.790495,396024.2119178185,449710.32301370497,264.01614127854566,299.80688200913664,845734.5349315235,0,0
2026-01-04 12:19:46.790495,580199.6356645717,442024.0836241961,386.79975710971445,294.68272241613073,1022223.7192887678,0,0
2026-01-04 12:19:47.790495,627074.2150301265,409625.2914215634,418.049476686751,273.0835276143756,1036699.50645169,0,0
2026-01-04 12:19:48.790495,453615.8168769014,639467.0919019332,302.4105445846009,426.3113946012888,1093082.9087788346,0,0
2026-01-04 12:19:49.790495,698752.3151333414,344804.31662223465,465.8348767555609,229.8695444148231,1043556.631755576,0,0
2026-01-04 12:19:50.790495,561735.939240966,465068.7354118299,374.490626160644,310.0458236078866,1026804.6746527959,0,0
2026-01-04 12:19:51.790495,203664.43732478403,389141.8205674006,135.776291549856,259.42788037826705,592806.2578921847,0,0
2026-01-04 12:19:52.790495,432632.7074890015,407300.7678851117,288.42180499266766,271.53384525674113,839933.4753741132,0,0
2026-01-04 12:19:53.790495,97758.28896392914,197396.4125232783,65.17219264261942,131.5976083488522,295154.70148720744,0,0
2026-01-04 12:19:54.790495,499631.83988239407,485754.0158264749,333.0878932549294,323.83601055098325,985385.8557088689,0,0
2026-01-04 12:19:55.790495,308689.5140202713,296064.8884823302,205.79300934684753,197.37659232155346,604754.4025026015,0,0
2026-01-04 12:19:56.790495,596198.7233051284,477950.344107285,397.46581553675225,318.63356273819,1074149.0674124134,0,0
2026-01-04 12:19:57.790495,344965.4401967484,185681.11706117992,229.9769601311656,123.78741137411994,530646.5572579283,0,0
2026-01-04 12:19:58.790495,213098.15354422963,477359.6288135763,142.0654356961531,318.2397525423842,690457.7823578059,0,0
2026-01-04 12:19:59.790495,290549.28477076563,421642.77569145866,193.69952318051043,281.0951837943058,712192.0604622243,0,0
2026-01-04 12:20:00.790495,416688.00497284945,185184.7899164445,277.792003315233,123.45652661096301,601872.794889294,0,0
2026-01-04 12:20:01.790495,1806625.9906148624,4121282.55394106,268.80075795480246,613.189381753682,5927908.544555922,0,0
2026-01-04 12:20:02.790495,333590.0098205541,249977.5493927968,222.3933398803694,166.65169959519787,583567.5592133509,0,0
2026-01-04 12:20:03.790495,375161.35555493995,210056.98029105956,250.10757036995997,140.03798686070638,585218.3358459995,0,0
2026-01-04 12:20:04.790495,698840.1169161956,768002.8050522312,465.8934112774637,512.0018700348207,1466842.9219684268,0,0
2026-01-04 12:20:05.790495,257546.54609212492,304534.81379584345,171.69769739474995,203.02320919722897,562081.3598879684,0,0
2026-01-04 12:20:06.790495,195121.13854217302,388620.7672238076,130.08075902811535,259.0805114825384,583741.9057659806,0,0
2026-01-04 12:20:07.790495,303308.2155274871,217588.7815612221,202.20547701832473,145.0591877074814,520896.9970887092,0,0
2026-01-04 12:20:08.790495,303082.6074945783,573078.8038278102,202.0550716630522,382.0525358852068,876161.4113223886,0,0
2026-01-04 12:20:09.790495,376737.65872429434,186403.71821203319,251.15843914952956,124.26914547468878,563141.3769363275,0,0
2026-01-04 12:20:10.790495,373001.8738104007,198944.90827974526,248.6679158736005,132.6299388531635,571946.782090146,0,0
2026-01-04 12:20:11.790495,1009200.2419544134,438777.7875434781,672.8001613029422,292.5185250289854,1447978.0294978914,0,0
2026-01-04 12:20:12.790495,137858.45489620487,235745.8188655679,91.90563659746991,157.16387924371193,373604.2737617728,0,0
2026-01-04 12:20:13.790495,369243.1981976462,372494.64244925603,246.1621321317641,248.32976163283735,741737.8406469022,0,0
2026-01-04 12:20:14.790495,311876.0334633479,178250.07376006516,207.9173556422319,118.83338250671011,490126.107223413,0,0
2026-01-04 12:20:15.790495,321603.814440823,490849.0827417403,214.40254296054866,327.2327218278269,812452.8971825633,0,0
2026-01-04 12:20:16.790495,184683.1594230069,132388.06565573157,123.1221062820046,88.25871043715438,317071.22507873847,0,0
2026-01-04 12:20:17.790495,0.0,0.0,0.0,0.0,0.0,0,0
2026-01-04 12:20:18.790495,414454.72480612266,192635.55149059728,276.3031498707484,128.42370099373153,607090.2762967199,0,0
2026-01-04 12:20:19.790495,316688.8232222775,309238.0263125196,211.125882148185,206.15868420834641,625926.8495347971,0,0
2026-01-04 12:20:20.790495,444730.3147039568,526313.6869632519,296.48687646930455,350.8757913088346,971044.0016672086,0,0
2026-01-04 12:20:21.790495,441899.0845511387,282200.9240270505,294.5993897007591,188.133949351367,724100.0085781892,0,0
2026-01-04 12:20:22.790495,389923.99398505065,445076.7572887891,259.9493293233671,296.7178381925261,835000.7512738397,0,0
2026-01-04 12:20:23.790495,478815.28239286377,557584.0801843337,319.2101882619092,371.72272012288914,1036399.3625771975,0,0
2026-01-04 12:20:24.790495,193141.70836012857,110668.96022083855,128.7611389067524,73.77930681389236,303810.6685809671,0,0
2026-01-04 12:20:25.790495,464798.08114876103,209803.90589101246,309.86538743250736,139.8692705940083,674601.9870397735,0,0
2026-01-04 12:20:26.790495,296289.09812900476,415054.4029942881,197.5260654193365,276.70293532952536,711343.5011232928,0,0
2026-01-04 12:20:27.790495,0.0,0.0,0.0,0.0,0.0,0,0
2026-01-04 12:20:28.790495,402977.10065334983,239511.5003010845,268.65140043556653,159.67433353405633,642488.6009544344,0,0
2026-01-04 12:20:29.790495,420246.78570897726,206361.10102314773,280.16452380598486,137.57406734876514,626607.886732125,0,0
2026-01-04 12:20:30.790495,300467.7284880061,135236.291987615,200.31181899200408,90.15752799174334,435704.0204756211,0,0
2026-01-04 12:20:31.790495,386769.0852891499,507029.03825100145,257.84605685943325,338.01935883400097,893798.1235401513,0,0
2026-01-04 12:20:32.790495,402851.85999882105,174350.67794356297,268.5679066658807,116.23378529570864,577202.537942384,0,0
2026-01-04 12:20:33.790495,342472.247093128,576693.9011046686,228.31483139541865,384.4626007364457,919166.1481977965,0,0
2026-01-04 12:20:34.790495,378163.79326769646,529406.5953483282,252.10919551179765,352.9377302322188,907570.3886160246,0,0
2026-01-04 12:20:35.790495,186871.31549617092,232714.30471441324,124.58087699744728,155.14286980960884,419585.6202105842,0,1
2026-01-04 12:20:36.790495,244650.03184403188,238646.82526973705,163.10002122935458,159.09788351315802,483296.8571137689,0,0
2026-01-04 12:20:37.790495,600679.0456439636,391059.0107808464,400.45269709597574,260.70600718723097,991738.05642481,0,0
2026-01-04 12:20:38.790495,191587.83864641213,161628.145388702,127.72522576427475,107.75209692580133,353215.9840351141,0,0
2026-01-04 12:20:39.790495,683324.9695161096,481090.5407155965,455.5499796774064,320.727027143731,1164415.510231706,0,0
2026-01-04 12:20:40.790495,490114.14291604544,484135.79134095827,326.7427619440303,322.7571942273055,974249.9342570037,0,0
2026-01-04 12:20:41.790495,646019.1834299909,433456.3638504816,430.6794556199939,288.97090923365437,1079475.5472804725,0,0
2026-01-04 12:20:42.790495,426417.447284018,636560.2373006378,284.2782981893453,424.3734915337585,1062977.6845846558,0,0
2026-01-04 12:20:43.790495,371766.2011645317,246237.7598158457,247.8441341096878,164.15850654389712,618003.9609803774,0,0
2026-01-04 12:20:44.790495,413627.22921570006,402066.6297154261,275.75148614380004,268.04441981028407,815693.8589311262,0,0
2026-01-04 12:20:45.790495,294599.7268178483,651228.9128563451,196.39981787856553,434.1526085708967,945828.6396741935,0,0
2026-01-04 12:20:46.790495,427353.14636787475,360158.5111901211,284.90209757858315,240.1056741267474,787511.6575579959,0,0
2026-01-04 12:20:47.790495,553124.8110105925,867828.4735592342,368.7498740070617,578.5523157061562,1420953.2845698267,0,0
2026-01-04 12:20:48.790495,281311.1128506268,649533.9281005937,187.54074190041788,433.02261873372913,930845.0409512206,0,0
2026-01-04 12:20:49.790495,356554.16648554336,449449.939269547,237.70277765702892,299.63329284636467,806004.1057550904,0,0
2026-01-04 12:20:50.790495,403282.39858556684,497880.89257101505,268.8549323903779,331.92059504734334,901163.2911565818,0,0
2026-01-04 12:20:51.790495,254563.54245577313,374504.25595162984,169.70902830384875,249.66950396775323,629067.7984074029,0,0
2026-01-04 12:20:52.790495,250953.64048979114,583820.1812524695,167.3024269931941,389.21345416831304,834773.8217422607,0,0
2026-01-04 12:20:53.790495,649144.5878676823,364875.52572999423,432.7630585784549,243.25035048666282,1014020.1135976765,0,0
2026-01-04 12:20:54.790495,422081.6103890196,405648.56333992106,281.3877402593464,270.4323755599474,827730.1737289407,0,0
2026-01-04 12:20:55.790495,99763.07503363214,177316.34139356177,66.50871668908809,118.21089426237451,277079.4164271939,0,0
2026-01-04 12:20:56.790495,498489.3625147054,262954.0186718246,332.32624167647026,175.30267911454973,761443.38118653,0,0
2026-01-04 12:20:57.790495,546645.9849114922,443490.81893088436,364.4306566076615,295.6605459539229,990136.8038423766,0,0
2026-01-04 12:20:58.790495,425097.512147513,618328.5773696363,283.3983414316753,412.2190515797575,1043426.0895171493,0,0
2026-01-04 12:20:59.790495,181686.58652560166,129267.8669311352,121.12439101706777,86.17857795409013,310954.45345673687,0,0
2026-01-04 12:21:00.790495,644760.5799256314,338137.4132934202,429.84038661708763,225.42494219561348,982897.9932190516,0,0
2026-01-04 12:21:01.790495,581106.4132265539,752982.399423203,387.4042754843693,501.9882662821353,1334088.812649757,0,0
2026-01-04 12:21:02.790495,308528.03541136795,601799.0476950189,205.68535694091196,401.1993651300126,910327.0831063868,0,0
2026-01-04 12:21:03.790495,339169.58853940014,254137.6263504092,226.11305902626677,169.42508423360613,593307.2148898094,0,0
2026-01-04 12:21:04.790495,427768.23063640075,195848.6193489615,285.17882042426714,130.565746232641,623616.8499853623,0,0
2026-01-04 12:21:05.790495,386430.83018032013,313051.73572284525,257.62055345354673,208.7011571485635,699482.5659031654,0,0
2026-01-04 12:21:06.790495,554487.7841223746,252926.52896655415,369.65852274824977,168.61768597770276,807414.3130889288,0,0
2026-01-04 12:21:07.790495,862361.5740688562,717294.3303143478,574.9077160459042,478.1962202095652,1579655.904383204,0,0
2026-01-04 12:21:08.790495,123260.60344836111,245913.92454711636,82.17373563224075,163.94261636474425,369174.5279954775,0,0
2026-01-04 12:21:09.790495,205473.89339210288,214393.67657193998,136.98259559473524,142.92911771462667,419867.56996404286,0,0
2026-01-04 12:21:10.790495,583750.9394078895,279599.3314979526,389.167292938593,186.39955433196837,863350.2709058421,0,0
2026-01-04 12:21:11.790495,188057.49140534122,242025.94349887877,125.37166093689414,161.3506289992525,430083.43490422,0,0
2026-01-04 12:21:12.790495,143872.5751440734,247729.23131428973,95.91505009604893,165.15282087619315,391601.80645836313,0,0
2026-01-04 12:21:13.790495,359238.46848886216,219602.09970798172,239.4923123259081,146.40139980532115,578840.5681968438,0,0
2026-01-04 12:21:14.790495,70267.6592911754,81770.83280241865,46.84510619411693,54.513888534945764,152038.49209359405,0,0
2026-01-04 12:21:15.790495,223576.56549655375,206642.12926561825,149.05104366436916,137.76141951041217,430218.694762172,0,0
2026-01-04 12:21:16.790495,180836.07311931744,184961.2061966152,120.55738207954496,123.30747079774348,365797.27931593265,0,0
2026-01-04 12:21:17.790495,243690.3755924748,415525.9562080642,162.4602503949832,277.0173041387095,659216.331800539,0,0
2026-01-04 12:21:18.790495,184983.44915011735,195608.57891893835,123.32229943341156,130.40571927929224,380592.0280690557,0,0
2026-01-04 12:21:19.790495,288605.6870336575,253824.57600058845,192.40379135577166,169.2163840003923,542430.2630342459,0,0
2026-01-04 12:21:20.790495,680444.1453596128,487008.89165793755,453.62943023974185,324.672594438625,1167453.0370175503,0,0
2026-01-04 12:21:21.790495,299307.6544393146,678834.4103155244,199.5384362928764,452.55627354368295,978142.064754839,0,0
2026-01-04 12:21:22.790495,274997.9881587323,421532.8688271467,183.33199210582154,281.0219125514311,696530.856985879,0,0
2026-01-04 12:21:23.790495,53053.84366437771,26655.922269090417,35.36922910958514,17.77061484606028,79709.76593346812,0,0
2026-01-04 12:21:24.790495,681188.4712971414,496494.1293534472,454.1256475314276,330.9960862356314,1177682.6006505885,0,0
2026-01-04 12:21:25.790495,375706.58918357076,510787.0158224237,250.47105945571383,340.5246772149491,886493.6050059944,0,0
2026-01-04 12:21:26.790495,274952.16943838535,244077.65239443144,183.30144629225688,162.71843492962097,519029.82183281676,0,0
2026-01-04 12:21:27.790495,664866.7670398637,455227.7784131199,443.24451135990915,303.4851856087466,1120094.5454529836,0,0
2026-01-04 12:21:28.790495,450974.7219988934,608443.8975135348,300.64981466592894,405.6292650090232,1059418.619512428,0,0
2026-01-04 12:21:29.790495,1976150.1046541885,2645795.1389318313,301.5956851390931,403.79543830425007,4621945.24358602,0,0
2026-01-04 12:21:30.790495,250741.02744691106,157730.58861456977,167.16068496460738,105.15372574304652,408471.61606148083,0,0
2026-01-04 12:21:31.790495,501225.98675630457,376664.27253249014,334.15065783753636,251.1095150216601,877890.2592887947,0,0
2026-01-04 12:21:32.790495,364872.93286882975,158400.554784736,243.24862191255318,105.60036985649067,523273.48765356577,0,0
2026-01-04 12:21:33.790495,120510.37278780187,177553.58346663267,80.34024852520125,118.36905564442178,298063.95625443454,0,0
2026-01-04 12:21:34.790495,666135.3944980829,587417.8677281918,444.0902629987219,391.6119118187945,1253553.2622262747,0,0
2026-01-04 12:21:35.790495,386808.9613261077,395119.49858524936,257.87264088407176,263.4129990568329,781928.459911357,0,0
2026-01-04 12:21:36.790495,705206.1420434482,519705.14826878725,470.1374280289655,346.47009884585816,1224911.2903122355,0,0
2026-01-04 12:21:37.790495,323974.91014051,470960.0387305966,215.98327342700668,313.97335915373105,794934.9488711066,0,0
2026-01-04 12:21:38.790495,327663.4739799648,633249.2433632719,218.4423159866432,422.1661622421813,960912.7173432367,0,0
2026-01-04 12:21:39.790495,290489.57117099833,557568.5518394855,193.6597141139989,371.71236789299036,848058.1230104838,0,0
2026-01-04 12:21:40.790495,842535.5310927035,441757.0460324138,561.6903540618023,294.5046973549425,1284292.5771251172,0,0
2026-01-04 12:21:41.790495,366719.07069181395,732310.8143266703,244.4793804612093,488.2072095511135,1099029.8850184842,0,0
2026-01-04 12:21:42.790495,329136.18609695625,708007.53527516,219.4241240646375,472.00502351677335,1037143.7213721162,0,0
2026-01-04 12:21:43.790495,656437.8088035967,549272.6723835097,437.6252058690644,366.18178158900645,1205710.4811871063,0,0
2026-01-04 12:21:44.790495,328909.6742639182,442922.3560254907,219.27311617594546,295.28157068366045,771832.0302894089,0,0
2026-01-04 12:21:45.790495,572378.7182647461,583584.3352763933,381.5858121764974,389.0562235175956,1155963.0535411395,0,0
2026-01-04 12:21:46.790495,779781.3561295858,529266.8642931851,519.8542374197239,352.8445761954567,1309048.2204227708,0,1
2026-01-04 12:21:47.790495,648106.658392488,526133.1417164907,432.071105594992,350.7554278109938,1174239.8001089788,0,0
2026-01-04 12:21:48.790495,258481.8296861055,156075.15947530486,172.32121979073702,104.0501063168699,414556.98916141037,0,0
2026-01-04 12:21:49.790495,448274.88343562314,671413.0787370453,298.8499222904154,447.60871915803017,1119687.9621726684,0,0
2026-01-04 12:21:50.790495,403214.2806926074,674636.5066172234,268.80952046173826,449.7576710781489,1077850.7873098308,0,0
2026-01-04 12:21:51.790495,568036.1694827366,832433.6624904766,378.69077965515777,554.9557749936511,1400469.8319732132,0,0
2026-01-04 12:21:52.790495,636133.0727448637,585338.1440640952,424.08871516324245,390.22542937606346,1221471.216808959,0,0
2026-01-04 12:21:53.790495,890804.3944596678,411303.5902863135,593.8695963064453,274.202393524209,1302107.9847459814,0,0
2026-01-04 12:21:54.790495,467371.5943134063,310861.3881251718,311.58106287560423,207.2409254167812,778232.9824385782,0,0
2026-01-04 12:21:55.790495,160464.9511372954,373750.01426059514,106.97663409153027,249.16667617373008,534214.9653978905,0,0
2026-01-04 12:21:56.790495,439391.9674323664,579619.6795589201,292.9279782882443,386.4131197059467,1019011.6469912864,0,0
2026-01-04 12:21:57.790495,606108.6718937815,898816.3925332372,404.07244792918766,599.2109283554914,1504925.0644270189,0,0
2026-01-04 12:21:58.790495,363504.37098410475,585409.7781133222,242.3362473227365,390.2731854088815,948914.149097427,0,0
2026-01-04 12:21:59.790495,331550.9973635963,340929.21767636016,221.03399824239753,227.28614511757343,672480.2150399564,0,0
2026-01-04 12:22:00.790495,586663.2703438315,568230.1609749084,391.10884689588767,378.8201073166056,1154893.43131874,0,0
2026-01-04 12:22:01.790495,2889093.941284361,2433614.382940034,447.63636060787707,377.0643349236247,5322708.324224395,0,0
2026-01-04 12:22:02.790495,489478.99149673455,365129.2587413046,326.3193276644897,243.41950582753643,854608.2502380392,0,0
2026-01-04 12:22:03.790495,386926.999898403,225501.20755207547,257.951333265602,150.3341383680503,612428.2074504785,0,0
2026-01-04 12:22:04.790495,540993.0572023494,233638.57866744322,360.6620381348996,155.75905244496215,774631.6358697927,0,0
2026-01-04 12:22:05.790495,183811.13097050987,238931.3764996751,122.54075398033991,159.28758433311674,422742.507470185,0,0
2026-01-04 12:22:06.790495,745046.1167874259,349213.5143525475,496.6974111916173,232.809009568365,1094259.6311399734,0,0
2026-01-04 12:22:07.790495,305457.2449441143,503318.3506960628,203.6381632960762,335.54556713070855,808775.5956401771,0,0
2026-01-04 12:22:08.790495,329727.9444960224,330706.32862305176,219.81862966401494,220.47088574870116,660434.2731190742,0,0
2026-01-04 12:22:09.790495,96684.02033715828,99029.27280164625,64.45601355810551,66.0195152010975,195713.29313880453,0,0
2026-01-04 12:22:10.790495,242642.64574686598,219025.5508864704,161.761763831244,146.01703392431358,461668.19663333637,0,0
2026-01-04 12:22:11.790495,303059.4686674869,388201.42211825034,202.0396457783246,258.8009480788336,691260.8907857373,0,0
2026-01-04 12:22:12.790495,232688.35245410676,305502.9387518186,155.12556830273783,203.66862583454574,538191.2912059254,0,0
2026-01-04 12:22:13.790495,639054.9562529541,904330.1779199772,137.35848398040523,194.3767449753567,1543385.1341729313,0,0
2026-01-04 12:22:14.790495,67707.48721650284,98171.57648930058,45.13832481100189,65.44771765953372,165879.06370580342,0,0
2026-01-04 12:22:15.790495,1230648.4930862784,1416251.582363627,249.78507047360486,287.45698166166085,2646900.0754499054,0,0
2026-01-04 12:22:16.790495,420881.1741911186,294690.5796994392,280.58744946074575,196.4603864662928,715571.7538905578,0,0
2026-01-04 12:22:17.790495,0.0,0.0,0.0,0.0,0.0,0,0
2026-01-04 12:22:18.790495,301257.967802371,163940.1358581162,200.83864520158068,109.2934239054108,465198.1036604872,0,0
2026-01-04 12:22:19.790495,886132.599369883,489605.21061695245,590.7550662465886,326.403473744635,1375737.8099868353,0,0
2026-01-04 12:22:20.790495,507770.16732174595,243861.27823590726,338.513444881164,162.57418549060483,751631.4455576532,0,0
2026-01-04 12:22:21.790495,145704.961328414,227773.8146979221,97.13664088560934,151.84920979861474,373478.77602633607,0,0
2026-01-04 12:22:22.790495,113542.35543265115,98846.81617471587,75.69490362176744,65.89787744981058,212389.17160736702,0,0
2026-01-04 12:22:23.790495,265767.7498919463,617602.6263150669,48.19398600527913,111.99527535434028,883370.3762070134,0,0
2026-01-04 12:22:24.790495,645900.3412050463,364980.65406506025,430.60022747003086,243.3204360433735,1010880.9952701066,0,0
2026-01-04 12:22:25.790495,296373.03092812,655270.5250037945,197.58202061874667,436.8470166691963,951643.5559319145,0,0
2026-01-04 12:22:26.790495,435019.7706459464,531294.7339571306,290.01318043063094,354.1964893047537,966314.504603077,0,0
2026-01-04 12:22:27.790495,480632.162926028,820388.0911079933,320.42144195068533,546.9253940719955,1301020.2540340212,0,0
2026-01-04 12:22:28.790495,466523.304318004,341406.60544938216,311.01553621200264,227.60440363292145,807929.9097673862,0,0
2026-01-04 12:22:29.790495,620615.2444372383,501943.6104205138,413.7434962914922,334.62907361367587,1122558.854857752,0,0
2026-01-04 12:22:30.790495,556674.2296384948,319017.7813277542,371.11615309232985,212.67852088516946,875692.0109662489,0,0
2026-01-04 12:22:31.790495,465260.30467838503,501972.4277668636,310.1735364522567,334.6482851779091,967232.7324452486,0,0
2026-01-04 12:22:32.790495,998566.4444932194,1594950.9379018482,147.96432053825777,236.3346306296861,2593517.3823950677,0,0
2026-01-04 12:22:33.790495,370502.6663689665,523168.60454570357,247.001777579311,348.7790696971357,893671.2709146701,0,0
2026-01-04 12:22:34.790495,590292.2649326286,327157.56594695087,393.5281766217524,218.10504396463392,917449.8308795794,0,0
2026-01-04 12:22:35.790495,317572.9086864225,439683.9589691499,211.71527245761501,293.12263931276664,757256.8676555725,0,0
2026-01-04 12:22:36.790495,532686.834427114,918742.2016646818,355.12455628474265,612.4948011097879,1451429.036091796,0,0
2026-01-04 12:22:37.790495,665353.760866435,1050460.915235984,443.5691739109567,700.3072768239892,1715814.676102419,0,0
2026-01-04 12:22:38.790495,385643.38099341595,673686.3835170929,257.09558732894396,449.12425567806196,1059329.7645105089,0,0
2026-01-04 12:22:39.790495,544372.9260203863,263812.7977655348,362.91528401359085,175.8751985103565,808185.723785921,0,0
2026-01-04 12:22:40.790495,703946.0385616614,497131.7394720869,469.2973590411076,331.42115964805794,1201077.7780337483,0,0
2026-01-04 12:22:41.790495,278533.69183512795,359912.755594611,185.6891278900853,239.941837063074,638446.4474297389,0,0
2026-01-04 12:22:42.790495,283857.71045045054,332025.7707601282,189.2384736336337,221.35051384008548,615883.4812105787,0,0
2026-01-04 12:22:43.790495,385623.1129362981,275290.0335962297,257.08207529086536,183.52668906415312,660913.1465325278,0,0
2026-01-04 12:22:44.790495,346550.2450618834,804797.3246570976,231.03349670792227,536.5315497713984,1151347.569718981,0,0
2026-01-04 12:22:45.790495,738738.4718812087,697285.861748514,492.4923145874725,464.857241165676,1436024.3336297227,0,0
2026-01-04 12:22:46.790495,728880.5541596496,697213.6602827867,485.92036943976643,464.80910685519115,1426094.2144424364,0,0
2026-01-04 12:22:47.790495,533054.65836097,322922.29189706047,355.3697722406466,215.28152793137363,855976.9502580304,0,0
2026-01-04 12:22:48.790495,562577.8245012672,575836.4910805232,375.0518830008448,383.89099405368216,1138414.3155817904,0,0
2026-01-04 12:22:49.790495,492368.88871905627,368618.84111301333,328.2459258127042,245.74589407534222,860987.7298320696,0,0
2026-01-04 12:22:50.790495,429649.9023533365,822362.0014599035,286.43326823555765,548.2413343066023,1252011.9038132401,0,0
2026-01-04 12:22:51.790495,388251.127592731,227278.23519139964,258.83408506182064,151.5188234609331,615529.3627841306,0,0
2026-01-04 12:22:52.790495,529813.6517727382,513810.01083066594,353.2091011818255,342.54000722044395,1043623.6626034041,0,0
2026-01-04 12:22:53.790495,507484.21589986887,393475.14376890566,338.3228105999126,262.31676251260376,900959.3596687745,0,0
2026-01-04 12:22:54.790495,706399.5676260053,408670.5030864152,470.93304508400354,272.4470020576101,1115070.0707124204,0,0
2026-01-04 12:22:55.790495,547708.7632611227,416773.452548568,365.1391755074152,277.84896836571204,964482.2158096908,0,0
2026-01-04 12:22:56.790495,808120.6820747867,411579.1699105682,538.7471213831911,274.38611327371217,1219699.851985355,0,0
2026-01-04 12:22:57.790495,421484.40330759337,695035.7668441792,280.9896022050622,463.3571778961195,1116520.1701517727,0,0
2026-01-04 12:22:58.790495,449719.4376333898,491310.9332598965,299.81295842225984,327.54062217326435,941030.3708932863,0,0
2026-01-04 12:22:59.790495,1862369.2451150168,1455172.4530463975,370.89918566295256,289.8041187319637,3317541.6981614144,0,0
2026-01-04 12:23:00.790495,364102.0068485015,779199.2045962487,242.73467123233434,519.4661363974991,1143301.2114447502,0,0
2026-01-04 12:23:01.790495,297133.38874212705,392764.9489756726,198.0889258280847,261.84329931711505,689898.3377177996,0,0
2026-01-04 12:23:02.790495,176296.17652124137,302148.978357324,117.53078434749425,201.432652238216,478445.1548785654,0,0
2026-01-04 12:23:03.790495,651616.824962868,303460.83369160217,434.411216641912,202.3072224610681,955077.6586544701,0,0
2026-01-04 12:23:04.790495,402055.4812821888,276370.19492141996,268.0369875214592,184.24679661427996,678425.6762036087,0,0
2026-01-04 12:23:05.790495,185683.28793001611,212380.13117393007,123.78885862001074,141.58675411595337,398063.4191039462,0,0
2026-01-04 12:23:06.790495,487250.2680811719,265821.6945844088,324.8335120541146,177.2144630562725,753071.9626655807,0,0
2026-01-04 12:23:07.790495,366309.3299266443,351123.2142919179,244.2062199510962,234.0821428612786,717432.5442185622,0,0
2026-01-04 12:23:08.790495,586050.5727096909,320152.10254481784,390.7003818064606,213.43473502987857,906202.6752545087,0,0
2026-01-04 12:23:09.790495,197398.724605258,316461.64484082616,131.59914973683865,210.97442989388412,513860.36944608414,0,0
2026-01-04 12:23:10.790495,483983.29403069965,306120.68722905975,322.65552935379975,204.0804581527065,790103.9812597594,0,0
2026-01-04 12:23:11.790495,322916.13223903807,232933.23493195823,215.27742149269204,155.28882328797215,555849.3671709963,0,1
2026-01-04 12:23:12.790495,373641.6183422759,541553.840325235,249.09441222818393,361.0358935501567,915195.4586675109,0,0
2026-01-04 12:23:13.790495,280465.58857683296,140975.9036542612,186.97705905122197,93.98393576950747,421441.49223109416,0,0
2026-01-04 12:23:14.790495,202115.5715062175,391547.98637713055,134.74371433747834,261.03199091808705,593663.5578833481,0,0
2026-01-04 12:23:15.790495,220697.65181831288,230300.98008064483,147.13176787887525,153.53398672042988,450998.6318989577,0,0
2026-01-04 12:23:16.790495,274813.276668044,444451.11816349806,183.20885111202932,296.300745442332,719264.394831542,0,0
2026-01-04 12:23:17.790495,266907.625255756,396503.5729968303,177.93841683717068,264.3357153312202,663411.1982525863,0,0
2026-01-04 12:23:18.790495,394817.7718122823,442828.423805747,78.30602300321188,87.82819623807559,837646.1956180293,0,0
2026-01-04 12:23:19.790495,231767.9325886073,257772.8753288603,154.51195505907154,171.84858355257353,489540.8079174676,0,0
2026-01-04 12:23:20.790495,344331.03882532107,691396.2750039363,229.55402588354738,460.9308500026242,1035727.3138292573,0,0
2026-01-04 12:23:21.790495,198073.46624494516,251259.44960153513,132.0489774966301,167.50629973435676,449332.9158464803,0,0
2026-01-04 12:23:22.790495,75249.83594894396,47605.61710620798,50.166557299295974,31.73707807080532,122855.45305515194,0,0
2026-01-04 12:23:23.790495,0.0,0.0,0.0,0.0,0.0,0,0
2026-01-04 12:23:24.790495,179449.33171366536,206218.99063326686,119.63288780911024,137.47932708884457,385668.32234693225,0,0
2026-01-04 12:23:25.790495,422927.99313527683,685034.3574987788,281.9519954235179,456.68957166585255,1107962.3506340557,0,0
2026-01-04 12:23:26.790495,360706.0280290957,709229.7669223469,240.47068535273044,472.81984461489793,1069935.7949514426,0,0
2026-01-04 12:23:27.790495,198365.29585624352,405007.36655878276,132.24353057082902,270.0049110391885,603372.6624150262,0,0
2026-01-04 12:23:28.790495,395076.63477208465,420082.4255191716,263.38442318138976,280.05495034611437,815159.0602912562,0,0
2026-01-04 12:23:29.790495,423825.70751424885,321347.6470403156,282.5504716761659,214.23176469354374,745173.3545545645,0,0
2026-01-04 12:23:30.790495,454417.98341899517,428304.90079031966,302.9453222793301,285.5366005268798,882722.8842093148,0,0
2026-01-04 12:23:31.790495,225386.62345293272,149524.8141358973,150.25774896862183,99.68320942393153,374911.43758883,0,0
2026-01-04 12:23:32.790495,669819.4638101757,388279.42584788013,446.54630920678375,258.8529505652534,1058098.8896580557,0,0
2026-01-04 12:23:33.790495,417103.8494697738,641942.7529097417,278.06923297984923,427.96183527316117,1059046.6023795155,0,0
2026-01-04 12:23:34.790495,234024.5637255011,278470.78662997764,156.01637581700072,185.64719108665176,512495.35035547876,0,0
2026-01-04 12:23:35.790495,372488.1334372024,467084.61366730323,248.3254222914683,311.38974244486883,839572.7471045057,1,0
2026-01-04 12:23:36.790495,414966.1286616238,365331.40304029,276.6440857744159,243.55426869352667,780297.5317019138,0,0
2026-01-04 12:23:37.790495,377724.01907905214,643843.9523566063,251.8160127193681,429.22930157107083,1021567.9714356585,0,0
2026-01-04 12:23:38.790495,269901.2660224393,616392.7964261828,179.93417734829285,410.92853095078857,886294.0624486221,0,0
2026-01-04 12:23:39.790495,418913.31893603335,675269.172372029,279.2755459573556,450.17944824801936,1094182.4913080623,0,0
2026-01-04 12:23:40.790495,1468121.9697442232,934012.1685330559,303.8115945967467,193.28348198769243,2402134.138277279,0,0
2026-01-04 12:23:41.790495,1570866.4523227045,2483207.543636035,243.30221428512053,384.6093300947566,4054073.9959587394,0,0
2026-01-04 12:23:42.790495,580765.2600712597,645213.6129633626,387.17684004750646,430.1424086422417,1225978.8730346223,0,0
2026-01-04 12:23:43.790495,561119.4735432764,749204.3889703831,374.07964902885095,499.4695926469221,1310323.8625136595,0,0
2026-01-04 12:23:44.790495,383434.5046627169,667779.1643495742,255.62300310847792,445.1861095663828,1051213.6690122911,0,0
2026-01-04 12:23:45.790495,394399.85109651356,380398.13431646244,262.9332340643424,253.59875621097495,774797.985412976,0,0
2026-01-04 12:23:46.790495,761340.6678613924,477779.197526538,507.56044524092823,318.51946501769197,1239119.8653879303,0,0
2026-01-04 12:23:47.790495,382030.2845794451,453209.4819098956,254.6868563862967,302.13965460659705,835239.7664893407,0,0
2026-01-04 12:23:48.790495,409681.69012476853,456360.05543059437,273.1211267498457,304.2400369537296,866041.7455553629,0,0
2026-01-04 12:23:49.790495,1763487.6646186642,2922896.1620606757,280.32121054300615,464.6189519094431,4686383.82667934,0,0
2026-01-04 12:23:50.790495,438156.0289065459,204311.30089190367,292.1040192710306,136.20753392793577,642467.3297984495,0,0
2026-01-04 12:23:51.790495,1740764.6072298146,2534638.718226416,263.6451229931838,383.8802408060839,4275403.325456231,0,0
2026-01-04 12:23:52.790495,549022.544484626,362297.28054636525,366.01502965641737,241.5315203642435,911319.8250309913,0,0
2026-01-04 12:23:53.790495,440585.4159114732,203705.59565524303,293.7236106076488,135.8037304368287,644291.0115667162,0,0
2026-01-04 12:23:54.790495,530935.150263824,398653.13279322936,353.95676684254937,265.7687551954862,929588.2830570533,0,0
2026-01-04 12:23:55.790495,455689.3379457805,736740.039761906,303.79289196385366,491.16002650793735,1192429.3777076865,0,0
2026-01-04 12:23:56.790495,2588879.6383108515,2148903.367791136,542.758298123571,450.51732706095123,4737783.006101987,0,0
2026-01-04 12:23:57.790495,564710.8531943811,603496.8918556501,376.47390212958743,402.3312612371001,1168207.7450500312,0,0
2026-01-04 12:23:58.790495,606119.4495955727,740002.369702189,404.0796330637151,493.33491313479266,1346121.8192977617,0,0
2026-01-04 12:23:59.790495,239996.02193716526,495270.7394720967,159.99734795811017,330.18049298139783,735266.761409262,0,0
2026-01-04 12:24:00.790495,434979.42234892497,530413.0208783814,289.98628156595,353.60868058558765,965392.4432273065,0,0
2026-01-04 12:24:01.790495,631915.882689789,617547.2259948013,421.27725512652603,411.69815066320086,1249463.1086845903,0,0
2026-01-04 12:24:02.790495,205371.6265170166,337608.0793120496,136.91441767801106,225.07205287469975,542979.7058290662,0,0
2026-01-04 12:24:03.790495,221737.8287417333,164863.69047300433,147.82521916115553,109.90912698200289,386601.51921473764,0,0
2026-01-04 12:24:04.790495,224084.3580053816,329357.0378994671,149.38957200358774,219.57135859964473,553441.3959048487,0,0
2026-01-04 12:24:05.790495,351904.41207339405,472311.9394044591,234.6029413822627,314.8746262696394,824216.3514778531,0,0
2026-01-04 12:24:06.790495,1559257.761747736,897474.5671799681,238.9698155514962,137.5457843100695,2456732.328927704,0,0
2026-01-04 12:24:07.790495,393137.2596289481,542411.2619859487,262.09150641929875,361.6075079906324,935548.5216148968,0,0
2026-01-04 12:24:08.790495,2221707.960751187,1676982.407765905,319.4843615081471,241.15215107944925,3898690.368517092,0,0
2026-01-04 12:24:09.790495,289234.3905806611,183826.23259812774,192.82292705377404,122.55082173208515,473060.6231787888,0,0
2026-01-04 12:24:10.790495,248759.29690510116,173611.21030522318,165.83953127006745,115.74080687014879,422370.50721032434,0,0
2026-01-04 12:24:11.790495,83920.31493365794,166065.24092879408,55.94687662243862,110.71016061919606,249985.55586245202,0,0
2026-01-04 12:24:12.790495,301197.89706843067,211887.2422407944,200.79859804562045,141.25816149386293,513085.1393092251,0,0
2026-01-04 12:24:13.790495,308237.5497545911,301406.15711369214,205.49169983639405,200.93743807579477,609643.7068682832,0,0
2026-01-04 12:24:14.790495,366567.90434455674,409946.8667776068,244.37860289637115,273.2979111850712,776514.7711221635,0,0
2026-01-04 12:24:15.790495,424279.5478222171,258596.57194760314,282.85303188147805,172.39771463173543,682876.1197698202,0,0
2026-01-04 12:24:16.790495,1320069.899814042,1433546.4985871476,266.8154868232108,289.7516313023429,2753616.3984011896,0,0
2026-01-04 12:24:17.790495,1593872.232429699,1202632.1031601378,227.7888597904699,171.87462705756468,2796504.335589837,0,0
2026-01-04 12:24:18.790495,262984.1697718366,480285.78188492235,175.32277984789107,320.1905212566149,743269.9516567589,0,0
2026-01-04 12:24:19.790495,353674.69072428235,214041.76794277746,235.78312714952156,142.69451196185165,567716.4586670598,0,0
2026-01-04 12:24:20.790495,208665.1904927367,407851.4158120682,139.1101269951578,271.90094387471214,616516.6063048049,0,0
2026-01-04 12:24:21.790495,273549.376486277,548362.6583842413,182.3662509908513,365.57510558949417,821912.0348705183,0,0
2026-01-04 12:24:22.790495,268669.5729083764,150373.65108419803,179.11304860558425,100.24910072279869,419043.22399257444,0,0
2026-01-04 12:24:23.790495,323144.4367639923,185562.41172543107,215.4296245093282,123.70827448362071,508706.8484894234,0,0
2026-01-04 12:24:24.790495,406962.4718732558,343605.85391861445,271.3083145821705,229.0705692790763,750568.3257918702,0,0
2026-01-04 12:24:25.790495,223657.40598111422,320575.96764554153,149.1049373207428,213.71731176369437,544233.3736266558,0,0
2026-01-04 12:24:26.790495,417797.40138369077,194628.3372533815,278.53160092246054,129.75222483558767,612425.7386370723,0,0
2026-01-04 12:24:27.790495,225253.6334523316,124407.93201865628,150.16908896822105,82.93862134577085,349661.5654709879,0,0
2026-01-04 12:24:28.790495,305952.94930316776,421501.1721320509,203.9686328687785,281.00078142136726,727454.1214352186,0,0
2026-01-04 12:24:29.790495,880936.1906755158,517079.1743228099,587.2907937836771,344.71944954853996,1398015.3649983257,0,0
2026-01-04 12:24:30.790495,267600.06370296946,152077.44889417564,178.40004246864632,101.38496592945043,419677.5125971451,0,0
2026-01-04 12:24:31.790495,154223.26514806753,83411.23575040817,102.81551009871168,55.607490500272114,237634.5008984757,0,0
2026-01-04 12:24:32.790495,1225892.1603780328,1488584.506760378,198.23437433489485,240.7133578954155,2714476.6671384107,0,0
2026-01-04 12:24:33.790495,343065.53287300456,646766.190671666,228.7103552486697,431.1774604477773,989831.7235446705,0,0
2026-01-04 12:24:34.790495,304299.7715693128,432371.8669475338,202.86651437954185,288.24791129835586,736671.6385168466,0,0
2026-01-04 12:24:35.790495,330110.0846690092,346042.0497667601,220.07338977933946,230.69469984450672,676152.1344357693,0,0
2026-01-04 12:24:36.790495,1075487.3261104664,589159.8270828278,716.9915507403109,392.77321805521854,1664647.1531932943,0,0
2026-01-04 12:24:37.790495,303556.9996513294,358009.82413661917,202.3713331008863,238.67321609107944,661566.8237879486,0,0
2026-01-04 12:24:38.790495,378413.68861740374,389911.8365515277,252.27579241160248,259.94122436768515,768325.5251689315,0,0
2026-01-04 12:24:39.790495,617351.9281401358,521921.5477073695,411.5679520934239,347.94769847157966,1139273.4758475053,0,0
2026-01-04 12:24:40.790495,505247.00892339373,291799.41589134786,336.8313392822625,194.53294392756524,797046.4248147416,0,0
2026-01-04 12:24:41.790495,380931.13143345626,589168.418392782,253.95408762230417,392.77894559518796,970099.5498262383,0,0
2026-01-04 12:24:42.790495,546769.0461966777,504640.71210553474,364.51269746445183,336.4271414036898,1051409.7583022125,0,0
2026-01-04 12:24:43.790495,522093.46814508224,417020.68512881617,348.0623120967215,278.0137900858775,939114.1532738984,0,0
2026-01-04 12:24:44.790495,353248.4059869626,300205.3585874068,235.49893732464173,200.13690572493786,653453.7645743694,0,0
2026-01-04 12:24:45.790495,950977.4895918327,486981.8179315077,633.9849930612219,324.6545452876718,1437959.3075233405,0,0
2026-01-04 12:24:46.790495,696688.9112179757,562594.2511052955,464.4592741453171,375.06283407019697,1259283.1623232712,0,0
2026-01-04 12:24:47.790495,253837.1643906271,511582.865947822,169.22477626041805,341.0552439652147,765420.030338449,0,0
2026-01-04 12:24:48.790495,356946.54733588477,447053.7221416704,237.96436489058985,298.0358147611136,804000.2694775552,0,0
2026-01-04 12:24:49.790495,183806.5125257356,416374.47278852155,122.53767501715707,277.58298185901435,600180.9853142572,0,0
2026-01-04 12:24:50.790495,712956.5366269854,360063.0116130664,475.3043577513236,240.0420077420443,1073019.5482400518,0,0
2026-01-04 12:24:51.790495,708698.3351005267,942573.6257972032,472.4655567336845,628.3824171981354,1651271.9608977297,0,0
2026-01-04 12:24:52.790495,862566.0809429442,485117.47705516365,575.0440539619627,323.4116513701091,1347683.5579981077,0,0
2026-01-04 12:24:53.790495,433825.6904705356,619932.4441196842,289.2171269803571,413.28829607978946,1053758.1345902197,0,0
2026-01-04 12:24:54.790495,459901.1376052013,390246.3203902023,306.6007584034675,260.16421359346816,850147.4579954036,0,0
2026-01-04 12:24:55.790495,273096.4611149552,577232.46408183,182.06430740997013,384.82164272122,850328.9251967851,0,0
2026-01-04 12:24:56.790495,377254.18550194905,322829.0519400196,251.5027903346327,215.21936796001307,700083.2374419686,0,0
2026-01-04 12:24:57.790495,344314.4961798357,584477.4224052128,229.5429974532238,389.6516149368085,928791.9185850484,0,0
2026-01-04 12:24:58.790495,397052.6300552168,393682.9196524461,264.7017533701445,262.45527976829743,790735.5497076629,0,0
2026-01-04 12:24:59.790495,771484.8037757437,705295.3660688446,514.3232025171625,470.19691071256307,1476780.1698445883,0,0
2026-01-04 12:25:00.790495,584744.8263799058,267407.63621072593,389.82988425327056,178.2717574738173,852152.4625906318,0,0
2026-01-04 12:25:01.790495,351506.37387070974,330003.61987314565,234.33758258047317,220.00241324876376,681509.9937438554,0,0
2026-01-04 12:25:02.790495,2341352.0938967275,2616832.151622038,323.68065392966986,361.76444553946124,4958184.245518765,0,0
2026-01-04 12:25:03.790495,539153.142415926,462363.79979811155,359.43542827728396,308.24253319874106,1001516.9422140375,0,0
2026-01-04 12:25:04.790495,103175.97043807409,82586.60351154639,68.78398029204939,55.05773567436426,185762.57394962048,0,0
2026-01-04 12:25:05.790495,279409.744618406,365091.00920557854,186.27316307893733,243.39400613705234,644500.7538239845,0,0
2026-01-04 12:25:06.790495,703417.7625582967,377063.3475055852,468.9451750388644,251.37556500372344,1080481.1100638818,0,0
2026-01-04 12:25:07.790495,15486.201727393487,15012.600806665858,10.324134484928992,10.008400537777238,30498.802534059345,0,0
2026-01-04 12:25:08.790495,232914.82000895278,129582.66105379576,155.2765466726352,86.3884407025305,362497.4810627485,0,0
2026-01-04 12:25:09.790495,166797.4562660775,186845.802959413,111.198304177385,124.56386863960867,353643.2592254905,0,0
2026-01-04 12:25:10.790495,459372.2427127449,271636.8197975383,306.2481618084966,181.09121319835884,731009.0625102832,0,0
2026-01-04 12:25:11.790495,668092.6557837466,321464.4037993057,445.3951038558311,214.30960253287049,989557.0595830523,0,0
2026-01-04 12:25:12.790495,326720.4868129579,456597.65409925627,217.81365787530527,304.39843606617086,783318.1409122142,0,0
2026-01-04 12:25:13.790495,99827.02079603769,91717.8828254056,66.55134719735845,61.145255216937066,191544.90362144329,0,0
2026-01-04 12:25:14.790495,178065.42564621067,194045.6331797433,118.71028376414044,129.3637554531622,372111.058825954,0,0
2026-01-04 12:25:15.790495,246535.79087405404,244766.9656732674,164.35719391603604,163.1779771155116,491302.75654732145,0,0
2026-01-04 12:25:16.790495,353709.15131076035,520876.0762270138,235.80610087384022,347.2507174846759,874585.2275377741,0,0
2026-01-04 12:25:17.790495,177496.16261361947,355010.86248646234,118.33077507574632,236.67390832430823,532507.0251000818,0,0
2026-01-04 12:25:18.790495,455015.2676216686,604712.5909758712,61.108243996319295,81.21249370411282,1059727.8585975398,0,0
2026-01-04 12:25:19.790495,838309.578598901,1560126.544801107,149.06262794508686,277.41131514162345,2398436.123400008,0,0
2026-01-04 12:25:20.790495,321590.01859107154,189945.01385547858,214.39334572738102,126.63000923698571,511535.0324465501,0,0
2026-01-04 12:25:21.790495,139222.1643541412,73901.14871799246,92.81477623609413,49.26743247866164,213123.31307213366,0,0
2026-01-04 12:25:22.790495,419536.3336155616,216890.53270427277,279.69088907704105,144.59368846951517,636426.8663198344,0,0
2026-01-04 12:25:23.790495,70900.74044774855,113297.12828093281,47.267160298499036,75.5314188539552,184197.86872868138,0,0
2026-01-04 12:25:24.790495,273035.91610654205,431177.0440644926,182.02394407102804,287.45136270966174,704212.9601710347,0,0
2026-01-04 12:25:25.790495,84939.54666168483,196668.05912842148,56.62636444112322,131.11203941894766,281607.6057901063,0,0
2026-01-04 12:25:26.790495,295137.1811097374,377440.52284104726,196.7581207398249,251.62701522736484,672577.7039507846,0,0
2026-01-04 12:25:27.790495,392841.80310103245,309012.62326601456,261.8945354006883,206.00841551067637,701854.426367047,0,0
2026-01-04 12:25:28.790495,6448.960300645049,12316.400678647551,4.299306867096699,8.210933785765034,18765.3609792926,0,0
2026-01-04 12:25:29.790495,507962.45857489784,581031.1794719526,338.6416390499319,387.3541196479684,1088993.6380468505,0,0
2026-01-04 12:25:30.790495,210203.67492385342,387974.5720752037,140.13578328256895,258.64971471680246,598178.2469990571,0,0
2026-01-04 12:25:31.790495,354420.413857115,157436.42849582198,236.28027590474335,104.95761899721465,511856.84235293703,0,0
2026-01-04 12:25:32.790495,344411.32728873764,258399.49116996714,229.6075515258251,172.26632744664477,602810.8184587047,0,0
2026-01-04 12:25:33.790495,588522.04836992,1362297.2483153262,93.83567392357327,217.20865128836812,1950819.296685246,0,0
2026-01-04 12:25:34.790495,340853.720641565,151417.40286788053,227.23581376104332,100.94493524525369,492271.1235094455,0,0
2026-01-04 12:25:35.790495,585349.1817776288,269442.64108137036,390.23278785175256,179.62842738758025,854791.8228589993,0,0
2026-01-04 12:25:36.790495,230373.00693115877,318718.6859773572,153.58200462077252,212.47912398490482,549091.6929085159,0,0
2026-01-04 12:25:37.790495,222860.8247780533,200675.89392628017,148.57388318536886,133.78392928418677,423536.71870433347,0,0
2026-01-04 12:25:38.790495,561280.4213215353,721221.6721531111,374.1869475476902,480.81444810207404,1282502.0934746463,0,0
2026-01-04 12:25:39.790495,294224.3005556331,214243.0307051616,196.1495337037554,142.8286871367744,508467.33126079466,0,0
2026-01-04 12:25:40.790495,262315.5716606373,468145.52679388254,174.8770477737582,312.09701786258836,730461.0984545199,0,0
2026-01-04 12:25:41.790495,809398.678405878,503427.4745196247,539.599118937252,335.61831634641646,1312826.1529255027,0,0
2026-01-04 12:25:42.790495,336119.62839582044,475950.770193548,224.0797522638803,317.30051346236536,812070.3985893684,0,0
2026-01-04 12:25:43.790495,176221.00185135886,327012.67717537115,117.4806679009059,218.00845145024743,503233.67902673,0,0
2026-01-04 12:25:44.790495,286833.12089516915,167063.3083255299,191.22208059677942,111.37553888368662,453896.42922069906,0,0
2026-01-04 12:25:45.790495,454241.2820220295,599466.1722426246,302.8275213480197,399.6441148284164,1053707.454264654,0,0
2026-01-04 12:25:46.790495,512953.69737321243,259435.0113830714,341.96913158214164,172.95667425538093,772388.7087562839,0,0
2026-01-04 12:25:47.790495,849435.6910002654,402642.50643160345,566.2904606668436,268.428337621069,1252078.1974318689,0,0
2026-01-04 12:25:48.790495,369884.1350273182,849080.0898475897,246.58942335154546,566.0533932317264,1218964.2248749079,0,0
2026-01-04 12:25:49.790495,636756.9204352605,662457.767664697,424.504613623507,441.63851177646467,1299214.6880999575,0,0
2026-01-04 12:25:50.790495,749419.4444203835,498529.1288276783,499.6129629469224,332.3527525517855,1247948.5732480618,0,0
2026-01-04 12:25:51.790495,903129.4689758735,662197.9122022361,158.58983111284957,116.28217068204171,1565327.3811781097,0,0
2026-01-04 12:25:52.790495,796687.3484196184,425253.90275342943,531.1248989464123,283.5026018356196,1221941.2511730478,0,0
2026-01-04 12:25:53.790495,642321.2563942036,742200.3848337019,428.2141709294691,494.80025655580124,1384521.6412279054,0,0
2026-01-04 12:25:54.790495,414059.6191216209,292158.64338715293,276.0397460810806,194.77242892476863,706218.2625087738,0,0
2026-01-04 12:25:55.790495,554260.4771071065,478716.52235441346,369.50698473807097,319.1443482362756,1032976.9994615199,0,0
2026-01-04 12:25:56.790495,448081.19607422437,468442.16861192003,298.7207973828163,312.29477907461336,916523.3646861444,0,0
2026-01-04 12:25:57.790495,388878.81339384883,190775.20061922888,259.2525422625659,127.18346707948592,579654.0140130777,0,0
2026-01-04 12:25:58.790495,422784.2546109998,343502.34047546884,281.85616974066653,229.00156031697924,766286.5950864686,0,0
2026-01-04 12:25:59.790495,441109.6087746713,482649.5812626263,294.0730725164475,321.7663875084175,923759.1900372976,0,0
2026-01-04 12:26:00.790495,343291.02272945445,213013.93239488336,228.86068181963628,142.00928826325557,556304.9551243378,0,0
2026-01-04 12:26:01.790495,208075.91647166057,377584.30485899484,138.71727764777373,251.72286990599656,585660.2213306554,0,0
2026-01-04 12:26:02.790495,282360.8235767824,413399.0058253514,188.24054905118828,275.59933721690095,695759.8294021338,0,0
2026-01-04 12:26:03.790495,276272.4909766484,465674.76674727595,184.18166065109892,310.44984449818395,741947.2577239244,0,0
2026-01-04 12:26:04.790495,301372.27066708216,313272.6270729931,200.9148471113881,208.84841804866207,614644.8977400752,0,0
2026-01-04 12:26:05.790495,382918.60558477655,479683.09429058497,255.27907038985103,319.78872952705666,862601.6998753615,0,0
2026-01-04 12:26:06.790495,105464.69452227536,46968.42624010978,70.30979634818357,31.312284160073187,152433.12076238514,0,0
2026-01-04 12:26:07.790495,515365.7022391527,434301.30721381394,343.57713482610177,289.5342048092093,949667.0094529666,0,0
2026-01-04 12:26:08.790495,337706.0444055398,382169.74115287326,225.13736293702655,254.77982743524885,719875.785558413,0,0
2026-01-04 12:26:09.790495,0.0,0.0,0.0,0.0,0.0,0,0
2026-01-04 12:26:10.790495,403449.9226516762,230590.2402763382,268.9666151011175,153.72682685089214,634040.1629280144,0,0
2026-01-04 12:26:11.790495,546323.5555022523,454703.80010174366,364.2157036681682,303.1358667344958,1001027.355603996,0,0
2026-01-04 12:26:12.790495,223248.9140365963,387211.9365932291,148.83260935773086,258.14129106215273,610460.8506298254,0,0
2026-01-04 12:26:13.790495,483853.05518348014,309495.60036172194,322.5687034556534,206.33040024114797,793348.6555452021,0,0
2026-01-04 12:26:14.790495,321217.25329277676,717320.9629922652,214.14483552851783,478.21397532817684,1038538.2162850419,0,0
2026-01-04 12:26:15.790495,298982.63174857484,256855.43532574034,199.3217544990499,171.2369568838269,555838.0670743152,0,0
2026-01-04 12:26:16.790495,150448.8715809693,105600.3244475335,100.2992477206462,70.40021629835566,256049.1960285028,0,0
2026-01-04 12:26:17.790495,125989.52070519581,219566.80485179863,83.99301380346388,146.3778699011991,345556.3255569944,0,0
2026-01-04 12:26:18.790495,550306.421693653,439038.6804443201,366.87094779576864,292.6924536295467,989345.1021379731,0,0
2026-01-04 12:26:19.790495,266150.3622709773,423630.3256888112,177.4335748473182,282.4202171258741,689780.6879597885,0,0
2026-01-04 12:26:20.790495,200310.17100961332,253209.12694736174,133.54011400640888,168.8060846315745,453519.29795697506,0,0
2026-01-04 12:26:21.790495,330321.091128133,199016.0552428623,220.21406075208867,132.6773701619082,529337.1463709953,0,1
2026-01-04 12:26:22.790495,487367.2623120459,613142.5535260787,324.9115082080306,408.76170235071913,1100509.8158381246,0,0
2026-01-04 12:26:23.790495,381205.286799528,425052.22709485935,254.136857866352,283.3681513965729,806257.5138943873,0,0
2026-01-04 12:26:24.790495,345229.1230066153,447405.8696529287,230.1527486710769,298.27057976861914,792634.9926595441,0,0
2026-01-04 12:26:25.790495,248292.778428591,314171.45745080465,165.528518952394,209.44763830053643,562464.2358793956,0,0
2026-01-04 12:26:26.790495,530585.805286557,243411.50464715064,353.723870191038,162.27433643143377,773997.3099337076,0,0
2026-01-04 12:26:27.790495,508149.47606524656,233232.78231144923,338.76631737683107,155.48852154096616,741382.2583766958,0,0
2026-01-04 12:26:28.790495,188171.85567665752,119931.97285721567,125.44790378443835,79.95464857147712,308103.8285338732,0,0
2026-01-04 12:26:29.790495,495477.1411399386,286663.4892903853,330.3180940932924,191.10899286025685,782140.6304303239,0,0
2026-01-04 12:26:30.790495,572098.4000446283,357122.44320782897,381.3989333630855,238.0816288052193,929220.8432524573,0,0
2026-01-04 12:26:31.790495,274413.18846582127,279936.3741042709,182.94212564388084,186.62424940284725,554349.5625700922,0,0
2026-01-04 12:26:32.790495,149068.00498241957,295400.1294130905,99.37866998827971,196.93341960872698,444468.1343955101,0,0
2026-01-04 12:26:33.790495,326891.2917539897,488050.4095604639,217.92752783599315,325.3669397069759,814941.7013144536,0,0
